:020000040800F2
:100000000040022019730108A9730108855D0108E9
:1000100000000000000000000000000000000000E0
:100020000000000000000000000000002F7B01081D
:100030000000000000000000417C0108715D010823
:10004000A9730108A9730108A9730108A97301081C
:10005000A9730108C55D0108A9730108A973010806
:10006000A9730108A9730108A9730108A9730108FC
:10007000A9730108A9730108A9730108A9730108EC
:10008000A9730108A9730108A9730108A9730108DC
:10009000A9730108A9730108A9730108A9730108CC
:1000A000A9730108A9730108A9730108D15D0108AA
:0C00B000015E0108315E0108A97301081F
:1000C00010B5064C2378002B07D1054B002B02D02E
:1000D000044800E000BF0123237010BDF809002090
:1000E00000000000507E0208044B10B5002B03D026
:1000F0000349044800E000BF10BDC04600000000F6
:10010000FC090020507E020802780B78002A03D0F8
:10011000013001319A42F7D0D01A70470023C25CF7
:100120000133002AFBD1581E7047000002B471460B
:1001300049084900095C49008E4402BC7047C0462A
:1001400003B47146490840004900095A49008E44E9
:1001500003BC7047002243088B4274D303098B42CF
:100160005FD3030A8B4244D3030B8B4228D3030C87
:100170008B420DD3FF22090212BA030C8B4202D329
:100180001212090265D0030B8B4219D300E0090A51
:10019000C30B8B4201D3CB03C01A5241830B8B425A
:1001A00001D38B03C01A5241430B8B4201D34B0343
:1001B000C01A5241030B8B4201D30B03C01A5241A8
:1001C000C30A8B4201D3CB02C01A5241830A8B422D
:1001D00001D38B02C01A5241430A8B4201D34B0216
:1001E000C01A5241030A8B4201D30B02C01A52417A
:1001F000CDD2C3098B4201D3CB01C01A524183092E
:100200008B4201D38B01C01A524143098B4201D367
:100210004B01C01A524103098B4201D30B01C01A92
:100220005241C3088B4201D3CB00C01A524183080C
:100230008B4201D38B00C01A524143088B4201D339
:100240004B00C01A5241411A00D201465241104699
:100250007047FFE701B5002000F0F0F802BDC0468E
:100260000029F7D076E7704703460B437FD400227E
:1002700043088B4274D303098B425FD3030A8B423A
:1002800044D3030B8B4228D3030C8B420DD3FF22A4
:10029000090212BA030C8B4202D31212090265D072
:1002A000030B8B4219D300E0090AC30B8B4201D325
:1002B000CB03C01A5241830B8B4201D38B03C01A6C
:1002C0005241430B8B4201D34B03C01A5241030BE3
:1002D0008B4201D30B03C01A5241C30A8B4201D394
:1002E000CB02C01A5241830A8B4201D38B02C01A3F
:1002F0005241430A8B4201D34B02C01A5241030AB6
:100300008B4201D30B02C01A5241CDD2C3098B429A
:1003100001D3CB01C01A524183098B4201D38B0117
:10032000C01A524143098B4201D34B01C01A5241BA
:1003300003098B4201D30B01C01A5241C3088B42FF
:1003400001D3CB00C01A524183088B4201D38B00EA
:10035000C01A524143088B4201D34B00C01A52418C
:10036000411A00D201465241104670475DE0CA0F63
:1003700000D04942031000D34042534000229C4623
:1003800003098B422DD3030A8B4212D3FC2289012D
:1003900012BA030A8B420CD3890192118B4208D303
:1003A000890192118B4204D389013AD0921100E065
:1003B0008909C3098B4201D3CB01C01A5241830979
:1003C0008B4201D38B01C01A524143098B4201D3A6
:1003D0004B01C01A524103098B4201D30B01C01AD1
:1003E0005241C3088B4201D3CB00C01A524183084B
:1003F0008B4201D38B00C01A5241D9D243088B42A1
:1004000001D34B00C01A5241411A00D20146634643
:1004100052415B10104601D34042002B00D54942A7
:10042000704763465B1000D3404201B5002000F0E6
:1004300005F802BD0029F8D016E770477047C0469E
:100440008446100062468C461900634600E0C046B0
:100450001FB501F015FD002801D40021C8421FBDC1
:1004600010B501F065FC4042013010BD10B501F03F
:1004700007FD002801DB002010BD012010BDC04693
:1004800010B501F0FDFC002801DD002010BD0120A9
:1004900010BDC04610B501F08DFC002801DC002025
:1004A00010BD012010BDC04610B501F083FC00282E
:1004B00001DA002010BD012010BDC04684460800AE
:1004C0006146FFE71FB500F04BFA002801D4002178
:1004D000C8421FBD10B500F0D7F94042013010BD31
:1004E00010B500F03DFA002801DB002010BD01200E
:1004F00010BDC04610B500F033FA002801DD002021
:1005000010BD012010BDC04610B500F0E3F9002871
:1005100001DC002010BD012010BDC04610B500F068
:10052000D9F9002801DA002010BD012010BDC04615
:10053000994201D1801A04D002D201204042704772
:1005400001207047002B11D1002A0FD1002900D1C2
:10055000002802D00021C943080007B4024802A1C4
:100560004018029003BDC046D5FEFFFF03B46846A5
:1005700001B5029800F0BCF8019B9E4602B00CBC8D
:100580007047C046F0B5CE469946030C9C4613040E
:1005900047461B0C1D000E0061460404240C80B568
:1005A0000700100C4B436543414360432C0CC018BB
:1005B00020188C46834203D980235B029846C444AA
:1005C000494679435643030C2D042D0C8919634485
:1005D00000044019C918C0BCB946B046F0BDC046B9
:1005E0009E2110B5C905041CFFF798FF002803D110
:1005F000201C00F0E7FC10BD9E21201CC90500F066
:1006000041FB00F0DFFC80231B069C466044F2E7C0
:1006100070B500220C4B04000D00FFF745FF0028C9
:1006200004D12000290002F0F1FA70BD064B00222F
:100630002000290001F04AFF02F0E8FA80231B069F
:100640009C466044F1E7C0460000E04170B50500FB
:100650000C000022002328002100FFF707FF0028DC
:1006600008D12800210000F00FF802000B00100054
:10067000190070BD80231B06E118280000F004F863
:10068000002342428B41F2E770B500220B4B0D0074
:10069000040001F059FCFFF7BBFF060002F01CFB51
:1006A0000022074B01F050FC02000B002000290043
:1006B00001F00CFFFFF7ACFF310070BD0000F03D12
:1006C0000000F04170B50600080002F0D5FA0022E3
:1006D000064B01F039FC0D000400300002F0FCFA7A
:1006E0002B00220000F0D6FC70BDC0460000F04197
:1006F000F0B557464E464546DE46E0B504000D00CF
:100700009246994683B08B4230D82DD04946504608
:1007100002F0F4FB29000600200002F0EFFB331A80
:100720009846203B34D49B4653465A469340424613
:100730001F00534693401E00AF423BD8AF4200D14A
:1007400079E05B46A41BBD41002B00DA76E0002275
:1007500000230092019301235A4693400193012301
:1007600042469340009329E08242CFD900220023E1
:10077000009201930C9B002B01D01C605D600098DF
:10078000019903B0F0BCBB46B246A946A046F0BDF5
:1007900042469B4620239B1A5246DA4041461300AC
:1007A0004A468A40170042461F43534693401E0064
:1007B000AF42C3D900220023009201934346002B8D
:1007C000D8D0FB0772081A4346467B080EE0AB42BE
:1007D00001D1A2420CD8A41A9D41012024196D41D7
:1007E0000021013E24184D41002E06D0AB42EED927
:1007F000013E24196D41002EF8D1009801995B4605
:1008000000196941002B24DB2B005A464446D34093
:100810002A00E2401C005B461500002B2ADB260064
:100820009E40330026004746BE403200801A994160
:10083000009001919EE7A342BCD882E74246202364
:1008400000219B1A0022009101920122DA400192BC
:1008500085E7424620239B1A2A0046469A402300F9
:10086000F340444613432A00E2401C005B46150057
:10087000002BD4DA42462F002023260097409B1AF3
:10088000DE403B003343CDE770B5420045024E02E7
:100890004C00C30F6D0A0120120E760A240EC90FF8
:1008A000FF2A06D0FF2C03D0A24201D1B54206D0C8
:1008B00070BD002DFCD1FF2CFAD1002EF8D18B4257
:1008C00006D00120002AF3D12800431E9841EFE70B
:1008D0000020EDE770B5420045024E024C00C30F08
:1008E0006D0A120E760A240EC80FFF2A1BD0FF2CA9
:1008F0000ED0002A1BD1002C01D1002E1CD0002DBF
:100900000CD083421CD00221581E0840013870BD13
:10091000002E22D1002AF4D1002DF2D10028F6D1E8
:1009200001204042F3E7002D17D1FF2CF0D0002C1E
:10093000E7D1002EE5D1E6E70020002DE7D0E2E781
:10094000A24205DCEADBB54202D8E7D30020DEE7AD
:100950004342584140000138D9E702204042D6E7DF
:1009600070B5420045024E024C00C30F6D0A120ED4
:10097000760A240EC80FFF2A0BD0FF2C0DD0002AB8
:100980001FD1002C16D1002E14D10020002D10D024
:1009900009E0002D0CD1FF2C13D1002E08D1002A24
:1009A00008D0834212D00221581E0840013800E0CE
:1009B000022070BD002DF4D10028FAD10120404260
:1009C000F7E7002CEDD1002EEBD1ECE7A24205DCDD
:1009D000F2DBB54202D8EFD30020EAE743425841A8
:1009E00040000138E5E7C04643025B0AF0B54F46D8
:1009F00046469946D646C30F45009846C0B54B4675
:100A00000F1C2D0E00D1CBE0FF2D00D1CFE08022B6
:100A1000DB00D2041A430023914600269A467F3D0C
:100A20007C027B00640A1B0EFF0F002B00D1A9E0A3
:100A3000FF2B11D08022E400D204144342467F3BB6
:100A40005B197A400020D2B25D1C0A2E13DD3A00F9
:100A50000B2E47D047463FE02B00FF33002C1ED122
:100A600002221643424601357A40D2B2FF350A2EA1
:100A700000DDE4E00220022E1CDC013E012E42D803
:100A800002283DD0012866D100200021C00508437E
:100A9000D2071043E0BCBA46B146A846F0BD0322D7
:100AA0001643424601357A40D2B2FF350A2E00DDA8
:100AB000E4E003200121B140A626F60031420AD12C
:100AC0009026B600314216D1B93EFF3E0E421AD0F2
:100AD000A146824600E0170053463A00022B0FD091
:100AE0004C4650460328CDD18021C90321434902F9
:100AF000FF20490ACAE780210022FF20C903C5E779
:100B0000FF200021C2E7200C49462404240C2700C2
:100B10000E0C0904090C74434F4346434843390CF7
:100B2000001909188C4203D980204002844666448B
:100B30003F0408043F0CC0198401671EBC41090C26
:100B4000800E8919044389010C43090171D50123E1
:100B500061081C400C432B007F33002B51DD6107E3
:100B600004D00F212140042900D00434210103D5F1
:100B7000434B1C402B008033FE2BC1DCA101490AF2
:100B8000D8B283E7002C2CD1012342461E432B0010
:100B90007A400120D2B25D1C0A2E00DD57E76AE7D9
:100BA000002B10D10123042600259A4638E7002B9C
:100BB00004D102230826FF259A4631E703230C2699
:100BC000FF259A462CE7484602F07AF94A46431F29
:100BD00076259A4000236D42914600269A462D1AAA
:100BE0001EE7200002F06CF94246431F9C402B1A7E
:100BF000763B7A400020D2B25D1C0A2E00DD26E74B
:100C000039E70121CB1A1B2B00DD3DE79E35210082
:100C1000AC40D940631E9C4121434B0704D00F23B5
:100C20000B40042B00D004314B0104D501200021DE
:100C30002CE71D008FE789010020490A26E70223DF
:100C40000F2E0CD180214B46C9030B420DD00C4214
:100C50000BD1214349023A00FF20490A16E70B2E27
:100C600000D0F7E6A1469A4636E780214B46C903F5
:100C7000194349024246FF20490A07E70323DFE7F9
:100C8000FFFFFFF7F0B5C64643025B0A4500DA00F6
:100C9000C40F48024F009446420A1E00904600B519
:100CA0002D0E3F0EC90F8009FF2F59D00122514050
:100CB0008C4239D0EA1B002A58DD002F68D0FF2D66
:100CC00000D1D1E08023DB0418431B2A00DCE3E0E1
:100CD00001236246D31A5A0100D4ACE09B019E095D
:100CE000300002F0EDF8330005388340854200DC27
:100CF000C6E0B24A2D1A13405A0704D00F221A40F8
:100D0000042A00D004335A0100D497E06A1CFE2D57
:100D100000D184E09B015E0AD2B2D0053043E407E3
:100D2000204380BCB846F0BDEA1B002A41DD002FFD
:100D30006BD0FF2D00D197E08023DB0418431B2AE2
:100D400000DCCCE0012363445A0174D50135FF2D4A
:100D500065D001229A491A405B080B401343CBE748
:100D600000281FD08C4222D02A00FF3A002A35D01A
:100D70007A1B002D00D099E06346002B00D1DDE006
:100D8000531E012A00D105E1FF2A6BD01A0094E01E
:100D9000002873D0511E012A00D1DFE0FF2A63D062
:100DA0000A0092E701225140A14200D082E72A00C6
:100DB000FF3A002A36D07A1B002D00D1AAE0FF2F7F
:100DC00000D1DAE080236146DB0419438C461B2AFC
:100DD00000DCD4E001233D001B18B5E7FE276A1CA8
:100DE000174271D1002D00D09EE06346002B00D148
:100DF000D5E00022002800D18FE71B1A5E0100D445
:100E0000D6E063460C00C31A76E7002836D0511EA0
:100E1000012A00D19AE0FF2A26D00A008FE7FF229C
:100E200000267AE7FE276A1C174262D0FF2AF6D016
:100E30001500604443085A0700D05FE7DB08FF2D28
:100E400012D05B025E0AEAB267E76246002A00D16E
:100E500093E0002808D08022D203134204D04046F9
:100E6000104201D10C004346002BD8D08026F60357
:100E70001E437602FF22760A4FE743461500DEE75F
:100E80002022401B0130121A19009340C1405A1E03
:100E9000934100250B432FE720239B1A0100984024
:100EA0000300D1405A1E93410B4312E7FF2FD9D0C4
:100EB00080236446DB041C43A4461B2A52DD012325
:100EC0000C003D00C31A06E763461E1A730139D4AD
:100ED000002E00D004E70024002200261DE7202376
:100EE0009B1A010098400300D1405A1E93410B43C6
:100EF00029E7002DA9D16346002B56D000220028F7
:100F000000D10AE7030063445A0194D52B4A013506
:100F1000134090E76346002BAFD0531E012A15D033
:100F2000FF2A2AD01A0052E76246002A91D10028EF
:100F300098D180260024FF22F603EEE60C004346FB
:100F400015007CE763460C00C61AC9E6030063443B
:100F500001255A0100D46EE70225FAE66346012511
:100F60001B1AB8E664462023D4409B1A62469A4076
:100F700013005A1E93412343A2E7434674E7614698
:100F80002023D1409B1A62469A4013005A1E934177
:100F90000B4320E763460C000125C31A9BE600289B
:100FA00099D00C0046460022B7E646460022B4E639
:100FB000002B00D03FE700240026AEE6FFFFFFFB3A
:100FC000FFFFFF7D41024200C30F490A0020120EBD
:100FD0007E2A03DD9D2A02DD094A98187047802089
:100FE00000040143952A07DC9620821AD14048422A
:100FF000002BF3D10800F1E7963A9140F7E7C0469D
:10100000FFFFFF7F70B5041E0ED001F059FF9E2335
:1010100001001B1A962B0CDC08282CD008398C40B8
:101020006402640AD8B201E000200024C005204315
:1010300070BD992B0ADD020020001B329040020097
:10104000501E82410520401AC4401443052916DC75
:1010500022000F480240650709D00F252C40042CC0
:1010600005D00432540102D59F2302405B1A92013D
:10107000540AD8B2DAE764029620640AD6E74A1F17
:1010800094402200024802406507F0D0E5E7C046E0
:10109000FFFFFFFBF0B54F464646D6460400C0B5FD
:1010A0001F000B0310004E005B0ACD0F610F7A008A
:1010B0001943E3003C03FF0FBC46640A470F274374
:1010C000760D520DC000B9468046B71A654500D16D
:1010D0009BE0002F00DC84E0002A00D1BEE0C84A7B
:1010E000964200D124E180224C4612041443A146CA
:1010F000382F00DD67E11F2F00DDD6E120224C46AE
:10110000D21B9440A2464446FC402000544604436F
:1011100040469040421E90414A46FA400443891A94
:101120001C1BA342924152428B1A9A4653461B0201
:1011300000D4D4E053465A02530A9A465346002B31
:1011400000D104E1504601F0BBFE0300083B202221
:101150002000D21A5146D040994002009C400A43D8
:10116000B34200DA02E19B1B591C1F2900DDA7E0F6
:101170002023100026005B1A9C409840CE40CA40B5
:10118000631E9C413043924600260443630709D006
:101190000F232340042B05D0231DA342A441644206
:1011A000A2441C0053461B0200D49BE0944B013622
:1011B0009E4200D1B8E053469249E4080B40190022
:1011C0005B07234372054C02240B520D1205ED07F9
:1011D00022432A4318001100E0BCBA46B146A84693
:1011E000F0BD002F48D0971B002E00D00EE10C0060
:1011F0001C4300D1B7E17C1E012F00D126E2804DB7
:10120000AF4200D1D5E1270007E1002F00DCB2E0BA
:10121000002A47D07A4A964200D189E080224C4683
:1012200012041443A146382F6BDC1F2F00DC6EE143
:101230003A004846203AD0408446202F07D040222A
:101240004846D21B9040020040461043804640462C
:10125000421E904162460400144357E04A4602434E
:1012600000D103E17A1E012F00D193E1644CA74223
:1012700000D18AE117003BE7634C721C224200D088
:10128000E0E00A001A43002E00D074E1002A00D1E9
:10129000D0E14A46024300D0E3E14A07DB081343AA
:1012A000C90829E04A46024300D17DE17A1E012F98
:1012B00000D1E0E0524CA74200D166E11700B2E74E
:1012C00010001F3BD840202903D040235B1A9A40CE
:1012D0001443631E9C41002300269A46044363077F
:1012E00000D055E75246E3085207134352463700F1
:1012F000D108434A97421FD009037A050C0B520DBF
:1013000064E742464C461443621E9441E4189C42F2
:101310009241524292468A4453461B02DFD5384BD3
:1013200001369E4200D0B3E03200002400234DE796
:101330004A07DB081343C9081A000A4300D100E238
:10134000802424030C4324032D4A240B3EE7200071
:1013500001F0B6FD030018331F2B00DCF7E6220076
:10136000083882400024B34200DBFCE6F61A254B25
:101370001A4092460AE7002F2BD0971B002E00D16F
:10138000B8E01F4CA24200D11CE180242404214378
:10139000382F00DD1EE11F2F00DD9EE120260C000E
:1013A000F61B1800B340B440F8405E1EB341F9404C
:1013B00004431C438944444444459B415B424B44A1
:1013C0009A461600A8E742464C461443621E9441D2
:1013D000A6E60D4C721C224200D0A8E00A001A4377
:1013E000002E00D00AE1002A00D15EE14A46024305
:1013F00000D061E14A07DB081343C9087CE7C04617
:10140000FF070000FFFF7FFFFE070000CF4CA24256
:1014100000D1CEE0802424042143382F5BDC1F2F31
:1014200000DDDCE020250C00ED1B1E00AB40AC40D5
:10143000FE405D1EAB413443F9401C434B465B1AF2
:1014400099464CE04A461C1A881AA34292415242DD
:10145000924602005046121A9246120278D453461F
:10146000234300D06AE60021002545E74A07DB0850
:101470001343C9083DE71C189C429B4149448A46D6
:101480005B429A44534601261B0200D427E70226FA
:101490005246AF4B01211A401300214062080A4313
:1014A000DC075B089A46144370E63A004C46203A43
:1014B000D440A446202F07D040224846D21B90405B
:1014C00002004046104380464046421E904162461C
:1014D0000400144324E619430C00631E9C41434658
:1014E0001C1BA0459B4149465B42CB1A9A46654668
:1014F00016001BE60C001C4300D1C7E07C1E012F28
:1015000000D1F9E0914EB7425CD0270040E720229D
:101510004C464046D21B9440F8400443404690401D
:10152000421E90414A46FA4004438918EEE6874C31
:10153000A24200D1F9E6181898429B4149445B4207
:10154000CB18DC0740085B089A4616000443C6E641
:101550004246D41AA04580414B464042591A0B1AC4
:101560009A466546EAE54B464A46C0085B0765462B
:101570000343D108BDE6002A00D08EE04B4603436A
:1015800017D1802100250903DAE64A07DB08134357
:10159000C908D1E61C1A4A46A3429B41891A5B42FC
:1015A000CB1A9A460126C1E54A07DB081343C9084E
:1015B0009FE64346D8084B464A465B0765460343C9
:1015C000D108B9E64346D8084B464A465B07034371
:1015D000D108B1E619430C00631E9C41EBE63C00C8
:1015E0000D00203CE540202F03D04024E41BA14007
:1015F0000B431C00631E9C412C4370E7002AE1D082
:101600004A460243C1D04A07DB0813438022C90877
:101610001203114208D04846C408144204D143467C
:101620002100DB08420713435A0FDB005207DB0897
:10163000134381E64B46034300D114E74B464A4629
:10164000C0085B0765460343D10855E6C41AA045A8
:1016500080414B464042591A0B1A9A46654601266C
:1016600064E51C1A4A46A34280418A1A4042121A73
:101670009246120249D54246D41AA04580414B46B3
:101680004042591A0B1A9A4665467FE54B464A4630
:10169000C0085B070343D1082BE64A46DB08024338
:1016A00038D14A071343C90846E64B464A46C008A4
:1016B0005B070343D1081FE61C189C429B41494429
:1016C0008A465B429A4453461B0200D407E65246C0
:1016D0001F4B01261A40924601E63C000E00203CBA
:1016E000E640202F03D04024E41BA1400B431C0004
:1016F000631E9C4134435EE6434483428041494437
:101700008A4640421C008244BCE65346234300D133
:10171000A9E6E4E54A0713438022C90812031142EF
:1017200009D04846C408144205D143466546210005
:10173000DB08420713435A0FDB00DB085207134351
:10174000FAE50023014A1C0040E5C046FF070000FF
:10175000FFFF7FFFF0B557464E464546DE46E0B5F3
:101760000C031F004B0081469246050085B0240BF8
:101770005B0DCE0F002B00D152E1D24A934200D133
:101780006EE1420FE400144380221204224390468B
:10179000CD4AC50093469B440023994600933C03E1
:1017A0007B005046240B5B0DFF0F002B00D11AE18C
:1017B000C44A934200D15EE1420FE40022438024F8
:1017C00024041443C04AC10094465A466344D31AC1
:1017D0009B46002033007B409A464B460F2B27D870
:1017E000BA4A9B00D3589F46B246009B022B16D0A4
:1017F000032B00D187E2012B00D0D5E0002300228B
:1018000000251B0513435246D20713432800190035
:1018100005B0F0BCBB46B246A946A046F0BD0022CA
:101820000025A84BEDE7BA46A0460D000090DCE786
:10183000444500D2C4E100D1BFE101235B429C4694
:101840002E0040460025E34423020C0E1C431B0CD3
:10185000994623040A021F0C494600920197FEF79D
:10186000FFFC02007A430B04310C804619438A4284
:1018700007D901235B429C460919E0448C4200D8F9
:1018800001E2881A4946FEF7EBFC019A360442430E
:101890000904360C03000E43B24204D93619013B49
:1018A000B44200D8E9E1B01A4246009E12041A433D
:1018B000330C1F00110C9046029313043204160CD3
:1018C00032001B0C5A4303967B434E437943170C5B
:1018D000BC469B1963449E4203D980267602B446D7
:1018E00061441E0C711816041B04360C9E198842A4
:1018F00002D312D1B54210D243465A1E009B9C46D9
:1019000065441F009D429B415B421B19C0188442E5
:1019100000D29EE100D199E19046AE1BB542AD41A7
:10192000401A6D42401B844200D1D2E14946FEF785
:1019300097FC019A0B044243310C050019438A427B
:1019400000D96CE1881A4946FEF78AFC019A3604F0
:1019500042430904360C03000E43B24200D953E15E
:101960000398B61A02002D041D43029F2B041B0C82
:101970005A437B439C46290C4843130C84446344DC
:101980007943984203D98020400284466144180C70
:1019900012041B04120C40189B18864200D200E16E
:1019A00000D1FBE001231D43494B5B44002B00DCCD
:1019B000AAE06A0700D03DE1E9084246D20106D517
:1019C0004246444B1A4080239046DB005B44424A27
:1019D000934200DD23E742465B05550752020D4363
:1019E000120B5B0D0DE75146214300D17CE0002C2A
:1019F00000D1FBE0200001F063FA02000B3A1D2346
:101A00009B1A52460100DA40534608398B408C40FD
:101A100019001443314B58449B4683440020D9E6B7
:101A200003002343984644D0002C00D1CFE020008F
:101A300001F046FA010002000B391D235B1A4946EA
:101A40001000D940083884400B004D462343984687
:101A50008540234B9B1A9B460023994600939EE6A4
:101A60000200224390461DD108229B4602230025F6
:101A70009146009393E65146214309D102234A46F9
:101A80001A43184B91469C4600240220E344A1E6E9
:101A900003234A461A43134B91469C465146032062
:101AA000E34497E60C229B460323A046914600930D
:101AB00075E60423994600239B46013300250093D5
:101AC0006DE6C046FF07000001FCFFFF88AE02087C
:101AD000FF030000FFFFFFFEFE070000F30300000E
:101AE0000DFCFFFF01F8FFFF4A4601231A43914610
:101AF000002401206EE6002380229A460025884BB0
:101B000012037EE601256D420122D21A382A00DD39
:101B100074E61F2A00DCBDE01F214942CB1A414672
:101B2000D9400B00202A04D041467E4A5A449140B5
:101B30000D4329004A1E9141194307231D0000222D
:101B40000D400B4200D1D0E00F2200230A40042AAE
:101B500000D1C7E00A1D8A42894149425B18110041
:101B60001A0200D4BEE001230022002549E68022AB
:101B700043461203134208D0144206D122431203F3
:101B8000BA460D00664B120B3BE680224346120319
:101B90001A431203B246624B120B32E6002B00D1FD
:101BA00002E7A6196A1EA64200D289E0864200D248
:101BB0009FE000D1AFE01500F4E6A94200D93CE671
:101BC0004346DE0758086B081E43ED073CE601F06C
:101BD00077F901000200153120321C2900DC2CE7C6
:101BE0004B46083883400025984632E701F068F9F3
:101BF00003001A00153220301C2A00DCFFE6544690
:101C0000083B00219C4005E73619013BB44200D94E
:101C1000A6E6B24200D8A3E6831E3619A0E609194B
:101C2000013D8C4200D98DE68A4200D88AE6851EA5
:101C3000091987E60F222A40042A00D1BCE6291D93
:101C4000A942AD416D42C908A844B6E6AF4200D9E9
:101C500062E6814204D800D05EE6AE4200D85BE680
:101C600002235B429C46009BE0449C4665449D42A7
:101C70009B415B421B19C0184FE6B24200D812E6E6
:101C8000831E36190FE68A4200D8FAE5831E98466D
:101C90000919F6E5244B28005B4441469D409940D4
:101CA000D0406B1E9D41434601432943D3404A0720
:101CB00000D155E70F220A40042A00D04AE74FE737
:101CC0001500864200D06DE6009A9A4200D069E67F
:101CD0006AE6164B5B44002B00DC13E7012500216C
:101CE000A8446AE65D075B021A0BC90800230D438E
:101CF00087E50099023D4A008A42BF417F423F1971
:101D0000F6190092DDE78022434612031A431203BC
:101D1000034B120B75E500999942EAD31500D3E7FE
:101D2000FF0700003E0400001E040000FF03000047
:101D3000F0B54E464546DE4657469046E0B517009C
:101D40001A03120B0500844619480E034C009146F5
:101D50005A00DB0F9B46360B640DC90F520D8442AF
:101D600019D0824210D0012094420ED14E450CD1A0
:101D70000120C44509D1594517D0002C05D13000A8
:101D80002843431E984100E00120F0BCBB46B24608
:101D9000A946A046F0BD330001202B43F5D1A24255
:101DA000F3D14B463B43F0D1E2E70020EDE7C046DC
:101DB000FF070000F0B54746CE46040018001600A5
:101DC0001B031B0B2D4D4A00994680B543000F03A2
:101DD000A446B0463F0B520DC90F5B0DC00FAA427F
:101DE00021D0AB4213D0002A22D13C43002B02D198
:101DF0004D462E4322D0002C10D0814222D002200A
:101E0000013908400138C0BCB946B046F0BD4D4666
:101E10002E4329D1002AF0D13C43EED10028F2D143
:101E200001204042EFE73D0025431DD19342EED013
:101E3000002BE2D14C462643DFD1E0E70020002C06
:101E4000E1D0DCE79A420ADCE8DB4F45D7D80ED078
:101E500000204F45D7D20029E2D00800D3E7434203
:101E6000584140000138CEE702204042CBE7C4454C
:101E7000C5D80020C445C6D2EDE7C046FF07000024
:101E8000F0B54746CE460400180016001B031B0B96
:101E90002C4D4A00994680B543000F03A446B04636
:101EA0003F0B520DC90F5B0DC00FAA420DD0AB42C4
:101EB00010D0002A27D13C43002B11D14D462E4390
:101EC0000ED10020002C15D00EE03D00254310D18E
:101ED000934218D14D462E430BD1002A02D13C43E8
:101EE000002C0BD0814214D0022001390840013867
:101EF00000E00220C0BCB946B046F0BD0028F9D1D0
:101F000001204042F6E7002BECD14C462643E9D1B4
:101F1000EAE79A4204DD4342584140000138E9E7CC
:101F20009A42EBDB4F45DFD806D000204F45E1D287
:101F30000029E5D00800DDE7C445D5D80020C44518
:101F4000D8D2F5E7FF070000F0B54546DE46574614
:101F50004E46E0B51F000B031B0B9B464D00CB0FFD
:101F600004009146984687B06D0D00D1CDE1CE4B6F
:101F70009D4200D1E9E15A46430FD200134380222B
:101F800012041A43C3009A46C84B93469C4600234A
:101F90000026654400933C037B004846240B5B0D00
:101FA000FF0F002B00D189E1BF4A934219D0420FA5
:101FB000E4002243802424041443BC4A00219446B4
:101FC000424663445B190193019B7A400133C00090
:101FD000D2B202930A2E1CDD3A000B2E5ED0474689
:101FE00056E04946B04B2143EB18019300292AD112
:101FF0008020022200012B0084461643424663449F
:102000007A40D2B202930A2E00DD31E20020002491
:102010000221022E26DC013E012E52D802294CD08C
:10202000012900D018E10023002400251B052343CB
:10203000D20713432800190007B0F0BCBB46B246D4
:10204000A946A046F0BD8021032209012B008C4641
:102050001643424663447A40D2B202930A2E00DD10
:1020600028E203210125B540AC46A6266346F600CA
:10207000354033420BD19026B600334218D1B93ED9
:10208000FF3E1E421DD0A3468246009100E017008D
:1020900000993A00022910D05C4650460329BFD16E
:1020A00080231B031C43240305007F4B240BBDE747
:1020B000802400227C4B2403B8E7002400257A4BBF
:1020C000B4E753461E04360C1F0C3300010C000409
:1020D000000C4343984603007B43994633004B432F
:1020E0009C4643460D001B0C9A467D43CC44D44489
:1020F0000095E14504D980235B0299464D44009543
:1021000063461B0C1D0063461B049C4643461B0490
:102110001B0C9846634643440393230C98463300B4
:102120002404240C63439C4623007B439946434686
:102130005E435F434E446346B2461E0C5644B1456F
:1021400003D980235B0299464F44330C99463B00E8
:102150004B4405936346AC461F043F0C3604F61906
:10216000B444634604935B461B0C9C465B461F04C9
:102170003F0C3B0043439946634643439A464B46D4
:1021800060461B0C9B4648437943514459448A4559
:1021900003D980235B029A4650440B0C9A464B4667
:1021A0001B041B0C99463B00634309044546494404
:1021B000994663465C436B439C464B461B0C9846D2
:1021C0006F433F1947445044BC4203D980235B020C
:1021D0009846C444049B009D98464544B542B64188
:1021E000734298464B461E04059B3C049946360CA8
:1021F000A4194C44A14683466E18C1448E428941BD
:10220000CB445D4649426D189C42A441C1459B4167
:10221000834580418D4289415B4264421C43404278
:10222000039B4942014370023F0C1843E419471EC7
:10223000B84164186444F60D61023043EC0D6E023F
:102240000C433043C90100D4F1E0012143080140AF
:102250000B43E007184364081549029B8C4663440E
:10226000002B00DC97E0410709D00F210140042931
:1022700005D0011D81428041404224180800E1013F
:1022800006D58021C9008C460A4B1C40029B634442
:1022900009498B4200DD10E76107C50864025B0550
:1022A0000D43240B5B0DC1E6FF07000001FCFFFF9F
:1022B000FF030000FFFFFFFEFE0700004B46234325
:1022C00059D0002C00D1A3E0200000F0F9FD01005E
:1022D00003000B391D22521A49461800D1404A46C4
:1022E00008388240844010000C43744AEB1A94462C
:1022F000424663440193019B7A4001330021D2B2EC
:1023000002930A2E00DD67E683E65B4603439A46A6
:102310002AD05B46002B6DD0584600F0D1FD01005D
:1023200003000B391D22521A210018005D46D140CE
:10233000083885400A0084402A439346A2465F4DF0
:102340000026ED1A0023009325E65B4603439A46D8
:1023500005D100239B460233082600931BE6032386
:1023600082460C26009316E600239B460133042682
:10237000002500930FE64246013301951E43019B61
:102380007A400133002400200121D2B202930A2EA8
:1023900000DD21E63DE60121C91A382900DD42E6CB
:1023A0001F2947DD1F2625007642F31ADD402B004A
:1023B000202905D04249029D8C466544AC4020430B
:1023C000411E8841184307231D0000240540034295
:1023D0004AD00F2300240340042B42D0031D834224
:1023E000804140422418180023023AD501230024DA
:1023F00000251BE600F064FD0100030015312033C9
:102400001C298FDD0838002284409246A34696E7B7
:1024100000F056FD01000300153120331C2900DCBB
:1024200058E702004C46083A002094405DE7019BC3
:10243000029311E7234B26009C460300029DCB40EC
:102440006544AE401E430300AB40581E834130003C
:102450001843CC404307C7D00F230340042BBDD102
:10246000C2E765076402240BC00800230543DDE5CD
:10247000002502230F2E0CD180245B462403234227
:102480000ED021420CD10C4324033A000E4B240BF6
:10249000CCE50B2E00D0A2E58B46AA460093F7E5CB
:1024A00080245B4624031C43240342465546064BC6
:1024B000240BBBE54D4621000323DBE70DFCFFFFAA
:1024C0003E0400001E040000FF070000F0B5574660
:1024D0004E464546DE46E0B50D00040019001000EA
:1024E0002B035B0A620F1A43E3000C03640A470FD5
:1024F0002743D04C6E00914683B04A00C0009846F6
:10250000A246760DED0F520DC90F0190A24200D1E7
:10251000B9E0012461408B468D4200D18DE0B41AB0
:10252000A446002C00DCB7E0002A00D1CBE0C14A71
:10253000964200D186E18022120417436246382A6F
:1025400000DDA4E11F2A00DD1DE2614620223C00DF
:10255000521A010090409440421E90416246A046AB
:102560006446D7404A46E1404446D21B91460C435C
:1025700004431C1BA34292414B4652429B1A9A466B
:1025800053461B0200D42BE153465A02530A9A4683
:102590005346002B00D166E1504600F091FC030049
:1025A000083B20222000D21A5146D0409940020018
:1025B0009C400A439E4200DD64E19B1B591C1F297D
:1025C00000DDFEE02023100026005B1A9C409840AE
:1025D000CE40CA40631E9C413043924600260443CD
:1025E000630709D00F232340042B05D0231DA342EA
:1025F000A4416442A2441C0053461B0200D4F2E0F2
:102600008C4B01369E4200D10FE153468A49E408C3
:102610000B4019005B07234372054C02240B520D3B
:1026200012052243ED072A431800110003B0F0BC45
:10263000BB46B246A946A046F0BDB41AA446002C3B
:1026400059DD002A00D1B0E0564500D1FAE08022E1
:10265000120417436246382A00DDD4E01F2A00DC4A
:10266000C0E13900203AD1406246202A06D06446B3
:102670004022121B3C00944004430194019C621EC2
:1026800094410C43C3E03C0004432BD08B468D4265
:102690002ED06A4CA446B4446446002C5FD0941BF0
:1026A000A446002E00D020E14C461C4300D1C7E1D7
:1026B00061464C1E012900D123E25E4DAC4500D19C
:1026C000D8E1A4461AE13A00024300D1E4E0220036
:1026D000013A012C00D1C3E156498C4200D1B1E04E
:1026E00094462BE7012461408B468D4200D016E7CB
:1026F00052498C46B4446446002C00D1D3E0911B6F
:102700008C46002E00D15EE14A498A4200D1BEE1EA
:1027100080214C4609040C43A1466146382900DD5E
:10272000BAE11F2900DD27E22024641A4946A140AE
:102730001E0088466146A340CE4041465C1EA34130
:10274000314319430C0063464946D9407F18241889
:1027500084429B415B429A461600BA445DE0384C85
:10276000721C224200D0DFE04A461A43002E00D0FD
:102770005CE1002A00D1CFE13A00024300D17FE1C1
:102780001C1A4A46A3428941D21B4942521A924618
:10279000120200D40AE2C41AA04280414B464042D1
:1027A000FF1A3B1A9A465D461AE73A00024373D075
:1027B0002200013A012C00D1CBE0544542D094468E
:1027C00048E710001F3BD840202903D040235B1A64
:1027D0009A401443631E9C41002300269A460443FA
:1027E000630700D0FEE65246E30852071343524601
:1027F000B446D2080F498C452AD01203140B624606
:102800005205520D0CE73C000443621E9441E4184B
:102810009C42924152424A44924653461B02DFD5A3
:10282000044B01369E4200D0A0E032000024002379
:10283000F6E6C046FF070000FFFF7FFF01F8FFFF3D
:10284000FE070000DB084A46520713434A46D208F7
:102850001900114300D1B5E180242403144324035B
:10286000D54A240BDCE6200000F02AFB03001833D5
:102870001F2B00DC95E622000838824000249E428F
:1028800000DC9AE6F61ACD4B1A409246A8E63C00C8
:102890000443621E94416CE64A46DB085207134328
:1028A0004A46D208A6E7C64C721C224200D0ACE0D1
:1028B0004A461A43002E00D005E1002A00D156E115
:1028C0003A00024300D1DBE01C189C429B414F447C
:1028D000BA465B429A4453461B0200D480E75246F4
:1028E000B64B01261A4092467AE7B34CA24200D179
:1028F000C0E080244D4624042543A9466446382C74
:1029000053DC61461F2C00DDCDE020251E002D1B71
:102910004C46AB40AC40CE405D1EAB4134432343FC
:102920004C46CC403F1B45E04A461C1AD11BA342F3
:102930009241524292460A005146521A924612025F
:1029400000D583E05346234300D021E60022002532
:1029500053E71C189C429B414F44BA465B429A4441
:10296000534601261B0200D43AE702265246934BF7
:1029700001211A401300214062080A43DC075B086A
:102980009A4614432CE63900203AD1406246202A68
:1029900006D064464022121B3C009440044301943C
:1029A000019C621E94410C43E3E5494619430B0028
:1029B0005C1EA341C41AA0429B415B42FB1A9A468B
:1029C0005D461600DCE54946194300D1AEE061469C
:1029D00064460139012C00D1E0E0774CA44556D083
:1029E0008C469AE6614620223C00521A944001002F
:1029F0009040A0466446421E90416246E1404446F3
:102A0000D7400C430443B94401E76B498A4200D1E3
:102A10000CE7181898429B414F445B42FB18DC07B7
:102A200040085B089A4616000443D9E6002A00D005
:102A300081E03B0003431DD18022002512030BE7F8
:102A4000C0087B075D460343FA08D3E6C41AA042D8
:102A500080414B464042FF1A3B1A9A465D4697E535
:102A60001C1A4A46A3429B41D71B5B42FB1A9A465B
:102A7000012685E5C0087B075D460343FA08E7E6C3
:102A80004A46DB08520713434A46D208B5E6C00857
:102A90007B070343FA08DBE6494619430B00591E3E
:102AA0008B411C0053E64D46203CE540202905D0D3
:102AB0004024641A4946A1400B43984643465C1E95
:102AC000A3412B4376E7002AE1D03A00DB0802431A
:102AD00000D1B8E64A465207802413434A462403ED
:102AE000D208224207D0FE08264204D15D463200B9
:102AF000C3087F073B43590FDB004907DB080B4343
:102B0000A6E6C41AA04280414B464042FF1A3B1A37
:102B10009A465D46012633E53B00034300D115E7A5
:102B2000C0087B075D460343FA0866E6C0087B07DA
:102B30000343FA085EE63A00DB08024300D182E66E
:102B40004A465207802413434A462403D2082242AD
:102B500007D0FE08264204D15D463200C3087F0735
:102B60003B43590FDB00DB0849070B4370E6C00805
:102B70007B070343FA0840E64C462039CC406146C7
:102B8000202906D066464021891B4E468E4033439D
:102B900098464346591E8B411C43D8E51C18844275
:102BA00080414F44BA4640428244D9E653462343CB
:102BB00000D1CBE614E6C046FF070000FFFF7FFF11
:102BC000FE0700000023014A1C0029E5FF07000062
:102BD00070B505000C481C0316005B000A03490091
:102BE000120B490D240B5B0D814208D0064A0020D0
:102BF000934203D120003043431E984170BD012011
:102C00002A43FBD1F2E7C046FF0700000A0030B5B7
:102C1000134C530009030500090B00205B0DD20F74
:102C2000A34204DD0F48834202DD0F4BD01830BDB4
:102C30008020400301430D48C01A1F2808DD0C48BE
:102C4000C31AD9400B005842002AF0D11800EEE711
:102C5000084CC540A446634499400B002B43F2E75F
:102C6000FE0300001D040000FFFFFF7F330400008F
:102C700013040000EDFBFFFF70B5002816D0C3174A
:102C8000C5185D40C40F280000F01AF9114B1B1A3B
:102C90000A2816DC02002E00153296400B22121A6A
:102CA000D5405B052D032D0B5B0D03E000240023B5
:102CB000002500261B052B43E407234330001900A1
:102CC00070BD0B3885405B052D0300262D0B5B0D79
:102CD000F0E7C0461E04000010B5041E10D000F03E
:102CE000EFF80F4B1B1A0A2811DC0B222100121AD5
:102CF000D14015300A035B058440120B5B0D01E0E7
:102D0000002300221B0513432000190010BD2200E0
:102D10000B3882405B0512030024120B5B0DF1E7B8
:102D20001E04000070B542024300C40FFE201B0EBB
:102D3000591C550A08420CD0E02189008C466D07C9
:102D4000120B63441B051343E407234328001900B7
:102D500070BD002B14D1002D1BD0280000F0B0F85E
:102D60000A281CDC0B232A001B1ADA400300153347
:102D70009D400E4B12031B1A5B05120B5B0DE1E726
:102D8000002D09D0130B802212031A436D07084B44
:102D9000D8E700230022D5E70022054BD2E7030045
:102DA0002A000B3B9A400025E3E7C0468903000058
:102DB000FF0700000200F0B54B000D03400F5B0D54
:102DC000CC0F6D0A3A490543581CD70008420AD077
:102DD00038495918FE2916DDFF200022C00510438E
:102DE000E4072043F0BD002B06D13D4326D0052249
:102DF0009201520AD8B2F1E72F43EDD08022D203DC
:102E0000FF202A43EAE700291BDD9201501E824180
:102E1000ED007F0F2A433A43530747D00F23134057
:102E2000042B00D004328023DB0413403ED0481C26
:102E3000FE29D1D09201520AC0B2CFE70020002271
:102E4000CCE70A0017322FDB802636042E431E25DE
:102E50006D1A1F2D11DD02225242521A3100D1404B
:102E6000202D04D0144A944663449E4037433A00D0
:102E7000531E9A410A430021CEE7104A3800944677
:102E8000634498403A00411E88419E40EA403043E6
:102E9000024300215307C1D180211300C90401203E
:102EA0000B400A42C6D1A3E70023A0E70B009FE72F
:102EB000FE07000080FCFFFFA2FCFFFF82FCFFFF7B
:102EC0001C2101231B04984201D3000C10391B0A5A
:102ED000984201D3000A08391B09984201D300091E
:102EE000043902A2105C40187047C0460403020275
:102EF00001010101000000000000000010B50029E0
:102F000003D1FFF7DDFF203002E00800FFF7D8FF14
:102F100010BDC04680B500AFBFF34F8FC046044B15
:102F2000044ADA60BFF34F8FC046C046FDE7C04693
:102F300000ED00E00400FA0580B582B000AF0200A9
:102F4000FB1D1A70FB1D1B78112B1FD0FB1D1B785E
:102F5000052B1BD0FB1D1B78192B17D0FB1D1B78D5
:102F60000F2B13D0FB1D1B781B2B0FD0FB1D1B78C9
:102F7000182B0BD0FB1D1B780E2B07D0FB1D1B78CD
:102F8000132B03D0FB1D1B78062B01D1462300E039
:102F900047231800BD4602B080BD000080B582B056
:102FA00000AF0200FB1D1A70FB1D1B785A1E05495D
:102FB0001300DB009B1A5B005B5ADBB21800BD46B6
:102FC00002B080BD00000020F0B587B000AFB9604E
:102FD00011007B600F257B19021C1A700C26BB198F
:102FE0000A1C1A801523FC1828220823D318DB1981
:102FF0001B781800FFF7D2FF0300237017243B193A
:1030000001221A707B191B78180014F05DF8031E5A
:103010004CD07B191A782A4B9200D3587A68110049
:10302000180014F017FA031E40D11523FB181B7863
:103030001800FFF781FF0300472B0ED17B191B7887
:10304000180014F041F83C19BB191A88BB68190024
:103050001BF0E8FD0300237028E01623FB18002274
:103060001A701AE00F23FB181B78180014F02CF8C4
:103070001723FC18BB68012219001BF0D3FD0300C5
:103080002370BB680133BB60022017F091FC16214E
:103090007B181A787B1801321A701623FB181B78DC
:1030A0009BB20C22BA1812889A42DBD80A2017F079
:1030B0007FFC1723FB181B781800BD4607B0F0BD36
:1030C0006C1E002080B500AF00F010F800F042F850
:1030D00000F0ACF800F03AF900F046FA00F074FBAA
:1030E00000F0E8FCC046BD4680BD000080B582B05F
:1030F00000AFFB1D00221A70BB1D01221A7019E0DF
:10310000BB1D1B789BB2013398B2BB1D1B78013BE2
:103110005A000E4BD318190010F086F9BB1D1B780E
:10312000192B02D9FB1D0A221A70BB1D1A78BB1D70
:1031300001321A70064B1B78BA1D12789A42DFD9F9
:10314000FB1D1B781800BD4602B080BD403000203A
:10315000A000002090B583B000AFFB1C00221A70C5
:10316000BB1D00221A803B0000221A807B1D00221A
:103170001A704BE03B1D01221A7033E0BB1D1B8807
:103180001C339BB23A001100180010F04DF93B00BF
:1031900018887B1D1A783B1D1978C4B2214813008A
:1031A0009B009B185B00C318221C5A543B001B88D1
:1031B0001B0A98B27B1D1A783B1D1B78591EC4B29E
:1031C000184813009B009B185B00C318221C5A541C
:1031D000BB1D1A88BB1D01321A803B1D3A1D127897
:1031E00002321A703B1D1B78092BC7D97B1D1A7838
:1031F0000C4913009B009B185B00CB18093300227D
:103200001A707B1D1A787B1D01321A70064B1B78D1
:103210007A1D12789A42ADD9FB1C1B781800BD4666
:1032200003B090BD44120020A000002090B583B0F0
:1032300000AFFB1C00221A70BB1D00221A803B004D
:1032400000221A807B1D00221A707B1D00221A703A
:1032500015E0BB1D1B88CB3398B27B1D1B785A0031
:10326000374BD318190010F0DFF8BB1D1A88BB1DAF
:1032700001321A807B1D1A787B1D01321A70314B86
:103280001B787A1D12789A42E3D37B1D00221A70B4
:103290004BE03B1D01221A7033E0BB1D1B889933A4
:1032A0009BB23A001100180010F0BEF83B001888DD
:1032B0007B1D1A783B1D1978C4B2234813009B006C
:1032C0009B185B00C318221C5A543B001B881B0A26
:1032D00098B27B1D1A783B1D1B78591EC4B21A4840
:1032E00013009B009B185B00C318221C5A54BB1D83
:1032F0001A88BB1D01321A803B1D3A1D127802321A
:103300001A703B1D1B78092BC7D97B1D1A780E49F3
:1033100013009B009B185B00CB18093300221A7026
:103320007B1D1A787B1D01321A707B1D1B78092BBF
:10333000AFD9FB1C1B781800BD4603B090BDC0463A
:1033400068120020A0000020D8110020F0B589B03C
:1033500002AF0B23FB1800221A703B1D00221A80BB
:10336000BB1C00221A8008217B1800221A80BB1D7A
:1033700000221A801726BB1900221A7000233B6115
:103380000023FB600D007C183B1D1900E42010F0A9
:103390004BF8030023807B191B88002B03D13B1DB6
:1033A0001A88BB191A7008257C193B1D1900E520E5
:1033B00010F03AF803002380BC1DBB1C1900E62066
:1033C00010F032F8030023807B191B88002B0AD1F0
:1033D000BB1D1B88002B06D13B1D1B881B04BA1C80
:1033E00012889B183B6108257C193B1D1900E720BA
:1033F00010F01AF803002380BC1DBB1C1900E82044
:1034000010F012F8030023807B191B88002B0AD1CF
:10341000BB1D1B88002B06D13B1D1B881B04BA1C3F
:1034200012889B18FB6008257C193B1D1900E920B8
:103430000FF0FAFF030023807B191B88002B0BD1B0
:103440003B1D1B881B0A9BB2DAB2414B1A703B1D15
:103450001B88DAB23F4B1A7008257C193B1D1900F6
:10346000EA200FF0E1FF030023807B191B88002B6B
:103470000BD13B1D1B881B0A9BB2DAB2364B1A706C
:103480003B1D1B88DAB2354B1A7008257C193B1D91
:103490001900EB200FF0C8FF030023807B191B8865
:1034A000002B0BD13B1D1B881B0A9BB2DAB22C4BA5
:1034B0001A703B1D1B88DAB22A4B1A70244B1B78FA
:1034C000002B11D0234B1B78002B0DD0204B1D78E7
:1034D000204B1B78FC6839691722BA1810780093C2
:1034E0002B00220007F0EEFC1B4B1B78002B11D0A9
:1034F0001A4B1B78002B0DD0174B1D78174B1B78E0
:10350000FC6839691722BA18107800932B00220042
:1035100007F0D8FC124B1B78002B11D0114B1B78F5
:10352000002B0DD00E4B1D780E4B1B78FC683969B3
:103530001722BA18107800932B00220007F0C2FC63
:103540000B23FB181B781800BD4607B0F0BDC04622
:10355000B9140020BA140020BB140020BC140020B1
:10356000BD140020BE140020F0B585B000AF0F23BD
:10357000FB1800221A700C26BC1908257A198A2318
:103580005B00110018000FF04FFF03002380BB19F0
:103590001B88002B0CD17B191B88DAB2854B1A7063
:1035A0007B191B881B0A9BB2DAB2824B5A7007E068
:1035B000814B1A787F4B1A707F4B5A787D4B5A702B
:1035C0000C26BC1908257A198E235B0011001800FF
:1035D0000FF02AFF03002380BB191B88002B0ED19C
:1035E0007B191B881BB29BB2DB0BDAB2714B1A71D1
:1035F0007B191B885B089AB26E4BDA8007E06E4B32
:103600001A796C4B1A716C4BDA886A4BDA800C258C
:103610007C190826BA191623FF33110018000FF081
:1036200003FF030023807B191B88002B04D1BB19E7
:103630001A88624B1A8003E0614B1A885F4B1A802C
:103640000C257C190826BA198B235B001100180081
:103650000FF0EAFE030023807B191B88002B04D1A6
:10366000BB191A88554B5A8003E0554B5A88534B67
:103670005A800C26BC1908257A191823FF3311002B
:1036800018000FF0D1FE03002380BB191B88002B0C
:103690000CD17B191B88DAB2484B1A717B191B8835
:1036A0001B0A9BB2DAB2454B5A7107E0444B1A79B8
:1036B000424B1A71424B5A79404B5A710C257C1976
:1036C0000826BA198C235B00110018000FF0ACFE1D
:1036D000030023800A23FC18BA1D1A23FF331100AC
:1036E00018000FF0A1FE030023807B191B88002B1C
:1036F0000ED10A23FB181B88002B09D1BB191B888C
:103700001A00BB1D1B881B041A432C4B9A600CE04B
:103710002C4B1B78002B04D0284BE12252029A60DC
:1037200003E0274B9A68254B9A600C26BC190825A4
:103730007A198D235B00110018000FF075FE03004D
:103740002380BB191B88002B0CD17B191B88DAB294
:103750001A4B1A737B191B881B0A9BB2DAB2174BE0
:103760005A7305E0154B18225A73144B00221A7332
:103770000C257C190826BA191C23FF3311001800E8
:103780000FF052FE030023807B191B88002B05D10C
:10379000BB191B88DAB2094B9A7603E0084B9A7E74
:1037A000064B9A760F23FB181B781800BD4605B010
:1037B000F0BDC04640110020380000204811002014
:1037C0001C000020B8140020F0B5D6464F464646EF
:1037D000C0B588B006AFBB1D00221A703B000022A6
:1037E0001A803B1D00221A80FB1C00221A70FB1D50
:1037F00000221A704CE1FB1D1B783B339BB29B00EF
:103800009BB23C1D3A00110018000FF00DFE0300A2
:1038100023803B1D1B88002B00D034E13B001B881C
:103820001B0A9AB2FB1C1A70FB1C1B781B09DBB22B
:103830001A00FB1D1B7801339A4200D023E1FB1CC8
:103840001B780F22134000D11DE1FB1D1B785A1C71
:10385000FB1C1B780F210B40D8B295491300DB00ED
:103860009B18CB180133021C1A703B001988FB1DF2
:103870001B785A1CC8B28E491300DB009B18CB186A
:103880000833021C1A70FB1D1B783B339BB29B0054
:103890009BB201339BB23A00110018000FF0C4FD37
:1038A0003B001B881B0A99B2FB1D1B785A1CC8B22F
:1038B0007F491300DB009B18CB180233021C1A70DF
:1038C0003B001988FB1D1B785A1CC8B278491300AD
:1038D000DB009B18CB180533021C1A70FB1D1B78EC
:1038E0003B339BB29B009BB202339BB23A00110068
:1038F00018000FF099FD3B001B881B0A99B2FB1DB5
:103900001B785A1CC8B26A491300DB009B18CB18FD
:103910000333021C1A703B001988FB1D1B785A1CCC
:10392000C8B263491300DB009B18CB180633021C96
:103930001A70FB1D1B783B339BB29B009BB2033379
:103940009BB23A00110018000FF06EFD3B001B887F
:103950001B0A99B2FB1D1B785A1CC8B254491300AC
:10396000DB009B18CB180433021C1A703B0019882B
:10397000FB1D1B785A1CC8B24D491300DB009B1875
:10398000CB180733021C1A70FB1D1B785A1C4849C0
:103990001300DB009B18CB1801331A78FB1D1B7832
:1039A0000133DBB21900100010F068FFFB1D1B781B
:1039B0000133DBB29C46FB1D1B785A1C3C491300AB
:1039C000DB009B18CB1808331B7801221340DBB2B5
:1039D0009846FB1D1B785A1C35491300DB009B18C9
:1039E000CB1808331B785B10DBB201221340DBB22B
:1039F0009946FB1D1B785A1C2D491300DB009B18B0
:103A0000CB1802331B789A46FB1D1B785A1C284999
:103A10001300DB009B18CB1803331978FB1D1B78B0
:103A20005A1C23481300DB009B18C3180433187872
:103A3000FB1D1B785A1C1E4C1300DB009B18E3185F
:103A400005331C78FB1D1B785A1C194D1300DB0035
:103A50009B18EB1806331D78FB1D1B785A1C144E5F
:103A60001300DB009B18F31807331B780022059224
:103A70000493039502940190009153464A464146AF
:103A8000604611F033F9FB1D1A78FB1D01321A70E4
:103A9000FB1D1B78062B00D8ADE6BB1D1B7818005C
:103AA000BD4602B0E0BCBA46B146A846F0BDC0462D
:103AB000502D002090B585B000AF0F23FB180022D9
:103AC0001A706F4BBB6032201DF0FAFE03003B60A2
:103AD0003B68002B01D1FB23CEE0BB681B78FE2B9B
:103AE00001D0FF23C8E0FB1D00221A70B8E00F23AD
:103AF000FB1800221A7010E0BB685A1CBA6019004B
:103B00000F203B181B783A68D3180A78D2B21A7083
:103B10003B181A783B1801321A700F243B191B7896
:103B2000132BE9D9FB1D1A7813009B009B189B00EF
:103B3000544A98183B680133142219001FF0F3FB14
:103B40003B681422002118001FF0C1FA3B19002223
:103B50001A70BB681433BB600FE0BA680F203B18C3
:103B60001B783968CB1812781A70BB680133BB60B8
:103B70003B183A18127801321A70BB681B78FE2B7A
:103B800008D0BB681B78FF2B04D00F23FB181B78D1
:103B9000312BE2D90F217B181B78013B3A68D318EF
:103BA0001B78002B04D07B187A18127801321A7017
:103BB0000F23FB181A78FB1D1C7810001DF080FEE7
:103BC000030019002F4A23009B001B199B00D318E8
:103BD0000C331960FB1D1A782A4913009B009B18AF
:103BE0009B00CB180C331B68002B12D1FB1D1A78DD
:103BF00013009B009B189B00224A9B181422002153
:103C000018001FF064FA3B6818001DF063FE0E23D5
:103C100032E0FB1D1A781B4913009B009B189B0088
:103C2000CB180C3318680F243B191A783B6819001D
:103C30001FF079FB144B1B780133DAB2124B1A7068
:103C40003B191A783B68002118001FF040FABB6846
:103C50001B78FE2B0AD1FB1D1A78FB1D01321A704E
:103C6000FB1D1B78042B00D841E700E0C0463B68F1
:103C700018001DF02FFE00231800BD4605B090BDB2
:103C800000100408181500207C15002080B582B0B3
:103C900000AFFB1D00221A70BB1D01221A7021E02B
:103CA000BB1D1B785A1E154B5200D35A002B0DD04A
:103CB000BB1D1B789BB2013398B2BB1D1B785A1EEB
:103CC0000E4B5200D35A19000FF00EFCBB1D1B788F
:103CD000192B02D9FB1D0A221A70BB1D1A78BB1DB5
:103CE00001321A70064B1B78BA1D12789A42D7D946
:103CF000FB1D1B781800BD4602B080BD403000207F
:103D0000A000002090B583B000AFFB1C00221A7009
:103D1000BB1D00221A803B0000221A807B1D00225E
:103D20001A7048E07B1D1A78294913009B009B18E4
:103D30005B005B5C002B39D03B1D01221A7031E027
:103D40007B1D1A783B1D1B78591E214813009B00D0
:103D50009B185B00C3185B5C9BB21B0299B27B1D76
:103D60001A783B1D18781A4C13009B009B185B00B7
:103D7000E3181B5C9AB23B008A181A80BB1D1B8893
:103D80001C339AB23B001B88190010000FF0ACFBEB
:103D9000BB1D1A88BB1D01321A803B1D3A1D1278CB
:103DA00002321A703B1D1B78092BC9D97B1D1A786A
:103DB0007B1D01321A70074B1B787A1D12789A42CC
:103DC000B0D9FB1C1B781800BD4603B090BDC0469F
:103DD00044120020A0000020F0B587B000AFB96009
:103DE0007A6019000F243B19021C1A700E257B19EA
:103DF0000A1C1A701726BB1900221A703B191B786F
:103E00009BB21900E4200FF06FFBBB681B0A9BB24A
:103E10001900E5200FF068FBBB689BB21900E62093
:103E20000FF062FB7B681B0A9BB21900E7200FF0C2
:103E30005BFB7B689BB21900E8200FF055FB7B19F8
:103E40001B789BB21B029AB2202310241B19DB198A
:103E50001B789BB2D3189BB21900E9200FF044FBEA
:103E600024231B19DB191B789BB21B029AB228234F
:103E70001B19DB191B789BB2D3189BB21900EA20DF
:103E80000FF032FB2C231B19DB191B789BB21B0292
:103E90009AB230231B19DB191B789BB2D3189BB243
:103EA0001900EB200FF020FBBB191B781800BD4652
:103EB00007B0F0BD80B582B000AFFB1D00221A70C4
:103EC000384B5B785B011AB2364B1B781BB213433D
:103ED0001BB29AB28A235B00110018000FF004FB9A
:103EE000304B1B79DB031AB22E4BDB881BB213431A
:103EF0001BB29AB28E235B00110018000FF0F4FA87
:103F0000294B1A881623FF33110018000FF0ECFA22
:103F1000254B5A888B235B00110018000FF0E4FA40
:103F2000214B5B791B021AB21F4B1B7B1BB2134345
:103F30001BB29AB21823FF33110018000FF0D4FA05
:103F4000194B9B689AB28C235B00110018000FF08C
:103F5000CBFA154B9B681B0C9AB21A23FF33110046
:103F600018000FF0C1FA104B5B7B1B021AB20E4B0C
:103F70001B791BB213431BB29AB28D235B00110055
:103F800018000FF0B1FA084B9B7E9AB21C23FF3346
:103F9000110018000FF0A8FAFB1D1B781800BD4691
:103FA00002B080BD401100204811002080B582B0D1
:103FB00000AFFB1D00221A701B4B042200211800C9
:103FC0001FF085F8BB1D01221A7021E0BB1D1B7874
:103FD0005A1E154B5200D35A002B0DD0BB1D1B7817
:103FE0009BB2013398B2BB1D1B785A1E0E4B520078
:103FF000D35A19000FF078FABB1D1B78192B02D980
:10400000FB1D0A221A70BB1D1A78BB1D01321A70E3
:10401000064B1B78BA1D12789A42D7D9FB1D1B7824
:104020001800BD4602B080BD40300020A000002036
:1040300080B500AF074B1B68074A934206D00FF0CC
:1040400085FA031E02D1034B034A1A60C046BD46DF
:1040500080BDC046F07F0020ADDEEFBEB0B58EB0B3
:1040600002AF1423F8180A257A191823F91808231F
:10407000FB180093030001200FF084FE0C23F818B6
:10408000BA1D1023F9183B1D0093030002200FF006
:1040900079FE1C217B1801225A607B1800229A604D
:1040A0007B191B881A007B181A60BB691A000C0068
:1040B0007B181900100018F047FC21007B18002223
:1040C0005A607B1802229A603B1D1B881A007B18DD
:1040D0001A60FB681A007B181900100018F034FCF5
:1040E000BB6918007B191B880022190018F08DFE8F
:1040F000052012F089FAFB681A003B1D1B88190085
:10410000100018F065FE031E17D1BB6918007B195B
:104110001B880122190018F078FE052012F074FAAD
:10412000FB681A003B1D1B881900100018F050FE98
:104130000300012B01D1012300E000231800BD463C
:104140000CB0B0BD90B585B000AF78600F23FB1800
:1041500000221A701CE00F243B191A781149130031
:104160005B009B189B00CB1808331A687B68110012
:104170001800FBF7C9FF031E04D13B191B7801335C
:10418000DBB20BE00F217B181A787B1801321A7012
:104190000F23FB181B78002BDDD000231800BD4631
:1041A00005B090BD5402002080B584B000AF7860A7
:1041B0000F23FB1800221A7041E0264A7B68110089
:1041C0001800FBF7A1FF031E01D101233DE0224AA5
:1041D0007B6811001800FBF797FF031E01D1022333
:1041E00033E01E4A7B6811001800FBF78DFF031EA9
:1041F00001D1032329E01A4A7B6811001800FBF75C
:1042000083FF031E01D104231FE0164A7B681100BF
:104210001800FBF779FF031E01D1052315E0124AB0
:104220007B6811001800FBF76FFF031E01D1062306
:104230000BE00F217B181A787B1801321A700F23BC
:10424000FB181B78052BB8D900231800BD4604B015
:1042500080BDC046588402085C840208608402085D
:1042600064840208688402086C84020890B583B0F4
:1042700000AFFB1D01221A7020E05B4B1B78FA1D7A
:1042800012789A4206D1FB1D1B78013B574A002148
:10429000D1540EE0544B1A78FB1D1B785C1EFB1D9D
:1042A0001B781900100000F089FA03001A004F4B28
:1042B0001A55FB1D1A78FB1D01321A70FB1D1B7865
:1042C000022BDAD911F0E4FE12F09EF80EF06AFD2E
:1042D0000FF010FC0EF01CF912F0FCF80EF07EFC52
:1042E00012F032F90FF0A0FC031E03D0FFF7A0FE7E
:1042F000FEF710FEFFF7B2FE031E21D03C4B012259
:104300001A70322012F080F90DF0CEFF394BE12205
:1043100052029A60BB1D01221A700CE0354B9A685C
:10432000BB1D1B781100180012F0AEFEBB1D1A78E1
:10433000BB1D01321A70BB1D1B78062BEED904E0A1
:10434000322012F061F90DF0AFFFFEF7BBFE0EF068
:1043500089F9254B1B78002B13D180231B0226489B
:104360000122190018F051FDFA235B00180012F029
:104370004BF980231B0220480022190018F045FD4C
:1043800026E080231B021C480122190018F03DFD85
:10439000FA235B00180012F037F980231B0216483D
:1043A0000022190018F031FD642012F02DF980234D
:1043B0001B0211480122190018F027FD642012F099
:1043C00023F980231B020C480022190018F01DFD60
:1043D00006F0D0F812F060F8084B01221A70C046BF
:1043E000BD4603B090BDC046A1000020680A002071
:1043F000B81400204811002000040050311400209F
:1044000080B500AF16F04EFA0DF0B4FBFFF72EFFAB
:1044100006F0DAF812F0DCFFC046BD4680BD0000B1
:10442000F0B58DB000AF1F23F918087069460E0073
:1044300013211823CB18D91900200870172118232D
:10444000CB18D9190020087016211823CB18D919B8
:104450000020087015201823C318D91900200870EF
:1044600014201823C318D91900200870D0490978DE
:104470000800013878623961002078613A697B6907
:104480001000400F3A617B61DD0005433B69DC00B1
:104490003960002078603C687D682300580F2B004D
:1044A000DB00FB60FB680343FB602300DB00BB60B9
:1044B0000B000733DB08DB006A46D31A9D466B46C8
:1044C00000333B6216211823CB18DB1900221A7027
:1044D00018E016201823C318DB191B783A6A00214C
:1044E000D1541823C318DB191A78B24B520000219B
:1044F000D1521823C318DB191A781823C318DB19F3
:1045000001321A70AA4B1B78162218215218D219A0
:1045100012789A42DDD315211823CB18DB19182203
:104520008A18D219127801321A701F23FB181B78CF
:10453000013B3A6A080018240919C9190978D154AD
:104540001823C318DB1918228218D21912780132E5
:104550001A70172318229B18DB1901221A7050E0D9
:104560001F23FB181B785A1E17241823E318DB1986
:10457000187891491300DB009B1A1B185B005B5AEB
:10458000002B34D01F23FB181B785A1E894B520076
:10459000D35A1AB220001823C318DB191B78013B29
:1045A000012199400B001BB2134319B21F23FB18C2
:1045B0001B785A1E89B27F4B5200D1521F23FB1821
:1045C0001B785A1E1823C318DB1918787A49130070
:1045D000DB009B1A1B185B005B5ADB089BB2013B9C
:1045E0003A6A152118200918C9190978D1541721D8
:1045F0001823CB18DB191A781823CB18DB190132D2
:104600001A70172318229B18DB191B78062BA7D9C1
:10461000142318229B18DB1900221A701522182364
:10462000D318DB1918215218D219127801321A70D6
:10463000162318229B18DB1900221A709BE0162300
:1046400018229B18DB191B783A6AD35C1A001523D1
:1046500018215B18DB191B78013B9A4200D080E0DF
:10466000172318229B18DB1901221A7072E01624F6
:104670001823E318DB191A7817251823EB18DB1910
:1046800018784D491300DB009B1A1B185B005B5A1E
:10469000002B55D01823E318DB191A781823EB18D0
:1046A000DB19187844491300DB009B1A1B185B00C8
:1046B0005B5ADB089BB2013B3A6AD35C002B3FD1CB
:1046C00020001823C318DB191A783A4B5200D35A2A
:1046D0001AB22C001823E318DB191B78013B0121C7
:1046E00099400B001BB2134319B21823C318DB19EE
:1046F0001A7889B22F4B5200D1521823C318DB19F4
:104700001A781823E318DB1918782B491300DB00FB
:104710009B1A1B185B005B5ADB089BB2013B3A6A91
:10472000152118200918C9190978D1541422182301
:10473000D318DB1918215218D219127801321A70C5
:1047400017211823CB18DB191A781823CB18DB197B
:1047500001321A70172318229B18DB191B78062BBD
:1047600085D916211823CB18DB191A781823CB18F2
:10477000DB1901321A700E4B1B78162218215218C1
:10478000D21912789A4200D259E7142318229B18A2
:10479000DB191B78002B00D03AE7132318229B1853
:1047A000DB191B78B5461800BD460DB0F0BDC046FC
:1047B000A0000020A011002000000020B0B588B0AB
:1047C00000AF0200FB1D1A70BB1D0A1C1A700823E3
:1047D000FB1800221A800B23FB1800221A701F23DB
:1047E000FB1800221A700A23FB1800221A701E23DD
:1047F000FB1800221A70994B0222002118001EF0AB
:1048000066FCFB1D1B78013B954A0021D154FB1D22
:104810001B78013B934A0021D1540123BB612EE058
:10482000FB1D1B785A1E90491300DB009B1ABA69C6
:104830009B185B005B5A002B1ED0FB1D1B785A1E79
:1048400089491300DB009B1ABA699B185B005B5A0D
:10485000DB089AB2BB1D1B789BB29A420CD1BB1DE0
:104860001B78013B7E4A0121D1547C4BBA1D127842
:104870001A70BB69DBB2EDE0BB690133BB61BB6998
:10488000062BCDDD01237B6111E0FB1D1B787A69CE
:104890009A4209D07B69013B714AFF21D1547B695F
:1048A000013B704A0021D1547B6901337B616F4B1E
:1048B0001B781A007B699342E7DD73E008243A19FC
:1048C000674B1100180000F0D3F803001A001F21F5
:1048D0007B1801321A707A18BB1D12781B789A4225
:1048E00068D07B181B78013B3A190121D15413235E
:1048F000FB1801221A7050E01F243B191B785A1E26
:1049000013257B19187858491300DB009B1A1B18D4
:104910005B005B5A002B3AD03B191B785A1E7B195F
:10492000187851491300DB009B1A1B185B005B5A77
:10493000DB089AB20A217B181A707B181B78013B9E
:104940000822BA18D35C002B21D13B191B78013BFC
:10495000434AD25C0B203B1801321A707B181B783B
:10496000013B3F4AD35C05003A1812789A420ED2B6
:1049700008007B181B78013B394A79190978D15412
:104980003B181B78013B374A39190978D154132158
:104990007B181A787B1801321A701323FB181B78C6
:1049A000062BA9D90823FB18180000F0A5F8031E50
:1049B00084D000E0C04613E01E22BB181B78BA1852
:1049C000591C11701900254B1F203A1812785A549F
:1049D00001007B181B785A1E7B1822498A5C1A70CA
:1049E0001F23FB181B78013B1E4AD35C002BE3D12D
:1049F0000123FB602AE0FB1D1B785A1E1A49130095
:104A0000DB009B1AFA689B185B005B5A002B1AD0DC
:104A1000FB1D1B785A1E14491300DB009B1AFA6811
:104A20009B185B005B5ADB089AB2BB1D1B78013BED
:104A30000B49CB5C013B0949CB5C9BB29A4202D14A
:104A4000FB68DBB206E0FB680133FB60FB68062B0A
:104A5000D1DD00231800BD4608B0B0BDF01E002017
:104A60003C1200204012002000000020A000002086
:104A700080B584B000AF786039600F217B18FF22C9
:104A80001A700E23FB1800221A703B681B78002B4B
:104A900003D17B187A6812781A700023BB601BE080
:104AA000BB687A68D3181B780F217A1812789A425B
:104AB0000FD9BB683A68D3181B78002B09D1BB68A3
:104AC0007A68D2187B1812781A700E23FB18BA680D
:104AD0001A70BB680133BB60064B1B781A00BB68B9
:104AE0009342DDDB0E23FB181B781800BD4604B093
:104AF00080BDC046A000002080B584B000AF7860C3
:104B00000F23FB1801221A700023BB600CE0BB6866
:104B10007A68D3181A780F217B18791809780A4017
:104B20001A70BB680133BB60064B1B781A00BB6868
:104B30009342ECDB0F23FB181B781800BD4604B032
:104B400080BDC046A0000020F0B587B002AF0200D3
:104B5000FB1D1A70834A844B110018001EF038FAAE
:104B6000814B1800FBF7DAFA03009AB27E49FB1D6D
:104B7000187801235B420093322312F0F3F90F23DC
:104B8000FB1801221A701BE00F243B191A78774991
:104B9000754B18001EF01CFA734B1800FBF7BEFA99
:104BA00003009AB27049FB1D187801235B42009301
:104BB000322312F0D7F93B191A783B1901321A70D7
:104BC0000F23FB181B78062BDED96949FB1D1878CB
:104BD00001235B4200933223032212F0C3F90E2318
:104BE000FB1800221A70A7E00E243B191B785A1CF0
:104BF00060495D4B18001EF0EBF95B4B1800FBF7AA
:104C00008DFA03009AB25849FB1D187801235B42C4
:104C10000093322312F0A6F93B191A785649130073
:104C2000DB009B1A5B005B5A1A0013005B009B18A9
:104C30005B00524A99184C4B052218001EF07BFA73
:104C40004949FB1D187801235B420093322305225A
:104C500012F088F94A49FB1D187801235B42009342
:104C60003223012212F07EF90D23FB1801221A7063
:104C70004DE00E23FB181A780D23FB1818783E49D7
:104C80001300DB009B1A1B185B005B5A002B06D13C
:104C90003C49354B002218001EF09AF922E00E25FF
:104CA0007B191A780D26BB19187833491300DB00DD
:104CB0009B1A1B185B005B5ADB089BB21C007B191C
:104CC0001A78BB1918782C491300DB009B1A1B18A3
:104CD0005B005B5A1A00072313402B49224822002D
:104CE0001EF076F9204B1800FBF718FA03009AB271
:104CF0001D49FB1D187801235B420093322312F0FB
:104D000031F90D217B181A787B1801321A700D23A6
:104D1000FB181B78062BACD91C49FB1D1878012306
:104D20005B4200933223022212F01CF90E217B1801
:104D30001A787B1801321A70154B1B780E22BA189C
:104D400012789A4200D24FE71249FB1D18780123CE
:104D50005B4200933223012212F004F9C046BD46A3
:104D600005B0F0BD70840208180A0020848402088F
:104D70008C8402089084020800000020807E0208D3
:104D80009C840208A0840208A4840208AC8402085F
:104D9000A0000020B084020890B587B002AF0200E6
:104DA000FB1D1A703C4A3D4B110018001EF010F913
:104DB0003A4B1800FBF7B2F903009AB23749FB1DD2
:104DC000187801235B420093322312F0CBF80F23B3
:104DD000FB1801221A703EE00E23FB1801221A7004
:104DE0002EE00F203B181B785A1E2D4B5200D35A31
:104DF00019000E243B191B78013B802212021A4134
:104E000013000B4016D03B181A783B191B78254924
:104E100022481EF0DDF8214B1800FBF77FF9030054
:104E20009AB21E49FB1D187801235B42009332237E
:104E300012F098F80E217B181A787B1801321A703C
:104E40000E23FB181B780A2BCBD90F217B181A785D
:104E50007B1801321A70144B1B780F22BA18127883
:104E60009A42B9D9114A0D4B110018001EF0B0F842
:104E70000A4B1800FBF752F903009AB20749FB1DD1
:104E8000187801235B420093322312F06BF8C0467E
:104E9000BD4605B090BDC046B4840208180A002083
:104EA00040300020D0840208A0000020E4840208E2
:104EB000F0B589B002AF0200FB1D1A701223FB1877
:104EC00000221A8012F004FC0300FB60FB68002241
:104ED0001A70CA4B1B781A00C949CA4B18001EF039
:104EE00077F8C84AFB68110018001EF0F8F8C64BA6
:104EF0001B781A00C549C34B18001EF069F8C14A57
:104F0000FB68110018001EF0EAF8C149BD480623ED
:104F10000093022300221EF05BF8BA4AFB681100DE
:104F200018001EF0DCF8BB4ABB49B64B18001EF057
:104F30004FF8B44AFB68110018001EF0D0F8B74AC9
:104F4000B749B04B18001EF043F8AE4AFB68110099
:104F500018001EF0C4F8B34AAA4B110018001EF046
:104F600037F8A84AFB68110018001EF0B8F817239C
:104F7000FB1801221A7048E017243B191A78AA4935
:104F8000A04B18001EF024F89E4AFB681100180080
:104F90001EF0A5F83B191B78A44AD35C042B27D834
:104FA0009A00A34BD3181B689F46A24A954B110049
:104FB00018001EF00DF81CE09F4A924B11001800DB
:104FC0001EF006F815E09D4A8E4B110018001DF0EA
:104FD000FFFF0EE09A4A8B4B110018001DF0F8FFFE
:104FE00007E0984A874B110018001DF0F1FF00E020
:104FF000C046844AFB68110018001EF070F81721A3
:105000007B181A787B1801321A701723FB181B784B
:10501000062BB1D98C4A7B4B110018001DF0D8FF2C
:10502000784AFB68110018001EF059F81623FB1887
:1050300001221A7049E016203B181B785A1E83493A
:1050400013005B009B185B015B58002B0DD13B18D4
:105050001A787F496B4B18001DF0BAFF694AFB684C
:10506000110018001EF03BF829E01626BB191C7829
:10507000BB191B785A1E754913005B009B185B0116
:10508000CB1828331B6818000DF0D8F903001D0059
:10509000BB191B785A1E6F4B9200D35818000DF0A5
:1050A000CDF903006C49574800932B0022001DF0F6
:1050B0008FFF544AFB68110018001EF010F81621EB
:1050C0007B181A787B1801321A701623FB181B788C
:1050D000062BB0D9FB681800FBF720F803001A0074
:1050E000FB689A185D4B1000190003231A001EF08C
:1050F0001AF9FB681800FBF711F803001A00FB68A7
:105100009A18574B100019001D231A001EF00BF9B6
:10511000FB681800FBF702F802001223FB181A8044
:105120001523FB1801221A7023E0344B1B785A1EFA
:105130004C4B5200D35A190015203B181B78013BE9
:10514000802212021A4113000B400CD03B181A782F
:1051500045492C4B18001DF03BFF2A4AFB68110003
:1051600018001DF0BCFF15217B181A787B1801323E
:105170001A701523FB181B78062BD6D91223FB189F
:105180001C88FB681800FAF7C9FF03009C420ED187
:10519000FB681800FAF7C2FF03001A00FB689A18B0
:1051A000324B1000190005231A001EF0BCF8FB68F2
:1051B0001800FAF7B3FF03001A00FB689A18274B90
:1051C0001000190003231A001EF0ADF8FB1D1B7818
:1051D000002B0ED0FB681800FAF7A0FF03009AB26C
:1051E000F968FB1D187801235B420093322311F00C
:1051F000B9FEC046BD4607B0F0BDC046A1000020C4
:1052000004850208180A00203014002020850208B6
:105210003C8502085C8502086885020880850208D2
:105220008C850208A8850208BC8502086811002048
:10523000C0860208C4850208CC850208E4850208FD
:10524000F08502080C8602082C860208F828002047
:1052500044860208981C002060860208AC8402087C
:105260009086020840300020B0860208B886020806
:1052700090B585B000AF78600E23FB1800221A703D
:105280000F23FB1800221A704A4A7B68110018008D
:10529000FAF73AFF031E03D1474B1B781BB285E098
:1052A000464A7B6811001800FAF72EFF031E01D151
:1052B000FF237BE07B681B78232B25D17B680133A0
:1052C00018001CF0F6FA02000E217B181A700A0072
:1052D000BB181B78002B0AD0394B1B781100BA1869
:1052E00012789A4203D87B181B781BB25EE0324BCF
:1052F0001B780E22BA1812789A4203D12E4B1B78D3
:105300001BB253E0662351E00F23FB1800221A70F2
:105310001DE00F243B191A7813009B009B185B00BB
:10532000284A9A187B6811001800FAF7EDFE031E50
:1053300007D17B681B78002B03D03B191B781BB26D
:1053400034E00F217B181A787B1801321A701C4B3D
:105350001B780F217A1812789A42DAD37B18002230
:105360001A701DE00F243B191A7813009B009B183C
:105370005B00154A9A187B6811001800FAF7C4FE02
:10538000031E07D13B191B781B021BB2FE221343DD
:105390001BB20BE00F217B181A787B1801321A70B0
:1053A0000F23FB181B78092BDCD964231800BD469A
:1053B00005B090BDD4860208A1000020D88602085E
:1053C000A000002044120020D8110020B0B586B003
:1053D00000AF02003960FB1D1A701323FB18002276
:1053E0001A7000237B6100237B610FE07B699A00C8
:1053F000404BD2183B6811001800FAF785FE031ED7
:1054000001D1062371E07B6901337B617B69032B4A
:10541000ECDD01237B6112E07A6913009B009B188D
:105420005B00354A9A183B6811001800FAF76CFEC9
:10543000031E01D1072358E07B6901337B612F4BA9
:105440001B781A007B699342E6DB00237B6112E044
:105450007A6913009B009B185B00294A9A183B68E5
:1054600011001800FAF750FE031E01D107233CE09B
:105470007B6901337B617B69092BE9DD214B224A82
:105480001A6019E01F4B1B681B681B68FB60FB68F8
:105490001800FAF743FE0300BB60BA68F9683B687E
:1054A00018001DF037FE031E01D108231DE0154B27
:1054B0001B685A68134B1A60124B1B68002BE1D112
:1054C000FB1D1A7813009B009B185B000A4A9B186F
:1054D0003A68110018001DF01EFF13257C19FEF715
:1054E00011FC030023707B191B781800BD4606B021
:1054F000B0BDC046887F020844120020A0000020F2
:10550000D8110020C0140020A002002080B588B06F
:1055100000AF02003960FB1D1A701723FB18002230
:105520001A700023FB610023BB610023FB6129E0AB
:10553000FA6913009B009B185B005B4A9A183B6852
:1055400011001800FAF7E0FD031E18D1FB1D1B78AF
:105550005A1E564B5200D35A1AB20121FB69994088
:105560000B001BB2134319B2FB1D1B785A1E89B2E4
:105570004E4B5200D1521723FB181B7890E0FB6969
:105580000133FB61FB69092BD2DD0023BB610FE016
:10559000BB699A00464BD2183B6811001800FAF715
:1055A000B3FD031E01D106237AE0BB690133BB6161
:1055B000BB69032BECDD0123BB6112E0BA69130068
:1055C0009B009B185B003B4A9A183B68110018002F
:1055D000FAF79AFD031E01D1072361E0BB6901338D
:1055E000BB61354B1B781A00BB699342E6DB334B3A
:1055F000334A1A6019E0314B1B681B681B683B611A
:105600003B691800FAF78AFD0300FB60FA68396904
:105610003B6818001DF07EFD031E01D108233FE00A
:10562000264B1B685A68254B1A60244B1B68002BBD
:10563000E1D10023FB6118E01B49FA6913009B00CC
:105640009B185B005B5C002B0CD1FA6913009B007C
:105650009B185B00144A9B183A68110018001DF053
:105660005AFE05E0FB690133FB61FB69092BE3DDB1
:10567000FB1D1B785A1E0D4B5200D35A1AB2012142
:10568000FB6999400B001BB2134319B2FB1D1B7839
:105690005A1E89B2054B5200D1521723FB181B78B2
:1056A0001800BD4608B080BDD81100206812002047
:1056B000887F020844120020A0000020C4140020AB
:1056C000A002002080B586B000AFB9607A601900F2
:1056D0000F23FB18021C1A700E23FB180A1C1A70E9
:1056E0001523FB18D94A12781A703B6A002B03D095
:1056F000D64B20221A7002E0D44B00221A702423C9
:10570000FB181B78002B04D01623FB1822221A80CA
:1057100003E01623FB1820221A807A6880231B05D9
:105720009A4200D3D5E07B68DAB2C94B1A70C84BF5
:105730000E217A1812785A707B181B78082B00D922
:10574000C6E19A00C34BD3181B689F46BB681B7801
:10575000DAB2BF4B9A700F23FB181B78032220216B
:10576000180005F017FEB6E1BB681B785BB2DAB231
:10577000B74B9A700F23FB181B78032220211800C7
:1057800005F008FEA7E1BB681B889BB2DAB2B04BFC
:105790009A70BB681B889BB21B0A9BB2DAB2AC4BF7
:1057A000DA700F23FB181B7804222021180005F063
:1057B000F1FD90E1BB681B881BB2DAB2A44B9A7072
:1057C000BB681B881BB21B121BB2DAB2A04BDA708B
:1057D0000F23FB181B7804222021180005F0DAFDA6
:1057E00079E1BB681B68DAB2994B9A70BB681B6899
:1057F0001B0ADAB2964BDA70BB681B681B0CDAB274
:10580000934B1A71BB681B681B0EDAB2904B5A712E
:105810000F23FB181B7806222021180005F0BAFD83
:1058200059E1BB681B68DAB2894B9A70BB681B6888
:105830001B12DAB2864BDA70BB681B681B14DAB233
:10584000834B1A71BB681B681B16DAB2804B5A7106
:105850000F23FB181B7806222021180005F09AFD63
:1058600039E1BB681B78DAB2794B9A70BB680133B7
:105870001B78DAB2764BDA70BB6802331B78DAB287
:10588000734B1A71BB6803331B78DAB2704B5A71D1
:10589000BB6804331B78DAB26D4B9A71BB68053371
:1058A0001B78DAB26A4BDA71BB6806331B78DAB25E
:1058B000674B1A72BB6807331B78DAB2644B5A72B3
:1058C0000F23FB181B780A222021180005F062FD27
:1058D00001E15F4B00221A705D4B0E217A1812789D
:1058E0005A707B681B0EDAB2594B9A707B681B0C9E
:1058F000DAB2574BDA707B681B0ADAB2544B1A7172
:105900007B68DAB2524B5A717B181B78082B00D98E
:10591000E0E09A00504BD3181B689F46BB681B7889
:10592000DAB24B4B9A711623FB1819880F23FB1818
:105930001B780722180005F02DFDCCE0BB681B7812
:105940005BB2DAB2424B9A711623FB1819880F2307
:10595000FB181B780722180005F01CFDBBE0BB6894
:105960001B889BB2DAB23A4B9A71BB681B889BB218
:105970001B0A9BB2DAB2364BDA711623FB18198870
:105980000F23FB181B780822180005F003FDA2E086
:10599000BB681B881BB2DAB22D4B9A71BB681B889F
:1059A0001BB21B121BB2DAB2294BDA711623FB1899
:1059B00019880F23FB181B780822180005F0EAFC51
:1059C00089E0BB681B68DAB2214B9A71BB681B681F
:1059D0001B0ADAB21E4BDA71BB681B681B0CDAB209
:1059E0001B4B1A72BB681B681B0EDAB2184B5A723B
:1059F0001623FB1819880F23FB181B780A2218009E
:105A000005F0C8FC67E0BB681B68DAB2104B9A71FE
:105A1000BB681B681B12DAB20D4BDA71BB681B68DE
:105A20001B14DAB20A4B1A72BB681B681B16DAB277
:105A3000074B5A721623FB1819880F23FB181B7883
:105A40000A22180005F0A6FC45E0C04640110020DF
:105A5000FC130020DC86020800870208BB681B7864
:105A6000DAB22D4B9A71BB6801331B78DAB22A4B3C
:105A7000DA71BB6802331B78DAB2274B1A72BB6843
:105A800003331B78DAB2244B5A72BB6804331B7899
:105A9000DAB2214B9A72BB6805331B78DAB21E4B1F
:105AA000DA72BB6806331B78DAB21B4B1A73BB6819
:105AB00007331B78DAB2184B5A731623FB18198870
:105AC0000F23FB181B780E22180005F063FC02E080
:105AD000C04600E0C046114B1522BA1812781A7061
:105AE0003B6A002B13D014F059FF03003B61C04602
:105AF0000B4B1B78002B07D014F050FF02003B69C2
:105B0000D31A3A6A9A42F3D8054B1B7800E0002377
:105B10001800BD4606B080BDFC13002040110020D7
:105B20002E140020B0B584B002AF1E201BF0C8FEBA
:105B300003007B607B681E22002118001DF0C7FA5D
:105B40000C4B1B7D5A1E0C4B9200D258094B9B7D6F
:105B50001D00084B5B7D1C00064B1B8B07497868BA
:105B6000019300942B001DF033FA7B681800BD46AA
:105B700002B0B0BD48110020740000204C8702081C
:105B800090B587B004AF0200FB1D1A70BB1D0A1C44
:105B90001A700D4B19780C4B1C78BB1D1A78FB1D25
:105BA00018780123039301235B42029301235B4294
:105BB000019302230093230005F096FF03001800D1
:105BC000BD4603B090BDC046A100002080B588B09E
:105BD00006AF0200FB1D1A70BB1D0A1C1A700023C1
:105BE00004930023039300230293002301930023D3
:105BF00000930023002200210020FEF7EDF8FB1D9A
:105C00001B785A1E234913005B009B185B015B58ED
:105C1000002B16D0BB1D1B785A1E1E4913005B00BB
:105C20009B185B015B58002B0BD0FB1D1B781800E9
:105C30000CF05CFEBB1D1B7818000CF057FE002317
:105C400024E0FB1D1B785A1E124913005B009B18B1
:105C50005B015B58002B06D0FB1D1B7818000CF075
:105C600045FE002312E0BB1D1B785A1E0949130094
:105C70005B009B185B015B58002B06D0BB1D1B789B
:105C800018000CF033FE002300E068231800BD4626
:105C900002B080BDF828002080B586B000AF0200B9
:105CA000FB1D1A70FB1D1B78180011F00DFA030084
:105CB0007B617B691B68234A934209D07B691B681F
:105CC000214A934204D07B691B68204A934234D115
:105CD000C0467B691B68DA6980235B021A40802317
:105CE0005B029A42F5D0C0467B691B68DA69802363
:105CF000DB031A408023DB039A42F5D10C217B1889
:105D0000802292031A607B18786919685A681BF020
:105D1000B3FB7B691B689A687B691B688021C90398
:105D20000A439A607B6918001BF00EFC8023DB019C
:105D30000121180017F04CF900E0FF231800BD46C0
:105D400006B080BD003801400044004000480040DB
:105D500080B582B000AF0200FB1D1A70124B134ACF
:105D60009A61FB1D1B78042B15D89A00104BD31891
:105D70001B689F46012017F0F7F80CE0082017F089
:105D8000F3F808E0202017F0EFF804E0022017F005
:105D9000EBF800E0C04617F06DF917F051F9002359
:105DA0001800BD4602B080BD007000403F000100F9
:105DB0002487020880B582B000AF0200FB1D1A7074
:105DC0001F4B1A6980235B001A4080235B009A42B4
:105DD00030D11B4B1B4A9A61FB1D1B78042B15D835
:105DE0009A00194BD3181B689F46012017F0DCF866
:105DF0000CE0082017F0D8F808E0202017F0D4F8BD
:105E000004E0022017F0D0F800E0C04680231B0217
:105E10000E480122190016F0F8FFFA239B00180023
:105E200014F0C6FD80231B0208480022190016F05A
:105E3000ECFF00E000231800BD4602B080BDC04664
:105E40000070004000010100388702080004005083
:105E5000B0B588B002AF78600F23FB1800221A702B
:105E60001723FB1800221A701423FB1800221A8033
:105E700001235B421900012014F026F811F028FCE0
:105E800003003B61824B9A68E1231B039A421ED0B8
:105E90001623FB1801221A7014E07E4B1B78162182
:105EA0007A1812789A4207D0E1231A037B181B78DC
:105EB0001100180011F0E8F816217B181A787B18E9
:105EC00001321A701623FB181B78062BE5D9724B8A
:105ED0001B781C00714B1B881A0013005B009B1879
:105EE0005B006F4A9A186B4B1B786E496E480093A3
:105EF000130022001DF06CF8664B1C786B4B1D687C
:105F00006A4B1B681800FAF709F903009AB20A23D2
:105F10002900200011F07CF85E4B1C78624B1800C1
:105F2000FAF7FCF803009AB25F490A23200011F047
:105F30006FF85F4B1B78012B00D0A5E0574B1B88F7
:105F4000DBB21800FCF7F8FF0300472B08D1594BD0
:105F50001A780F23FB181A70564B00221A700DE0A6
:105F60004C4B1B78013B544AD25C0F23FB181A7030
:105F7000484B1B78013B504A0021D1544C4B002226
:105F80001A70444B18780F2439190A23012211F092
:105F90003FF83B191B780D2B33D13E4B1C78474BF8
:105FA0001D68464B1B681800FAF7B8F803009AB250
:105FB0000A232900200011F02BF81723FB181B7867
:105FC0005BB2002B05D13E4A3E4B110018001DF07C
:105FD000A2F9304B18783B693A4A012100F074F875
:105FE000384A374B110018001DF095F91723FB189C
:105FF00000221A70334B3222002118001DF067F87E
:1060000042E00F22BB181B780A2B3DD0BB181B782F
:10601000082B03D0BB181B787F2B14D117217B18BA
:106020001B785BB2002B2FDD7B181B785BB2DBB2D9
:10603000013BDAB27B181A707B181B785BB2214ADD
:106040000021D15420E00F22BB181B781F2B1BD935
:10605000BB181B787E2B17D817217B181B785BB2D7
:10606000312B11DCBB181A7808007B181B785BB247
:1060700051B2144AD15401007B181B785BB2DBB2D9
:106080000133DAB27B181A7011F09AFD51E7C0465D
:106090004811002030140020A10000204000002002
:1060A000807E02084C8A020880150020DC00002057
:1060B0006B0A00203C110020D0170020E0000020D7
:1060C000DC150020A8150020F0B58DB002AFBA6035
:1060D0007B600F23FB18021C1A700E23FB180A1C8E
:1060E0001A7000233B621E23FB1800221A8014231F
:1060F000FB1800221A6004330522002118001CF04E
:10610000E6FFBB68180000F099FAC84B1B78002B1B
:1061100022D1C749BB68032218001CF0FBFF031EF5
:106120001AD1BB6803331900012000F0BDFA031E29
:1061300009D0C04A7B68110018001CF049FFBB4B16
:1061400000221A7005E0B94B02221A707B680D22FA
:106150001A7000237B6212E2B44B1B78002B18D01C
:10616000B549BB68062218001CF0D4FF031E10D1ED
:10617000AE4B00221A70B14B1900032000F094FAC4
:10618000AF4A7B68110018001CF022FF00237B62DD
:10619000F5E1A64B1B78022B13D1BB681900022036
:1061A00000F082FA031E06D0A24A7B681100180094
:1061B0001CF00EFF02E07B680D221A7000237B6248
:1061C000DDE1BB682E2118001CF096FF03003B6246
:1061D0003B6A002B00D1C9E13B6A033B994903228A
:1061E00018001CF097FF031E00D1BFE13B6A01338A
:1061F0001B785A1C944BD3181B781A0004231340A5
:1062000000D0B3E13A6ABB68D31A1A00B968142502
:106210007B1918001CF08FFF1E26BC197B19180073
:10622000FFF726F803002380BB1900229B5E874AF4
:10623000127893420AD13B6A01339922920079681D
:10624000180011F0B7F903007B6298E11E23FB18D8
:1062500000229B5E642B08D17D4A7B6811001800E8
:106260001CF0B6FE00237B6289E11E23FB1800228E
:106270009B5E662B08D1774A7B68110018001CF0E2
:10628000A7FE00237B627AE11E23FB1800229B5E9F
:10629000FF2B48D1704B0222002118001CF017FF81
:1062A0003B6A5C1CBB681800F9F738FF0500142630
:1062B000BB191800F9F732FF0300EB1A5A1E674B9F
:1062C000210018001CF037FF604B1D78BB681800D8
:1062D000F9F724FF03009CB2BB191800F9F71EFF61
:1062E00003009BB2E31A9BB21722FF21280005F09E
:1062F00007F83B6A0133992292007968180011F07F
:1063000059F903007B627B681800F9F707FF030067
:106310001A007B689A18524B100019001D231A00AE
:106320001DF001F82BE11E22BB181B88DBB2FE2BEF
:1063300059D1BB1800229B5E1B121BB2DAB2494B2B
:106340001A70454B0222002118001CF0C0FE3B6A67
:106350005C1CBB681800F9F7E1FE05001423FB186C
:106360001800F9F7DBFE0300EB1A5A1E3B4B210025
:1063700018001CF0E0FE354B1D783A4B1E78BB68C8
:106380001800F9F7CBFE03009CB21423FB18180089
:10639000F9F7C4FE03009BB2E31A9BB21722310047
:1063A000280004F0ADFF294B1B785A1E2E4B5200DB
:1063B000D35A1A002B4B1B781A41130001221340A9
:1063C00009D03B6A0133992292007968180011F0D4
:1063D000F1F803007B621423FB187A68234978687C
:1063E0001CF0F6FDCBE03B6A013321490622180080
:1063F0001CF090FE031E41D11E4B00221A701E2479
:106400003B191B88DBB200221921180004F0C2FFDF
:10641000642010F0E5FF0D4B18783B191B88D9B2AA
:10642000154B1A7800230BF059FE7FE00E16002062
:10643000788A02087C8A0208D08A0208D88A020870
:10644000DC8A0208208B020820AF0208A10000208D
:10645000248B02084C8B020864120020FC130020DD
:10646000748B02080F16002068120020948B02081B
:10647000C08B020840110020301400203B6A5C1CD5
:10648000BB681800F9F74AFE05001426BB1918006E
:10649000F9F744FE0300EB1A5A1E604B2100180066
:1064A0001CF049FE1E23FB181B88DDB2BB681800D8
:1064B000F9F734FE03009CB2BB191800F9F72EFE61
:1064C00003009BB2E31A9BB2013B9BB21A00172157
:1064D000280004F05FFF1E23FB1800229A5E50493B
:1064E0007B6818001CF074FD7B681B78002B13D0B0
:1064F0000E23FB181B78002B0ED07B681800F9F7D1
:106500000DFE03009AB279680F23FB181878012357
:106510000093322310F026FD7B681800F9F7FEFD8A
:1065200002007B68002118001CF0D1FD3D4B1B7858
:10653000602B18D1FA239B001900012013F0C4FC32
:10654000394B1B78002B0ED0384B1B8801339AB285
:10655000364B1A801E23FB1800229B5E7A68344952
:1065600078681CF035FD00237B6208E099239A00CF
:106570007968BB68180011F01DF803007B627B6826
:106580001B78002B14D00E23FB181B78002B0FD088
:106590007B681800F9F7C2FD03009AB279680F23EF
:1065A000FB18187801235B420093322310F0DAFCC9
:1065B0007B681800F9F7B2FD02007B680021180023
:1065C0001CF085FD7B6A002B00D09AE51423FB1894
:1065D0000922002118001CF07AFD164B1B78002BB5
:1065E00017D10E23FB181B78002B12D0124B1C68FE
:1065F000114B1B681800F9F791FD03009AB20F23A5
:10660000FB18187801235B4200933223210010F01D
:10661000A9FCC046BD460BB0F0BDC046FC1300202F
:10662000C88B0208401100202E1400208E1F00206D
:10663000EC8B02080E160020E400002080B584B028
:1066400000AF78600023FB6020E0FB687A68D21816
:106650000B217B1812781A707B181B785A1C114B6F
:10666000D3181B781A0003231340012B03D17B1886
:106670001B78203302E00B23FB181B78FA6879683B
:106680008A18DBB21370FB680133FB60FB687A6821
:10669000D3181B78002BD8D1C046C046BD4604B0E5
:1066A00080BDC04620AF0208B0B584B000AF020084
:1066B0003960FB1D1A70FB1D1B78032B06D000DD13
:1066C000BFE0012B11D0022B15D0BAE0614B1B7833
:1066D0005A1E614913009B009B189B00CB18103376
:1066E00001221A700BF0F0FAAEE03B68180000F0DF
:1066F000B5F80300A9E0574B1B785A1E5649130002
:106700009B009B189B00CB180C331B68002B55D0AB
:10671000504B1B785A1E504913009B009B189B003E
:10672000CB180C331B681800F9F7F8FC0300FB606A
:10673000484B1B785A1E484913009B009B189B002E
:10674000CB180C331D683B681800F9F7E7FC020012
:10675000FB68D3189A1C3F4B1B785C1E1100280065
:106760001BF000FB01003C4A23009B001B199B000F
:10677000D3180C331960374B1B785A1E3649130057
:106780009B009B189B00CB180C331A68FB680133E5
:10679000D3183A68110018001CF0BDFD2D4B1B7872
:1067A0005A1E2D4913009B009B189B00CB180C33DD
:1067B0001A68FB68D31813221A7025E03B6818008A
:1067C000F9F7ACFC03005A1C224B1B785C1E10002E
:1067D0001BF076F8030019001F4A23009B001B19C9
:1067E0009B00D3180C3319601A4B1B785A1E1A4998
:1067F00013009B009B189B00CB180C331B683A6856
:10680000110018001CF087FD124B1B785A1E12490C
:1068100013009B009B189B00CB180C331B68002BAC
:1068200011D10C4B1B785A1E13009B009B189B0028
:10683000094A9B181422002118001CF048FC0E2362
:1068400003E0C04600E0C04600231800BD4604B087
:10685000B0BDC0467C15002018150020B0B58EB024
:1068600006AF78601F23FB1800221A701E23FB1846
:1068700000221A70EC4B1B78052B02D10E2300F07E
:10688000E0FBE94B1B781900E84A0B009B005B1802
:106890009B0000219954E44B1B781900E34A0B003C
:1068A0009B005B189B00D318013300221A70DE4B4B
:1068B0001B781A0013009B009B189B00DB4A9B1857
:1068C00002330422002118001CF001FC7B681B78B5
:1068D000622B00D0B0E27B6802331B782E2B00D0F5
:1068E000AAE27B6801331B782F2B00D8A5E37B68D5
:1068F00001331B78362B00D99FE37B6801331A786C
:106900001E203B18303A1A70C74B1B781900C74A33
:106910000B009B005B189B0001219954C24B1B7814
:106920001900C24A0B009B005B189B00D31801336F
:1069300000221A70BC4B1B781900BC4A0B009B004C
:106940005B189B00D318023304003A1812781A70AF
:106950007B680333B649072218001CF0DBFB031EDB
:1069600030D1B14B1B781900B04A0B009B005B186B
:106970009B00D318033305221A703B191A78AD49CE
:106980001300DB009B18CB1808331B781A00012377
:10699000134012D13B191878012305930023049367
:1069A0000023039300230293002301930023009309
:1069B0000023002201210EF099F91F23FB18002269
:1069C0001A7032E27B6803339B490E2218001CF0D8
:1069D000A1FB031E31D1944B1B781900934A0B0085
:1069E0009B005B189B00D318033306221A701E20ED
:1069F0003B181A788F491300DB009B18CB1808331B
:106A00001B781A000223134012D13B181878012377
:106A10000593002304930023039300230293002390
:106A20000193002300930023012200210EF05EF960
:106A30001F23FB1800221A70F7E17B6803337F499C
:106A40000C2218001CF066FB031E00D0F8E01E2488
:106A50003B191A7877491300DB009B18CB180233D7
:106A60001B78002B41D1704B1B7819006F4A0B002B
:106A70009B005B189B00D318033309221A707B68B4
:106A80000F3318001AF00FFF0200674B1B78190034
:106A9000D0B2664A0B009B005B189B00D3180433EE
:106AA000021C1A70604B1B781900604A0B009B0097
:106AB0005B189B00D31804331A783B19187801230C
:106AC00005930023049300230393002302930023E0
:106AD0000193002300931300002200210EF006F919
:106AE0001F23FB1800221A709FE11E243B191A78FD
:106AF00050491300DB009B18CB1803331B78002B85
:106B000040D1494B1B781900484A0B009B005B1889
:106B10009B00D31803330A221A707B680F331800C6
:106B20001AF0C1FE0200404B1B781900D0B23F4A58
:106B30000B009B005B189B00D3180433021C1A70D7
:106B4000394B1B781900394A0B009B005B189B00DE
:106B5000D31804331B783A191078012205920022C9
:106B600004920022039200220292002201920093DA
:106B70000023002200210EF0B9F81F23FB18002289
:106B80001A7052E11E243B191A782A491300DB00BF
:106B90009B18CB1804331B78002B40D1224B1B7859
:106BA0001900224A0B009B005B189B00D31803338B
:106BB0000B221A707B680F3318001AF074FE020063
:106BC000194B1B781900D0B2184A0B009B005B18B8
:106BD0009B00D3180433021C1A70134B1B78190046
:106BE000124A0B009B005B189B00D31804331B78E0
:106BF0003A19107801220592002204920022039291
:106C0000002202920193002300930023002200211E
:106C10000EF06CF81F23FB1800221A7005E11F23E9
:106C2000FB180C221A7000E17C15002018150020BA
:106C30000C8C0208502D0020148C0208248C0208B1
:106C40007B680333C7490D2218001CF063FA031E4A
:106C500000D0EAE01E243B191A78C3491300DB0078
:106C60009B18CB1805331B78002B40D1BF4B1B78EA
:106C70001900BF4A0B009B005B189B00D31803331D
:106C80000C221A707B68103318001AF00CFE0200F8
:106C9000B64B1B781900D0B2B54A0B009B005B18AD
:106CA0009B00D3180433021C1A70B04B1B781900D8
:106CB000AF4A0B009B005B189B00D31804331B7872
:106CC0003A191078012205920022049200220392C0
:106CD000029300230193002300930023002200214C
:106CE0000EF004F81F23FB1800221A709DE01E24EA
:106CF0003B191A789C491300DB009B18CB1806330C
:106D00001B78002B40D1994B1B781900984A0B0037
:106D10009B005B189B00D31803330D221A707B680D
:106D2000103318001AF0BFFD0200904B1B781900B9
:106D3000D0B28F4A0B009B005B189B00D318043322
:106D4000021C1A70894B1B781900894A0B009B00A2
:106D50005B189B00D31804331B783A191078012272
:106D600005920022049203930023029300230193CF
:106D7000002300930023002200210DF0B7FF1F2302
:106D8000FB1800221A7050E01E243B191A7876492D
:106D90001300DB009B18CB1807331B78002B40D166
:106DA000724B1B781900724A0B009B005B189B000A
:106DB000D31803330E221A707B68103318001AF0B0
:106DC00072FD0200694B1B781900D0B2684A0B00B3
:106DD0009B005B189B00D3180433021C1A70634B92
:106DE0001B781900624A0B009B005B189B00D318AC
:106DF00004331B783A19107801220592049300237A
:106E000003930023029300230193002300930023A4
:106E1000002200210DF06AFF1F23FB1800221A70C8
:106E200003E01F23FB180D221A70504B1B7801330F
:106E3000DAB24E4B1A7000E17A684E4B110018001E
:106E40001CF069FA1D23FB1800221A701C23FB1882
:106E500000221A70484A474B110018001CF080F9B4
:106E60000300BB61444B190000201CF079F90300BA
:106E70007B61414B190000201CF072F903003B615B
:106E8000BB69002B01D16723DBE01D257C19BB69A1
:106E90001800FDF757F90300237028003B181B78F2
:106EA000002B24D07B69002B21D13B69002B1ED104
:106EB0002E4B1B7819002E4A0B009B005B189B0081
:106EC00002219954294B1B781900294A0B009B0079
:106ED0005B189B00D31803333A1812781A70234BAF
:106EE0001B780133DAB2214B1A700023A9E07B69C9
:106EF000002B00D19FE03B69002B00D19BE01C25BB
:106F00007C193B691800FDF71DF903002370280068
:106F10003B181B78002B31D0144B1B781900144AF6
:106F20000B009B005B189B00042199540F4B1B78AE
:106F300019000F4A0B009B005B189B00D31803330A
:106F40001D22BA1812781A70084B1B781900084ACB
:106F50000B009B005B189B00D31807333A1812787C
:106F60001A703FE0348C0208502D00207C15002060
:106F70001815002010160020448C0208334B1B7893
:106F80001900334A0B009B005B189B0003219954A6
:106F90002E4B1B7819002E4A0B009B005B189B00A0
:106FA000D31803331D22BA1812781A703B691800DF
:106FB0001AF074FC02000B0010001900FBF7FAFE37
:106FC000031CFB60214B1B781A0013009B009B18CD
:106FD0009B001F4A9B1806330C22B9180422180084
:106FE0001CF0A1F9194B1B781C007B691800FDF7F8
:106FF000DBF803001900164A23009B001B199B00B5
:10700000D31801330A1C1A70104B1B781900104A50
:107010000B009B005B189B00D31801331B78002BDF
:1070200001D167230DE0094B1B780133DAB2074B1E
:107030001A70002305E0672303E0C0461F23FB18F6
:107040001B781800BD4608B0B0BDC0467C150020B6
:107050001815002090B583B000AF786039602B4BD5
:107060001B785A1E2A4913009B009B189B00CB18C3
:107070000C331B68002B01D1002343E0254B1B6818
:10708000002B02D1234B7A681A60224B1B681B78B5
:10709000002B06D11F4B00221A6000233B60002307
:1070A00030E01C4B1B68132118001CF025F802006F
:1070B000194B1A60184B1B68002B11D0154B19681F
:1070C000154B1A68134B1B68D31A1A003B6818003B
:1070D0001CF031F8104B1B685A1C0E4B1A6010E064
:1070E0000C4B1A683B68110018001CF014F9094B8E
:1070F0001C683B681800F9F711F80300E218054B0B
:107100001A6001231800BD4603B090BD7C15002015
:1071100018150020441600204816002090B587B0AE
:1071200000AF0200FB1D1A70FB1D1A7864491300A2
:107130009B009B189B005B5C042B00D1B5E000DD3D
:10714000B5E0032B2BD000DDB1E0012B03D0022BE7
:1071500000D1AEE0ABE0FB1D1A7813243919584872
:1071600013009B009B189B00C31802331B780B7005
:10717000FB1D1A78524913009B009B189B00CB18EB
:10718000033319783B191A784E481300DB009B181B
:107190001B5C994201D101238DE000238BE0FB1D94
:1071A0001A78474913009B009B189B00CB180333A8
:1071B0001B785A1E444913005B009B189B005B58C8
:1071C0001B687B61FB1D1A7813009B009B189B00BA
:1071D0003B4A9B18991D0C23FB18042218001CF035
:1071E000A2F8FB1D1A78364913009B009B189B00E0
:1071F000CB1801331B78062B55D89A00334BD31884
:107200001B689F46FB68191C7869F9F763F9031E30
:1072100000D149E001234EE0FB68191C7869F9F7B9
:1072200073F9031E00D13FE0012344E0FB68191C01
:107230007869F9F755F9031E00D135E00021786926
:10724000F9F748F9031E00D02EE0012333E0FB6874
:10725000191C7869F9F762F9031E00D124E00123B3
:1072600029E0FB68191C7869F9F744F9031E00D17D
:107270001AE000217869F9F72DF9031E00D013E018
:10728000012318E0FB68191C7869F9F723F9031E3C
:1072900000D009E000217869F9F71CF9031E00D03D
:1072A00002E0012307E0C04604E0C04602E0C04619
:1072B00000E0C04600231800BD4607B090BDC046A0
:1072C00018150020502D002054020020488C020880
:1072D00080B582B000AF7B1D00221A70BB1D00225A
:1072E0001A8010F0F5F903003B60BB1D00221A80E4
:1072F0003EE0BB1D1A88254913009B009B189B008C
:10730000CB1810331B78002B2DD0BB1D1B88DBB294
:107310001800FFF703FF031E25D01D4B20221A7013
:1073200010E01C4B18783B681B4A0021FEF7CCFE8E
:107330003B681800F8F7F2FE02003B6800211800D5
:107340001BF0C5FEBB1D1A88104913009B009B183B
:107350009B00CB180C331B680F4A11001800FFF775
:1073600079FE031EDDD1BB1D1A88BB1D01321A80B8
:107370000A4B1B789BB2BA1D12889A42B9D37B1D67
:107380001B781800BD4602B080BDC046181500200D
:1073900040110020301400204C1600207C150020E5
:1073A00080B500AFBFF34F8FC046044B044ADA608C
:1073B000BFF34F8FC046C046FDE7C04600ED00E07A
:1073C0000400FA0580B500AFC046BD4680BD000090
:1073D00080B500AF444B180010F0C4F8434B1800C0
:1073E00010F0C0F8424B180010F0BCF8414B1800E8
:1073F00010F0B8F8404B180010F0B4F83F4B1800EC
:1074000010F0B0F83E4B180010F0ACF83D4B1800EF
:1074100010F0A8F83C4B180010F0A4F83B4B1800F3
:1074200010F0A0F83A4B180010F09CF8394B1800F7
:1074300010F098F8384B180010F094F8374B1800FB
:1074400010F090F8364B180010F08CF8354B1800FF
:1074500010F088F8344B180010F084F8334B180003
:1074600010F080F8324B180010F07CF8314B180007
:1074700010F078F8304B180010F074F82F4B18000B
:1074800010F070F82E4B180010F06CF82D4B18000F
:1074900010F068F82C4B180010F064F82B4B180013
:1074A00010F060F82A4B180010F05CF8294B180017
:1074B00010F058F8284B180010F054F8274B18001B
:1074C00010F050F8264B180010F04CF8254B18001F
:1074D00010F048F8244B22221A700AF0EFFFFFF751
:1074E00071FFC046BD4680BD5C8D0208F48C020869
:1074F000908D0208708F0208A88F0208F88F02088A
:1075000068900208A4900208E490020830920208F1
:10751000F09202086C930208C493020814940208C3
:10752000AC9402080095020858950208D895020804
:107530001496020864960208B4960208149702088A
:107540005C970208A4970208EC9702082C9802089E
:107550007498020854990208D0990208189A0208EF
:10756000689A0208D49A02086711002080B586B094
:1075700000AFF860B9607A600B4B7B617A69FB6899
:10758000110018001BF0C7FE7B691800F8F7C6FD54
:107590000200FB689B18180012F052FB0023180031
:1075A000BD4606B080BDC046E49A020880B586B0EC
:1075B00000AFF860B9607A600B4B7B617A69FB6859
:1075C000110018001BF0A7FE7B691800F8F7A6FD54
:1075D0000200FB689B18180012F0D8FB002318006B
:1075E000BD4606B080BDC046349B020890B585B04C
:1075F00000AFF860B9607A601E4B1B7819001E4A14
:107600000B009B005B185B009B5C002B09D11B4BA4
:107610001968184B1B781A00FB6818001BF0D8FC7F
:1076200011E0174B1968134B1B781C00114B1B788A
:107630001A0013009B009B185B000F4A9B18F86808
:1076400022001BF0C5FC80231B020E4801221900FA
:1076500015F0DBFBC8200FF0C3FE80231B02094896
:107660000022190015F0D1FB00231800BD4605B01B
:1076700090BDC046A100002044120020040100205B
:107680000801002000040050B0B588B002AFF860D7
:10769000B9607A601523FB1800221A70684A7B686B
:1076A0000121180010F01CF80200664B1A60654BAF
:1076B0001B68002B2AD1644B1968644B1B781A0095
:1076C000FB6818001BF084FC614B1A68FB68110012
:1076D00018001BF004FD5F4B1C78FB681800F8F7DE
:1076E0001DFD03009AB2F96801235B420093322327
:1076F00020000FF037FC584B584A1A60584B0122B3
:107700001A700A200FF06CFEFFF74AFE4D4B186806
:107710004B4B1B681A00534B19001BF0FBFC031E5C
:1077200000D078E0504A7B68022118000FF0D8FFA3
:1077300002004E4B1A604E4A7B68032118000FF07E
:10774000CFFF02004B4B1A60484B1B681B785BB2A3
:10775000232B0AD1454B1B68013318001AF0A9F8F6
:1077600002001723FB181A7003E01523FB18682288
:107770001A70404B1B681B785BB2702B0AD13D4BD3
:107780001B68013318001AF094F802001623FB1846
:107790001A7003E01523FB1868221A702B4B1B7814
:1077A00017257A1912789A421DD0334B00221A708D
:1077B000324B16243A1912781A707B191B78012261
:1077C0001A21180003F0E6FD64200FF009FE1F4B9C
:1077D0001878204B1A783B191C787B1919782300EC
:1077E0000AF07CFC1BE016243B1918780023009358
:1077F00019230022002103F01DFE64200FF0F0FD8C
:10780000124B1878114B1978124B1A783B191B78C8
:107810000AF064FC03E01523FB1868221A70152394
:10782000FB181B78682B06D1154B1A68FB681100F2
:1078300018001BF070FD00231800BD4606B0B0BD57
:10784000D0160020D41600200C010020A10000203A
:107850009000002030140020F03F0220EFBEADDE8B
:1078600064110020789B0208D8160020DC16002046
:10787000E0160020E416002040110020FC13002038
:107880001001002080B584B000AFF860B9607A6064
:10789000FFF786FDB0B586B000AFF860B9607A60DA
:1078A0001723FB1800221A702D4A7B68012118004B
:1078B0000FF016FF02002B4B1A60294B1B68092B97
:1078C00004DD284B1B68093300221A70264B1A78F6
:1078D000244B1B6817257C1919001000FDF776FD55
:1078E000030023707B191B78002B0AD11F4B1968EA
:1078F0001D4B1B781A001B4B1B68F8681BF068FBBC
:1079000028E01723FB181B78062B08D1184B1968A1
:10791000144B1A68FB6818001BF05AFB1AE0172377
:10792000FB181B78072B08D1124B19680D4B1A68EE
:10793000FB6818001BF04CFB0CE01723FB181B78AE
:10794000082B07D10C4B1968064B1A68FB68180006
:107950001BF03EFB00231800BD4606B0B0BDC0467C
:10796000E8160020EC160020A100002014010020E1
:10797000180100201C01002020010020B0B594B0A7
:1079800000AFF860B9607A604F23FB1800221A70CC
:107990002023FB1800221A60043323220021180040
:1079A0001BF095FB4C23FB1800221A804A243B193C
:1079B00000221A8014257B1900221A600433062243
:1079C000002118001BF083FB9C4A7B6801211800F2
:1079D0000FF086FE02009A4B1A60994B1968974B7C
:1079E0001B681A007B1918001BF0A5FB3B1901222C
:1079F0001A804923FB1800221A701BE04923FB1848
:107A00001A7813009B009B185B008E4A9A18142367
:107A1000FB1811001800F8F777FB031E04D14A2366
:107A2000FB1800221A800AE049217B181A787B187B
:107A300001321A704923FB181B78092BDED9824BBF
:107A400002221A70FA68814B100019000A231A00EA
:107A50001BF069FC7C4B1B785BB219007C4A7B688D
:107A600018000FF03DFE02007A4B1A605DE0794B82
:107A70001968774B1B681A0020243B1918001BF06B
:107A80005AFB734B1B6820003A180021D1544C2537
:107A90007C193B181800FDF7EBFB030023807B19D2
:107AA00000229B5E002B45DB7B191B88DBB24F2538
:107AB0007C191422BA1811001800FDF727FD0300E5
:107AC00023707B191B78002B36D15F4B1B785BB280
:107AD000022B0EDDFB681800F8F720FB03001A00EC
:107AE000FB689A185C4B1000190003231A001BF066
:107AF0001AFC2023FA18FB68110018001BF0EFFA9B
:107B0000514B1B785BB2DBB20133DBB25AB24E4B46
:107B10001A704D4B1B785BB219004D4A7B681800F8
:107B20000FF0DEFD02004B4B1A604A4B1B68002B26
:107B30009DD102E0C04600E0C0464C23FB18002265
:107B40009B5E002B08DA454B19682023FA18FB6866
:107B500018001BF03DFA6CE03B4B1B785BB2022B2C
:107B600008D13F4B19681423FA18FB6818001BF062
:107B70002FFA5EE04F23FB181B78002B15D14A2308
:107B8000FB1800229B5E002B0FD0364B1968142384
:107B9000FA1820243B1918001BF01AFA3A19FB684E
:107BA000110018001BF09BFA43E04F23FB181B78D1
:107BB000002B15D14A23FB1800229B5E002B0FD10E
:107BC000294B19681423FA1820243B1918001BF0BC
:107BD000FFF93A19FB68110018001BF080FA28E041
:107BE0004F23FB181B78062B08D1204B1968142350
:107BF000FA18FB6818001BF0EBF91AE04F23FB188A
:107C00001B78072B08D11A4B19681423FA18FB6844
:107C100018001BF0DDF90CE04F23FB181B78082B34
:107C200007D1144B19681423FA18FB6818001BF0CD
:107C3000CFF900231800BD4614B0B0BDF0160020E7
:107C4000F4160020D8110020F81600207C9B0208B2
:107C5000FC16002000170020889B02082401002049
:107C6000280100202C0100203001002034010020D8
:107C7000380100203C01002080B584B000AFF860DE
:107C8000B9607A600020FDF713F900231800BD46A3
:107C900004B080BD90B589B002AFF860B9607A6079
:107CA00017217B1800221A70334B1B78012B04D943
:107CB0007C180FF09DFA030023702F4B1B781A00DD
:107CC0002E49FB6818001BF083F92D4B1C78FB68CC
:107CD0001800F8F723FA03009AB2F96801235B420F
:107CE0000093322320000FF03DF9264AFB68110073
:107CF00018001BF06DF9224B1C78FB681800F8F790
:107D00000DFA03009AB2F96801235B420093322313
:107D100020000FF027F91A4B1B781800FCF714FF0E
:107D2000174B1B781800FDF737F81723FB181B7843
:107D3000022B15D1144AFB68110018001BF048F9FA
:107D40000F4B1C78FB681800F8F7E8F903009AB2AB
:107D5000F96801235B420093322320000FF002F9FF
:107D60000A4AFB68110018001BF032F900231800C2
:107D7000BD4607B090BDC046A00000208C9B020805
:107D800030140020A89B0208BC9B0208009C02083B
:107D9000F0B59FB006AFF860B9607A605C23FB185D
:107DA00000221A700023FB640023BB6400237B6461
:107DB00000233B640023FB630023BB6300237B633E
:107DC0005F23FB1800221A705E243B1900221A70F0
:107DD0005D23FB1800221A705B23FB1800221A7027
:107DE0005A23FB1800221A7000237B6500233B6591
:107DF0002823FB1800221A600433062200211800F1
:107E00001BF065F91C23FB1800221A6004330622BC
:107E1000002118001BF05BF91023FB1800221A60E8
:107E200004330622002118001BF051F94C23FA18E4
:107E30007B68012118000FF053FC0200804B1A6090
:107E40007F4B1B681B785BB2502B08D17C4B1B68A7
:107E50000133180019F02DFD02003B191A70482358
:107E6000FA187B68022118000FF03AFC0200754BEB
:107E70001A60744B1968BB6C1A0028243B1918004F
:107E80001BF059F93B191800FDF7F2F903001A002D
:107E90005B23FB181A704423FA187B68032118002F
:107EA0000FF01EFC0200684B1A60674B1B681B78C2
:107EB0005BB2702B09D1644B1B680133180019F0B9
:107EC000F8FC02005D23FB181A704023FA187B6847
:107ED000042118000FF004FC02005C4B1A605B4B9D
:107EE00019683B6C1A001C243B1918001BF023F97D
:107EF0003B191800FDF7BCF903001A005A23FB18C0
:107F00001A703C23FA187B68052118000FF0E8FB73
:107F100002004F4B1A604E4B1B68FA6B4D4918001C
:107F20001BF0F8F8031E04D15F23FB1800221A701F
:107F30001AE0474B1B68FA6B474918001BF0EAF838
:107F4000031E04D15F23FB1801221A700CE0404B82
:107F50001B68FA6B414918001BF0DCF8031E03D1C3
:107F60005F23FB1802221A70394B1968FB6B1A0049
:107F70001026BB1918001BF0DEF83823FA187B68AE
:107F8000062118000FF0ACFB0200354B1A60344B91
:107F90001B68180019F08DFC03007B653423FA1868
:107FA0007B68072118000FF09BFB02002D4B1A6025
:107FB0002C4B1B68180019F07CFC03003B655C230C
:107FC000FC185A22BB181D785D22BB181A785B2159
:107FD0007B1819785E203B181878002303933B6DBB
:107FE00002937B6D01935F23FB181B7800932B009A
:107FF00003F07AFD030023705C23FB181B78002B31
:1080000018D1194B19685E203B181D785D22BB18EA
:108010001B78BC19F8683A6D04927A6D03921C22A1
:10802000BA18029201932823FB1800932B00220018
:108030001AF0CEFF00231800BD4619B0F0BDC046AF
:1080400004170020081700200C170020101700202C
:1080500014170020049C02080C9C0208189C0208BB
:10806000181700201C17002040010020F0B58BB02D
:1080700002AFF860B9607A601D23FB1800221A7005
:108080000023BB6100237B611F23FB1800221A70B1
:108090001E243B1900221A701823FA187B6801214C
:1080A00018000FF01DFB02003D4B1A603C4B1B6893
:1080B000BA693C4918001BF02DF8031E03D13B1987
:1080C00001221A7028E0364B1B68BA69364918003D
:1080D0001BF020F8031E04D11E23FB1802221A7085
:1080E0001AE02F4B1B68BA69304918001BF012F8D0
:1080F000031E04D11E23FB1803221A700CE0284B28
:108100001B68BA692A4918001BF004F8031E03D142
:108110001E23FB1804221A701423FA187B6802210C
:1081200018000FF0DDFA0200224B1A60214B1B6889
:108130001B785BB2702B09D11E4B1B6801331800F2
:1081400019F0B7FB02001F23FB181A701D26BC197B
:108150001F257B191A781E23FB181B7811001800A5
:108160000CF08CFB03002370BB191B78002B12D181
:108170000B4B1B68BA699B1800221A700E4B1968CA
:10818000074B1A687B191C787B191B78F8680093D9
:1081900023001AF01DFF00231800BD4609B0F0BDF2
:1081A00020170020289C0208389C0208489C0208DE
:1081B000549C02082417002044010020F0B587B029
:1081C00000AFF860B9607A601623FB1800221A70BD
:1081D00000233B6117243B1900221A701023FA1860
:1081E0007B68012118000FF07BFA0200164B1A6021
:1081F000154B1B681B785BB2702B08D1124B1B68A8
:108200000133180019F055FB02003B191A701626AD
:10821000BC1917257B191B7818000CF063FC0300B0
:108220002370BB191B78002B08D1084B19687B19E8
:108230001A787B191B78F8681AF0CAFE0023180018
:10824000BD4607B0F0BDC0462817002048010020F9
:10825000F0B5CE46474680B595B006AFF860B96038
:108260007A603723FB1800221A7000237B620023F8
:108270003B620023FB610023BB6100237B61302351
:10828000FB1800221A800023FB623623FB18002211
:108290001A702423FA187B68012118000FF020FAC5
:1082A0000200E24B1A60E14B1B68E149042218000E
:1082B0001AF030FF031E00D04DE22023FA187B682D
:1082C000022118000FF00CFA0200DA4B1A60D74BAB
:1082D0001B68181D7B6A043B1A00D74B19001AF063
:1082E00019FF031E00D07DE0D24B1B683A6AD349C8
:1082F00018001AF00FFF031E14D1D14B60221A7020
:10830000CF4B5B781B021AB2CD4B1B781BB21343C9
:108310001BB29AB28A235B00110018000BF0E4F83C
:1083200000F03AFDC34B1B683A6AC64918001AF0C0
:10833000F1FE031E14D1C24B20221A70C04B5B7891
:108340001B021AB2BE4B1B781BB213431BB29AB26C
:108350008A235B00110018000BF0C6F800F01CFD2A
:10836000B44B1B683A6AB84918001AF0D3FE031ED2
:1083700014D1B34B40221A70B14B5B781B021AB276
:10838000AF4B1B781BB213431BB29AB28A235B001C
:10839000110018000BF0A8F800F0FEFCA54B1B68BC
:1083A0003A6AAA4918001AF0B5FE031E14D1A44B6C
:1083B00000221A70A24B5B781B021AB2A04B1B78EA
:1083C0001BB213431BB29AB28A235B001100180040
:1083D0000BF08AF800F0E0FC3723FB1868221A70D3
:1083E00000F0DAFC914B1B68181D7B6A043B1A00F5
:1083F000974B19001AF08EFE031E00D07DE08D4BC6
:108400001B683A6A8D4918001AF084FE031E14D1C5
:108410008B4B03225A708A4B5B781B021AB2884B33
:108420001B781BB213431BB29AB28A235B00110064
:1084300018000BF059F800F0AFFC7E4B1B683A6A4D
:10844000804918001AF066FE031E14D17C4B0122ED
:108450005A707B4B5B781B021AB2794B1B781BB2AC
:1084600013431BB29AB28A235B00110018000BF071
:108470003BF800F091FC6F4B1B683A6A6E4918009C
:108480001AF048FE031E14D16D4B02225A706C4B39
:108490005B781B021AB26A4B1B781BB213431BB2E8
:1084A0009AB28A235B00110018000BF01DF800F04F
:1084B00073FC604B1B683A6A644918001AF02AFE84
:1084C000031E14D15E4B00225A705D4B5B781B0279
:1084D0001AB25B4B1B781BB213431BB29AB28A23AE
:1084E0005B00110018000AF0FFFF00F055FC372375
:1084F000FB1868221A7000F04FFC4C4B1B68181DCB
:108500007B6A043B1A00534B19001AF003FE031E4A
:108510002DD1484B1B68180019F0C5F90300FB6208
:10852000FA6AE1231B039A421BD84B4BFA6A9A6002
:10853000494B9B689AB28C235B00110018000AF02B
:10854000D3FF454B9B681B0C9AB21A23FF331100D3
:1085500018000AF0C9FF3623FB1801221A7000F038
:108560001BFC3723FB1868221A7000F015FC2F4BF8
:108570001B68181D7B6A043B1A00384B19001AF05F
:10858000C9FD031E22D12B4B1B68180019F08BF973
:10859000020030217B181A800A00BB181B88002BB0
:1085A0000ED02D4B1100BA1812881A807B181A8829
:1085B0001623FF33110018000AF096FF00F0ECFBC1
:1085C0003723FB1868221A7000F0E6FB174B1B6874
:1085D000181D7B6A043B1A00214B19001AF09AFD02
:1085E000031E3FD1134B1B68180019F05CF9020001
:1085F00030217B181A800A00BB181B88002B0ED074
:10860000154B1100BA1812885A807B181A888B23D0
:108610005B00110018000AF067FF00F0BDFB372374
:10862000FB1868221A7000F0B7FBC0462C17002018
:10863000609C020830170020689C0208749C0208A5
:1086400040110020789C0208809C0208849C02084B
:108650008C9C0208949C020848110020A09C0208EF
:10866000AC9C0208D94B1B68181D7B6A043B1A009E
:10867000D74B19001AF04EFD031E2ED1D54B1B68A7
:10868000180019F010F9020030217B181A800A0036
:10869000BB181B88002B1AD0BB181B88FF2B16D8C1
:1086A000BB181B88DAB2CC4B1A71CB4B5B791B021F
:1086B0001AB2C94B1B791BB213431BB29AB21823CF
:1086C000FF33110018000AF00FFF00F065FB37239D
:1086D000FB1868221A7000F05FFBBC4B1B68181D6A
:1086E0007B6A043B1A00BD4B19001AF013FD031EF0
:1086F0002CD1B84B1B68180019F0D5F802003021B6
:108700007B181A800A00BB181B88002B19D0BB18D5
:108710001B88FF2B15D8BB181B88DAB2AE4B5A71D9
:10872000AD4B5B791B021AB2AB4B1B791BB21343E7
:108730001BB29AB21823FF33110018000AF0D4FEBE
:108740002AE33723FB1868221A7025E33723FB1826
:1087500067221A7020E39D4B1B68A1490422180070
:108760001AF0D8FC031E00D0A6E02023FA187B687C
:10877000022118000EF0B4FF0200964B1A601C2371
:10878000FA187B68032118000EF0AAFF0200954B2F
:108790001A601823FA187B68042118000EF0A0FF55
:1087A0000200914B1A601423FA187B680521180007
:1087B0000EF096FF02008D4B1A60864B1B68180066
:1087C00019F071F802003523FB181A70854B1B68ED
:1087D000180019F068F802003423FB181A70824B55
:1087E0001B68180019F05FF802002B23FB181A70A1
:1087F0007E4B1B68002B1FD07C4B1B687C490222E0
:1088000018001AF087FC031E04D13323FB18012241
:108810001A7011E0754B1B687649022218001AF095
:1088200079FC031E04D13323FB1802221A7003E0E3
:108830003723FB1868221A703723FB181B78002B8C
:1088400000D0A9E23523FB181B78172B09D8342355
:10885000FB181B783B2B04D82B23FB181B783B2BD6
:1088600004D93723FB1868221A7095E20DF0CCFD6D
:10887000594B987D584B597D574B1A8B564B1D7D44
:10888000554B1B7B5BB237243C1904933323FB18F5
:108890001B7803933523FB181B7802933423FB18B2
:1088A0001B7801932B23FB181B7800932B000DF0F2
:1088B00017FD030023706FE2444B1B684E490422EE
:1088C00018001AF027FC031E00D061E22023FA18DA
:1088D0007B68022118000EF003FF02003D4B1A6076
:1088E0001C23FA187B68032118000EF0F9FE020021
:1088F0003C4B1A601823FA187B68042118000EF00C
:10890000EFFE0200384B1A601423FA187B68052129
:1089100018000EF0E5FE0200344B1A60324B1B6863
:10892000180018F0C0FF02002B23FB181A702F4B01
:108930001B68180018F0B7FF02003023FB181A80DC
:10894000244B1B682D49062218001AF0E3FB031E76
:1089500004D13523FB1801221A7079E01D4B1B68E6
:108960002749072218001AF0D5FB031E04D135232E
:10897000FB1802221A706BE0164B1B682149092272
:1089800018001AF0C7FB031E04D13523FB1803227D
:108990001A705DE00F4B1B681B49082218001AF083
:1089A000B9FB031E04D13523FB1804221A704FE0D3
:1089B000084B1B681549062218001AF0ABFB031E72
:1089C00026D13523FB1805221A7041E02C17002010
:1089D000BC9C02083017002048110020D09C0208DF
:1089E000BC94020834170020381700203C170020E0
:1089F000E49C0208E89C020810950208EC9C02081E
:108A0000F49C0208FC9C0208089D0208149D0208C0
:108A1000C14B1B68C149082218001AF07BFB031EDA
:108A200004D13523FB1806221A7011E0BA4B1B68DB
:108A3000BB49062218001AF06DFB031E04D1352332
:108A4000FB1807221A7003E03723FB1868221A70FC
:108A5000B44B1B68B449072218001AF05BFB031ED5
:108A600008D0B04B1B68B149022218001AF052FB23
:108A7000031E04D13423FB1801221A7000E1A94B14
:108A80001B68AB49082218001AF044FB031E08D0EB
:108A9000A44B1B68A749022218001AF03BFB031ED7
:108AA00004D13423FB1802221A70E9E09D4B1B68A5
:108AB000A149052218001AF02DFB031E08D0994B7E
:108AC0001B689E49022218001AF024FB031E04D1E1
:108AD0003423FB1803221A70D2E0924B1B6898498A
:108AE000052218001AF016FB031E08D08D4B1B68D8
:108AF0009449022218001AF00DFB031E04D13423FE
:108B0000FB1804221A70BBE0864B1B688E490322B7
:108B100018001AF0FFFA031E08D0824B1B688B491D
:108B2000022218001AF0F6FA031E04D13423FB18AF
:108B300005221A70A4E07B4B1B68854904221800AB
:108B40001AF0E8FA031E08D0764B1B68814902220E
:108B500018001AF0DFFA031E04D13423FB18062292
:108B60001A708DE06F4B1B687B49042218001AF0C5
:108B7000D1FA031E08D06B4B1B68784902221800FB
:108B80001AF0C8FA031E04D13423FB1807221A7006
:108B900076E0644B1B687249052218001AF0BAFA95
:108BA000031E08D05F4B1B686E49022218001AF0A2
:108BB000B1FA031E04D13423FB1808221A705FE0B7
:108BC000584B1B686849092218001AF0A3FA031EC3
:108BD00008D0544B1B686549022218001AF09AFA13
:108BE000031E04D13423FB1809221A7048E04D4BB0
:108BF0001B685F49072218001AF08CFA031E08D080
:108C0000484B1B685B49022218001AF083FA031EC6
:108C100004D13423FB180A221A7031E0414B1B683F
:108C20005549082218001AF075FA031E08D03D4B6A
:108C30001B685249022218001AF06CFA031E04D174
:108C40003423FB180B221A701AE0364B1B684C4970
:108C5000082218001AF05EFA031E08D0314B1B6878
:108C60004849022218001AF055FA031E04D1342391
:108C7000FB180C221A7003E03723FB1868221A70C5
:108C80003723FB181B78002B00D085E02B22BB1864
:108C90001B78002B0FD0BB181B781F2B0BD8302153
:108CA0007B181A88FA23DB009A4204D37B181B88AE
:108CB000354A934204D93723FB1868221A706BE0B7
:108CC0000DF0A2FB314B1B7C304A527C2F49897C32
:108CD0002E48C07C2D4C247B65B237243C193526A8
:108CE000BE193678B1463026BE193688B0462B26D6
:108CF000BE193678B4463426BE19367804950390EA
:108D00000291019200934B464246614630000DF0BD
:108D1000E7FA030023703FE0301700201C9D020893
:108D2000289D020834170020309D0208389D020853
:108D30003C9D0208489D02084C9D0208549D020873
:108D4000589D0208609D0208649D0208689D020803
:108D50006C9D0208749D0208789D0208809D02089F
:108D6000849D02088C9D0208909D02089C9D02082B
:108D7000A09D0208A89D0208AC9D0208B89D0208AB
:108D8000BC9D0208C89D020834080000481100205C
:108D90003723FB1867221A703723FB181B78002B28
:108DA00022D1224B1B687A6A9B1800221A70204B32
:108DB00019681E4B1A681F4B1B68F8681AF008F9EF
:108DC0003623FB181B78012B27D11B4B1A68FB6835
:108DD000110018001AF083F9184B1A68FB6811008B
:108DE00018001AF07CF918E03723FB181B78672B62
:108DF00007D1134B1A68FB68110018001AF08BFAA0
:108E00000BE03723FB181B78682B06D10D4B1A6833
:108E1000FB68110018001AF07EFA00231800BD4606
:108E20000FB0C0BCB946B046F0BDC0462C170020FC
:108E30004C01002030170020500100205401002078
:108E4000580100205C01002080B588B000AFF860B8
:108E5000B9607A601F23FB1800221A700023BB61DF
:108E600000237B611E23FB1800221A701D23FB18B0
:108E700000221A701C23FB1800221A701823FA18FB
:108E80007B68012118000EF02BFC0200C14B1A6018
:108E9000C04B1B68C049042218001AF03BF9031E9E
:108EA00000D0D6E0BB4B1B68181DBB69043B1A0001
:108EB000BA4B19001AF02EF9031E28D1B84B1B78B3
:108EC000602B07D1B74B1968B74AFB6818001AF036
:108ED0007FF840E1B24B1B78202B07D1B14B1968CA
:108EE000B24AFB6818001AF073F834E1AC4B1B78F7
:108EF000002B07D1AB4B1968AD4AFB6818001AF07C
:108F000067F828E11F23FB1868221A7023E1A14BA0
:108F10001B68181DBB69043B1A00A64B19001AF008
:108F2000F9F8031E28D19E4B5B78032B07D19D4B8C
:108F300019689D4AFB6818001AF04AF80BE1984B33
:108F40005B78012B07D1974B1968984AFB6818008A
:108F50001AF03EF8FFE0924B5B78002B07D1914B63
:108F60001968934AFB6818001AF032F8F3E01F23DF
:108F7000FB1868221A70EEE0864B1B68181DBB694F
:108F8000043B1A008C4B19001AF0C4F8031E07D1D9
:108F90008A4B9A688A49FB6818001AF019F8DAE0D7
:108FA0007C4B1B68181DBB69043B1A00854B1900DC
:108FB0001AF0B0F8031E08D1804B1B881A008049B4
:108FC000FB6818001AF004F8C5E0724B1B68181D06
:108FD000BB69043B1A007C4B19001AF09BF8031E76
:108FE00008D1764B5B881A007549FB68180019F0A8
:108FF000EFFFB0E0674B1B68181DBB69043B1A000C
:10900000724B19001AF086F8031E08D16B4B1B79BE
:109010001A006B49FB68180019F0DAFF9BE05D4B02
:109020001B68181DBB69043B1A00694B19001AF034
:1090300071F8031E08D1614B5B791A006049FB6827
:10904000180019F0C5FF86E01F23FB1867221A706D
:1090500081E0504B1B685F49052218001AF05AF84E
:10906000031E00D073E01423FA187B680221180055
:109070000EF036FB0200584B1A601E23FB1800222C
:109080001A701D23FB1800221A701AE0524B186840
:109090001D23FB181A7813009B009B185B004F4A96
:1090A0009B181900F7F730F8031E04D11E23FB1894
:1090B00001221A700AE01D217B181A787B180132F0
:1090C0001A701D23FB181B78092BDFD91E23FB18F0
:1090D0001B78002B09D1424B19683F4B1A68FB687B
:1090E000180019F075FF002350E03E4B19683A4B09
:1090F0001A68FB68180019F06BFF1C23FB1801228B
:109100001A701CE01C217B181B785A1E364B52002B
:10911000D35A1A001D23FB181B781A411300012291
:10912000134006D07B181B78FA683049F86819F0AC
:109130004FFF1C217B181A787B1801321A702C4BB8
:109140001B781C22BA1812789A42DBD903E01F233D
:10915000FB1867221A701F23FB181B78672B07D197
:10916000244B1A68FB68110018001AF0D4F80CE0C0
:109170001F23FB181B78682B07D11F4B1968054B61
:109180001A68FB68180019F023FF00231800BD4679
:1091900008B080BD40170020609C0208689C02084F
:1091A0004011002060010020749C0208CC9D020840
:1091B000849C02088C9C0208949C020848110020A0
:1091C000D09D0208A09C0208AC9C0208BC9C02082E
:1091D000D09C02080890020844170020D8110020F3
:1091E000640100206801002068120020D89D020858
:1091F000A00000206C0100207001002090B587B015
:1092000000AFF860B9607A601723FB1800221A706B
:1092100000233B611023FA187B68012118000EF02F
:109220005FFA0200294B1A60284B1B683A692849EB
:10923000180019F06FFF031E11D1264B264A13CADE
:1092400013C313CA13C312681A60FAF733FE234B11
:109250001A68FB68110018001AF05DF824E01B4B37
:109260001B683A691E49180019F054FF031E17D1F4
:1092700000221621FF2002F08DF81A4B02221A70EC
:1092800064200EF0ADF8FAF791FE64200EF0A8F815
:10929000154B1A68FB68110018001AF03CF803E03F
:1092A0001723FB1868221A701723FB181B78682BEA
:1092B00006D10E4B1A68FB68110018001AF02BF843
:1092C00000231800BD4607B090BDC04648170020D7
:1092D000E09D0208481100201C00002074010020BD
:1092E000E89D020864110020780100207C01002024
:1092F000F0B589B004AFF860B9607A600DF084F819
:109300002C4B5B7B182B14D12B4B1968294B9B7C66
:109310001C00284B5B7C1D00264B1B7C1A00254B38
:10932000DB89F868019300922B00220019F050FEAF
:109330003AE0204B5B7B0C2B36D11E4BDB7C012BA8
:1093400017D11E4B19681B4B9B7C1D00194B5B7C76
:109350001E00184B1B7C1A00164BDB891C00F8689A
:10936000174B02930194009233002A0019F030FE4B
:109370001AE0104BDB7C022B16D1104B19680D4BF9
:109380009B7C1D000B4B5B7C1E000A4B1B7C1A0058
:10939000084BDB891C00F8680A4B02930194009289
:1093A00033002A0019F014FE00231800BD4605B052
:1093B000F0BDC0464811002080010020840100203B
:1093C000F09D0208F49D020890B585B000AFF860EA
:1093D000B9607A600DF018F8074B1C68FCF7A2FB27
:1093E0000200FB682100180019F0F2FD00231800AC
:1093F000BD4605B090BDC0468801002090B58BB039
:1094000000AFF860B9607A602723FB1800221A7059
:1094100000237B6100233B611423FA187B68012140
:1094200018000EF05DF903003B623B6A1B785BB2EB
:10943000702B09D13B6A0133180018F03AFA020088
:109440002623FB181A7003E02723FB1868221A70E2
:109450001023FA187B68022118000EF041F903006E
:10946000FB61FB69180018F024FA0300BB61272395
:10947000FB181B78682B07D10E4B1A68FB6811008C
:10948000180019F048FF0FE0BA6926243B191B7831
:10949000110018000DF0F8FD074B19683B191B78F7
:1094A000BA69F86819F094FD00231800BD460BB0A6
:1094B00090BDC0468C0100209001002080B586B090
:1094C00000AFF860B9607A60154B1A681549FB68FF
:1094D000180019F07DFD1723FB1800221A7005E013
:1094E00017217B181A787B1801321A701723FB1882
:1094F0001B78022BF4D9FB681800F6F70FFE030067
:109500001A00FB689A18084B1000190003231A0070
:1095100019F009FF00231800BD4606B080BDC04603
:1095200094010020F89D0208FC9D020890B587B0C8
:1095300000AFF860B9607A6016243B1900221A80E7
:1095400011F066FA02003B191A803B191B88254A64
:1095500094466344082B2CD89A00234BD3181B68DD
:109560009F46224B1968224AFB68180019F030FD0B
:1095700027E01E4B19681F4AFB68180019F028FDE8
:109580001FE01A4B19681C4AFB68180019F020FDEF
:1095900017E0164B1968194AFB68180019F018FDF6
:1095A0000FE0124B1968164AFB68180019F010FDFD
:1095B00007E00E4B1968134AFB68180019F008FD04
:1095C000C046114B1C6811F017FA03001B0BFA6818
:1095D000F868210019F0FCFC00231800BD4607B014
:1095E00090BDC046C0FBFFFF449E020898010020CA
:1095F000009E02080C9E0208189E0208249E020883
:10960000309E02083C9E02089C01002080B584B078
:1096100000AFF860B9607A60074B1968074B1B68A8
:109620001B041A0CFB68180019F0D2FC0023180068
:10963000BD4604B080BDC046A0010020CCF7FF1F8E
:10964000F0B58FB004AFF860B9607A601823FB18EA
:10965000D54A13CA13C312881A80D44B1C78D44B32
:109660001D68D34B1B681800F6F758FD03009AB22B
:1096700001235B4200933223290020000DF072FC8D
:109680002723FB1801221A702623FB1800221A70C8
:1096900076E126203B181A78C64913009B009B18D8
:1096A0009B005B5C002B1AD0C34B1C682723FB1864
:1096B0001D783B181A78BF4913009B009B189B002C
:1096C000CB1810331B7819001823FA180B00DB0095
:1096D0005B1AD318F8682A00210019F079FC2623B8
:1096E000FB181A78B34913009B009B189B005B5C26
:1096F000012B03D0032B00D1B5E0FBE02623FB18A0
:109700001A78AC4913009B009B189B00CB180333BD
:109710001B780E2B00DDA4E00C2B00DB75E00B2B7F
:1097200000DD9EE0092B44DA052B02D0062B20D069
:1097300097E0A24B1C6826203B181A789D4913001D
:109740009B009B189B00CB1802331B781D003B1815
:109750001A78984913009B009B189B00CB180C3378
:109760001B68FA68F86800932B00210019F030FCA0
:1097700078E0934B1C6826203B181A788D4913001B
:109780009B009B189B00CB1802331B781D003B18D5
:109790001A78884913009B009B189B00CB180C3348
:1097A0001B68FA68F86800932B00210019F010FC80
:1097B00058E0844B1C6826203B181A787D4913001A
:1097C0009B009B189B00CB1802331B781E003B1894
:1097D0001A78784913009B009B189B00CB18043320
:1097E0001B781D003B181A78724913009B009B18C8
:1097F0009B00CB180C331B68FA68F868019300953E
:109800003300210019F0E4FB2CE06F4B1C6826208C
:109810003B181A78674913009B009B189B00CB18D4
:1098200002331B781E003B181A78624913009B0014
:109830009B189B00CB1804331B781D003B181A782B
:109840005C4913009B009B189B00CB180C331B68D2
:10985000FA68F868019300953300210019F0B8FB0D
:1098600000E0C04646E026243B191A7813009B000E
:109870009B189B004F4A9B18991D1423FB18042228
:10988000180019F050FD514B1D6820003B181A7844
:10989000484913009B009B189B00CB1803331B788F
:1098A0005A1E4B4913005B009B189B00CB180833D2
:1098B0001E683B181A783F4913009B009B189B00B9
:1098C000CB1801331B785A1E13005B009B18414ACA
:1098D0009C187B69181CF9F725FA02000B00F9683F
:1098E000F86802920393009433000A00290019F0EB
:1098F0006FFBC04610E0384B1968384BFA68F868BF
:1099000019F066FB354B1800F6F708FC0200334BE4
:109910000021180019F0DBFB26257B191A78254950
:1099200013009B009B189B00CB180C331B682B4A21
:1099300011001800FDF78EFB031EDCD1284B1A68BE
:10994000FB681100180019F0CAFB184B1C78FB6863
:109950001800F6F7E3FB03009AB2F96801235B42B3
:109960000093322320000DF0FDFA2722BB18BA180D
:10997000127801321A707B191A787B1901321A7029
:10998000184B1B782622BA1812789A4200D280E629
:10999000154B1A68FB681100180019F0BCFC002375
:1099A0001800BD460BB0F0BD689E020830140020C0
:1099B000A401002018150020A8010020AC010020FF
:1099C000B0010020B4010020B8010020BC0100203B
:1099D000540200206C8C0208C00100204C170020AB
:1099E000C40100207C150020C801002080B588B08B
:1099F00000AFF860B9607A6000233B611F23FB1859
:109A000000221A701023FA187B68012118000DF04B
:109A100067FE0300BB61BB69180017F044FF02003A
:109A200017217B181A700A00BB181B78002B05D071
:109A3000184B1B78BA1812789A4203D91F23FB18C7
:109A4000FF221A701F23FB181B78002B16D1172337
:109A5000FB181B785A1E104913009B009B189B0093
:109A6000CB18103301221A7008F02EF90B4B1A682C
:109A7000FB681100180019F04EFC06E0084B1A684C
:109A8000FB681100180019F046FC00231800BD46C1
:109A900008B080BD7C15002018150020CC010020E6
:109AA000D001002080B588B000AFF860B9607A605E
:109AB00000233B611F23FB1800221A701023FA18A1
:109AC0007B68012118000DF00BFE0300BB61BB6930
:109AD000180017F0E8FE020017217B181A700A0020
:109AE000BB181B78002B05D0184B1B78BA181278BE
:109AF0009A4203D91F23FB18FF221A701F23FB1859
:109B00001B78002B16D11723FB181B785A1E1049FF
:109B100013009B009B189B00CB18103300221A7077
:109B200008F0D2F80B4B1A68FB681100180019F006
:109B3000F2FB06E0084B1A68FB681100180019F0E8
:109B4000EAFB00231800BD4608B080BD7C1500204C
:109B500018150020D4010020D801002090B589B04C
:109B600000AFF860B9607A6000233B611F23FB18E7
:109B700000221A701023FA187B68012118000DF0DA
:109B8000AFFD0300BB61BB69180017F08CFE02003B
:109B900017217B181A700A00BB181B78002B05D000
:109BA0005F4B1B78BA1812789A4203D91F23FB180F
:109BB000FF221A701F23FB181B78002B00D096E0A1
:109BC00017243B191B785A1E564913009B009B18FB
:109BD0009B0000225A543B191B785A1E514913000E
:109BE0009B009B189B00CB18013300221A703B1975
:109BF0001B785A1E13009B009B189B00494A9B1818
:109C0000023304220021180019F061FA3B191B7875
:109C10005A1E444913009B009B189B00CB1810331D
:109C200000221A703B191B785A1E3E4913009B00F4
:109C30009B189B00CB180C331B68180017F04AFECA
:109C400020003B181B785A1E364913009B009B18B6
:109C50009B00CB180C3300221A601E23FB183A1805
:109C600012781A7034E01E203B181A782D49130020
:109C70009B009B189B005B5C002B23D001007B1892
:109C80001B785A1E13009B009B189B00254A9818AE
:109C90000C007B181A7813009B009B189B00214A2C
:109CA0009B181422190019F03EFB3B191A78130077
:109CB0009B009B189B001B4A9B1814220021180034
:109CC00019F005FA1E217B181A787B1801321A70D8
:109CD000134B1B781E22BA1812789A42C3D3104B2A
:109CE0001B78013BDAB20E4B1A7007F0EDFF1F2311
:109CF000FB181B78002B07D10B4B1A68FB6811006F
:109D0000180019F008FB06E0084B1A68FB68110000
:109D1000180019F000FB00231800BD4609B090BDE3
:109D20007C15002018150020DC010020E001002037
:109D300090B58BB000AFF860B9607A600023BB616A
:109D400000237B612723FB1800221A701823FA18BE
:109D50007B68012118000DF0C3FC03003B623B6AE5
:109D60001B785BB2702B09D13B6A0133180017F0E6
:109D7000A0FD02002623FB181A7003E02723FB181E
:109D800067221A701423FA187B68022118000DF05C
:109D9000A7FC0300FB61FB691B785BB2702B09D148
:109DA000FB690133180017F084FD02002523FB181E
:109DB0001A7003E02723FB1867221A702722BB18AA
:109DC0001B78002B0DD1BC182523FB181A782623ED
:109DD000FB181B7811001800FBF7D2FE030023705C
:109DE00003E02723FB1867221A702723FB181B7830
:109DF000002B0BD1124B19682623FB181A78252348
:109E0000FB181B78F86819F0E3F813E02723FB1818
:109E10001B78672B07D10B4B1A68FB6811001800E1
:109E200019F079FA06E0084B1A68FB68110018006F
:109E300019F071FA00231800BD460BB090BDC04662
:109E4000E4010020E8010020EC01002090B58BB077
:109E500000AFF860B9607A600023BB6100237B61CA
:109E60002723FB1800221A701823FA187B68012197
:109E700018000DF035FC03003B623B6A1B785BB2B7
:109E8000702B09D13B6A0133180017F012FD020054
:109E90002623FB181A7003E02723FB1867221A7089
:109EA0001423FA187B68022118000DF019FC030036
:109EB000FB61FB691B785BB2702B09D1FB69013335
:109EC000180017F0F6FC02002523FB181A7003E0B7
:109ED0002723FB1867221A702722BB181B78002B38
:109EE0000DD1BC182523FB181A782623FB181B78E4
:109EF00011001800FBF76AFE0300237003E027231C
:109F0000FB1867221A702723FB181B78002B0BD134
:109F1000124B19682623FB181A782523FB181B7887
:109F2000F86819F055F813E02723FB181B78672B06
:109F300007D10B4B1A68FB681100180019F0EBF9F8
:109F400006E0084B1A68FB681100180019F0E3F9E5
:109F500000231800BD460BB090BDC046F0010020A4
:109F6000F4010020F8010020B0B58EB002AFF86017
:109F7000B9607A600023FB612F23FB1800221A705E
:109F80001823FB18A84A12781A700023BB621C23FE
:109F9000FA187B68012118000DF0A2FB03007B6218
:109FA000A24A7B6A11001800F6F7AEF8031E00D033
:109FB000B3E0BB6A002B05D19D4B1B78013B9D4A4A
:109FC000D35CBB622E23FB1801221A709EE0984BD3
:109FD0001B782E243A1912789A4200D190E017F09B
:109FE000A7FE0300DAB218257B191A7079193B19FC
:109FF0001878642300930A2301220CF0B3FF3B1965
:10A000001B7818000DF060F803001B685B6ADAB279
:10A0100014217B181A707B191A787B181B789A42C6
:10A0200004D12F23FB1800221A7003E02F23FB1802
:10A0300006221A702F23FB181B78002B18D17E4B99
:10A0400019682E23FB181A78FB68180018F0C0FF57
:10A05000774B1C78FB681800F6F760F803009AB29B
:10A06000F968642300930A2320000CF07BFF1CE0B6
:10A070002F23FB181B78062B17D1704B19682E2342
:10A08000FB181A78FB68180018F0A2FF684B1C78C0
:10A09000FB681800F6F742F803009AB2F9686423E7
:10A0A00000930A2320000CF05DFF654B1A68FB68E3
:10A0B0001100180019F02FF95D4B1C78FB6818008F
:10A0C000F6F72CF803009AB2F968642300930A2388
:10A0D00020000CF047FF02E0012010F069FC544B17
:10A0E0001B785A1EBB6A591C564813005B009B180C
:10A0F0009B01C3185B5C002BEED0BB6A0133BB62D3
:10A100002E217B181A787B1801321A702E23FB1827
:10A110001B78062B00D85AE780E07B6A1B785BB27D
:10A12000702B00D073E07B6A0133180017F0C1FB7D
:10A13000020023243B191A703B191B78002B37D0DF
:10A140003B191B78062B33D82F23FB181B78002BC9
:10A150001CD117F0EDFD0300DAB218217B181A703C
:10A1600079183B19187864230093322301220CF0EC
:10A17000F9FE2E23FB181B7818000CF0A5FF030036
:10A180001B685B6ADAB21423FB181A701823FB18D9
:10A190001A781423FB181B789A4204D12F23FB183A
:10A1A00000221A7008E02F23FB1806221A7003E021
:10A1B0002F23FB1866221A702F23FB181B78002B05
:10A1C00009D11D4B19682323FB181A78FB68180066
:10A1D00018F0FEFE22E02F23FB181B78662B07D118
:10A1E000194B1A68FB681100180019F094F815E073
:10A1F0002F23FB181B78062B10D1104B1968232333
:10A20000FB181A78FB68180018F0E2FE06E00F4B06
:10A210001A68FB681100180019F07DF80023180077
:10A22000BD460CB0B0BDC046789E0208749C0208C2
:10A2300030140020901C0020FC01002000020020AF
:10A2400004020020D8170020080200200C02002081
:10A25000B0B58CB000AFF860B9607A600023BB6124
:10A2600000237B612B23FB1800221A7000233B6123
:10A270001823FA187B68012118000DF031FA030049
:10A280007B621423FA187B68022118000DF028FA6B
:10A2900003003B627B6A1B785BB2322B04D07B6A83
:10A2A0001B785BB2332B57D17B6A180017F001FB88
:10A2B00002001F23FB181A702D4A3B6A1100180078
:10A2C000F5F722FF031E07D02A4A3B6A1100180047
:10A2D000F5F71AFF031E37D1254A3B6A1100180013
:10A2E000F5F712FF031E02D1214BFB6209E0204A61
:10A2F0003B6A11001800F5F707FF031E01D11D4B43
:10A30000FB62FA6A1F243B191B78110018000BF03E
:10A3100051F910257A19F96A3B191B7818000BF0CE
:10A320009FF97A19FB681100180018F0F4FF3B69D7
:10A33000181CF6F755F903009BB21A000E49FB688A
:10A34000180018F045FE0EE00C4B1A68FB6811006F
:10A35000180018F0E0FF06E0094B1A68FB681100CE
:10A36000180018F0D8FF00231800BD460CB0B0BD8F
:10A370007C9E0208809E0208889E0208100200202F
:10A380001402002090B587B000AFF860B9607A6021
:10A3900000237B6100233B611023FA1814243B192E
:10A3A000110018000BF0E2F93A19FB6811001800CF
:10A3B00018F0B1FF7B69181CF8F7B4FC02000B0021
:10A3C0000449F86818F004FE00231800BD4607B0E1
:10A3D00090BDC046989E020890B587B000AFF86067
:10A3E000B9607A6000237B6100233B611023FA1877
:10A3F00014243B19110018000BF0B8F93A19FB6846
:10A400001100180018F087FF3B69181CF8F78AFC48
:10A4100002000B000449F86818F0DAFD0023180068
:10A42000BD4607B090BDC046BC9E020880B58AB04C
:10A4300000AFF860B9607A600023BB612723FB1886
:10A4400000221A7000237B611823FA187B6801210F
:10A4500018000DF045F903003B623B6A1B785BB2C4
:10A46000322B04D03B6A1B785BB2332B1AD13B6A88
:10A47000180017F01EFA02001F217B181A7014230F
:10A48000FA187B181B78110018000BF067FA7B692B
:10A49000181CF8F747FC02000B000849F86818F090
:10A4A00097FD06E0064B1A68FB681100180018F0CB
:10A4B00032FF00231800BD460AB080BDE49E0208AA
:10A4C00018020020B0B586B000AFF860B960BB1DBF
:10A4D0001A8017257C19FB68180007F0AFFF0300EE
:10A4E00023707B191B78204AD35C002B0BD07B197F
:10A4F0001B781D4AD35C012B05D07B191B781A4AA7
:10A50000D35C032B22D117243B191B78180008F0C9
:10A51000C5F920003B181B785A1E144B9200B968ED
:10A52000D1503B181B78104A0221D1543B181B789C
:10A530005A1E0F4B92000021D150BB1D1A88B968DA
:10A54000FB68180008F018F9002309E01723FB182E
:10A550001B78054AD35C022B01D1172300E0172397
:10A560001800BD4606B0B0BD68110020981C002040
:10A57000B01C002080B500AF0D4B1B6808221A628A
:10A580000C4B1B6808221A620B4B1B6808221A62CC
:10A590000A4B1B6808221A62094B1B6808221A62C0
:10A5A000084B1B6808221A62C046BD4680BDC046E3
:10A5B000CC21002060220020F422002088230020EB
:10A5C0001C240020B024002080B58EB002AFFA23F6
:10A5D0009A007A497A487B4B019303230093002326
:10A5E0000EF03FFAFA239A0077497848784B0193A6
:10A5F0000323009300230EF034FAFA239A007549DE
:10A600007548764B01930323009300230EF029FA3B
:10A61000FCF7DEFEFA239A0071497248724B0193EF
:10A620000323009300230EF01CFAFA239A006F49CB
:10A630006F48704B01930423009301230EF011FA2D
:10A64000FA239A006C496A486C4B019304230093E7
:10A6500002230EF006FAFA239A0069496448694B0E
:10A6600001930423009303230EF0FBF9FA239A00CD
:10A6700065495F48654B01930423009304230EF062
:10A68000F0F9FA239A0062495948624B0193042376
:10A69000009305230EF0E5F9FA239A005E49544829
:10A6A0005E4B01930423009306230EF0DAF9002396
:10A6B000FB622C23FB18012118000CF0A5FE020000
:10A6C000574B5A600023BB622823FB180121180056
:10A6D0000CF09AFE0200534B5A6000237B62242345
:10A6E000FB18012118000CF08FFE02004C4B9A6001
:10A6F00000233B622023FB18012118000CF084FE8C
:10A700000200484B9A600023FB611C23FB180121C7
:10A7100018000CF079FE0200414BDA600023BB61A7
:10A720001823FB18012118000CF06EFE02003D4BAF
:10A73000DA6000237B611423FB18012118000CF060
:10A7400063FE0200364B1A6100233B611023FB18A5
:10A75000012118000CF058FE0200324B1A61002350
:10A76000FB600C23FB18012118000CF04DFE0200C9
:10A770002B4B5A610023BB600823FB1801211800F2
:10A780000CF042FE0200274B5A6100237B603B1D08
:10A79000012118000CF038FE0200214B9A610023C1
:10A7A0003B603B00012118000CF02EFE02001D4B07
:10A7B0009A61C046BD460CB080BDC0461CA80208C8
:10A7C00029A80008281E002028A8020819BE000891
:10A7D000301E002034A80208931802082C1E002006
:10A7E00040A80208515E0008341E002048A8020854
:10A7F00071C60008381E002054A802083C1E002024
:10A8000060A80208401E00206CA80208441E002018
:10A8100078A80208481E002084A802084C1E0020C8
:10A82000501E00206C1E002080B582B000AF786002
:10A830003D4B1B78032B2FD043DC012B02D0022B86
:10A8400015D03EE080231B0238480122190012F087
:10A85000DCFAC8200CF0C4FD80231B023348002220
:10A86000190012F0D2FA304B00221A702AE080232D
:10A870001B022E480122190012F0C7FA64200CF0C6
:10A88000AFFD80231B0229480022190012F0BDFAF7
:10A89000254B00221A7015E080231B022348012259
:10A8A000190012F0B2FA1E200CF09AFD80231B0250
:10A8B0001E480022190012F0A8FA1B4B00221A7041
:10A8C00000E0C04609F00AFBFCF702FD00F038F892
:10A8D000174B1B78002B15D007F04CF9144B0022B6
:10A8E0001A7080231B0211480122190012F08DFA00
:10A8F000C82010F05DF880231B020C4800221900CC
:10A9000012F083FA0B4B180012F00AFB0A4B1B786B
:10A9100001225340DBB2002B02D0084B00221A70F8
:10A920000DF04EF984E7C046641100200004005089
:10A93000221E0020E02F0020CF2D0020D02D00204F
:10A94000B0B500AFD84B1B68032B00D043E2D64B09
:10A9500000221A60D54B00221A70D54B20221A70A3
:10A96000D44B00221A70D44B03221A7064200BF0CF
:10A9700027FECF4B1A78D04B1B789A4211D0CD4B83
:10A980001B785A1CD1B2CB4A11701A00C84B1978E7
:10A99000CA4B9954C64B1A78C74B1A70C44B032242
:10A9A0001A70C54B1B78202B0BD0C34B1B78002B88
:10A9B00007D0BE4B1B78012B03D0BC4B1B78022B5E
:10A9C000D1D1BA4B1B78002B00D0EBE0B94B002261
:10A9D0001A70BA4B1B785B2B59D1B64B1B780133DD
:10A9E000DAB2B44B1A70B34B1B781A00B34B9B5CB2
:10A9F0000A211800F5F734FC0B00DAB2B04B1B78D3
:10AA00009A4214D1AB4B1B780133DAB2A94B1A70BE
:10AA1000A84B1B781A00A94B9B5C0A211800F5F77C
:10AA20001FFC0B00DAB2A74B1A70C0460CE0A14B1A
:10AA30001B780233DAB29F4B1A70D4E79D4B1B7818
:10AA40000133DAB29B4B1A709A4B1B781A009B4B5E
:10AA50009B5C5D2BF2D1974B1B780133DAB2954B9F
:10AA60001A70994B01221A70974B1B781A00954B5C
:10AA7000D018904B1B781A00904BD1188D4B1B7837
:10AA80001A0014239B1A1A0018F04DFC60E08B4B3F
:10AA90001B78232B22D1894B5B780A211800F5F70C
:10AAA000DFFB0B00DAB2874B1A70824B02221A705E
:10AAB000854B01221A70844B1B781A00814BD018E9
:10AAC0007C4B1B781A007D4BD1187A4B1B781A00EF
:10AAD00014239B1A1A0018F026FC39E0774B1B78D8
:10AAE0003D2B35D1754B5B780A211800F5F7B8FB83
:10AAF0000B00DAB2724B1A70704B9B780A21180067
:10AB0000F5F7AEFB0B00DAB2704B1A706B4BDB78CB
:10AB10000A211800F5F7A4FB0B00DAB2694B1A7092
:10AB2000644B04221A70684B01221A70664B1B7822
:10AB30001A00644BD0185F4B1B781A005F4BD1187A
:10AB40005C4B1B781A0014239B1A1A0018F0EBFBBD
:10AB50005C4B1A785E4B1A705D4B1B781A00130021
:10AB60001B019B1A5B4A9B180F220021180018F04A
:10AB7000AEFA574B1B781A0013001B019B1A554A5B
:10AB80009B1850490F22180018F0CDFB4B4B142294
:10AB90000021180018F09BFA4A4B142200211800DB
:10ABA00018F095FA414B1B78012B6ED14A4B0022CD
:10ABB0001A704A4B01221A70494B00221A7032E077
:10ABC000474B1B781900454B1B785A1CD0B2434A9F
:10ABD00010701C00404B1B785A1CD0B23E4A1070BB
:10ABE00018003C4A0B001B015B1AD3181A5D3D4B41
:10ABF0001A5401200FF0DCFE374B1B78013B394A19
:10AC0000D35C002B06D0344B1B78013B354AD35C18
:10AC1000202BD5D1324B1B780133DAB2304B1A706E
:10AC20002E4B01221A702E4B1A78284B1B789A4211
:10AC3000C6D11E4B00221A70294B00221A702A4BD3
:10AC400000221A7017E0284B1B781A00264B1B783D
:10AC50001800244B995C254AC0235B001218D318B6
:10AC60000A1C1A7001200FF0A3FE1F4B1B78013342
:10AC7000DAB21D4B1A701C4B1B783F2BE3D9194BD2
:10AC800040220021180018F022FA084B1B78022BF2
:10AC900000D065E6104B00221A70104B01221A708A
:10ACA0000F4B00221A7056E0F0090020F509002031
:10ACB000F40900201F1E0020181E0020781D00200F
:10ACC0001A1E00208C1D0020201E0020191E0020AE
:10ACD0001E1E0020A01D00201B1E00201C1E002088
:10ACE0001D1E0020381D0020211E0020D817002026
:10ACF0003A4B1B7819003A4B1B785A1CD0B2384A91
:10AD000010701C00374B1B785A1CD0B2354A10709B
:10AD10001800354A0B001B015B1AD3181A5D334B20
:10AD20001A5401200FF044FE2E4B1B78013B2F4A92
:10AD3000D35C002B06D02B4B1B78013B2B4AD35CFA
:10AD4000202BD5D1254B1B780133DAB2234B1A7057
:10AD5000234B01221A70214B1A78254B1B789A42FB
:10AD6000C6D11E4B00221A7024E0224B00221A701A
:10AD700017E0204B1B781A001E4B1B7818001B4B4A
:10AD8000995C1D4AC0235B001218D3180A1C1A7064
:10AD9000C8200BF015FC174B1B780133DAB2154BAA
:10ADA0001A70144B1B783F2BE3D9144B1B68180007
:10ADB0000FF0FEFD124B1B78002BD6D10B4B40221F
:10ADC0000021180018F083F90E4BC0220021180052
:10ADD00018F07DF9C4E5C046BD46B0BD1D1E00207B
:10ADE0001C1E00201B1E0020A01D0020381D00205E
:10ADF000191E0020211E0020D8170020F009002075
:10AE0000F50900205819002080B500AF064B1B68DB
:10AE100006491800F5F79EF903001A00044B1A6062
:10AE2000C046BD4680BDC0468002002010270000FD
:10AE3000241E002080B588B000AF1E4B1B68FA228C
:10AE400091001800F5F786F90300013B7B611A4B6E
:10AE50003B611A4BFB608023DB04BB603B691B68D2
:10AE60007A69D31AFB610EF035F90300BB61FB6808
:10AE70001B68BA68134007D0BB690133BB613B69EB
:10AE80001B687A69D31AFB61BA6913009B009B188F
:10AE90005B007B600A4B1B681900F869F5F75AF9EB
:10AEA00003001A007B689B187B607B681800BD4616
:10AEB00008B080BD8002002018E000E004ED00E052
:10AEC000241E0020B0B588B002AFB9607A601900C6
:10AED0000F23FB18021C1A700E203B180A1C1A7054
:10AEE00000237B6101007B181A782823FB181B784C
:10AEF0009A4207D17B181B781A008D4B0221995476
:10AF0000672310E10E23FB181B78002B04D02823A5
:10AF1000FB181B78002B01D1672304E10F23FB18DA
:10AF20001B78002B39D10E23FB181B7818000CF06E
:10AF3000CBF804002823FB181B7818000CF0C4F889
:10AF40000300012219002000FFF7BCFA0300172BB1
:10AF500001D11723E7E07A6813005B019B1A9B007D
:10AF60009B18DB001A00FA2399001000F5F7F2F89D
:10AF7000030019000E243A196E486F4B009313001A
:10AF800000220FF07FF903007B613B191B785A1EEA
:10AF90006A4B9200B968D150B6E00F23FB181B78BA
:10AFA000012B39D12823FB181B7818000CF08CF8E2
:10AFB00004000E23FB181B7818000CF085F8030022
:10AFC000012219002000FFF77DFA0300172B01D1A1
:10AFD0001723A8E07A6813005B019B1A9B009B185B
:10AFE000DB001A00FA2399001000F5F7B3F803000C
:10AFF00019002823FB184F484F4A009200220FF0F7
:10B0000041F903007B610E23FB181B785A1E4B4B42
:10B010009200B968D15077E00F23FB181B78022B00
:10B0200070D10E23FB181B7818000CF04DF80400AB
:10B030002823FB181B7818000CF046F803000122A7
:10B0400019002000FFF73EFA0300172B01D1172348
:10B0500069E07A6813005B019B1A9B009B18DB0078
:10B060001A00FA2399001000F5F774F8030019008C
:10B070000E257A192F48304B0093130000220FF051
:10B0800001F903007B617B191B785A1E2B4B920040
:10B09000B968D1502823FB181B7818000CF014F85D
:10B0A00004007B191B7818000CF00EF80300012235
:10B0B00019002000FFF706FA0300172B01D1172310
:10B0C00031E07A6813005B019B1A9B009B18DB0040
:10B0D0001A00FA2399001000F5F73CF80300190054
:10B0E00028243B191348144A009200220FF0CAF892
:10B0F00003007B613B191B785A1E104B9200B96804
:10B10000D15001E067230EE07B69002B0AD00DF0DF
:10B11000D3FF0200786901235B42009300230121E1
:10B120000FF000F900231800BD4606B0B0BDC046C0
:10B130006811002098A8020841B10008C81C00202E
:10B1400080B584B000AF78600023FB607B68180096
:10B150000FF096FB0300FB60FB68DBB2180007F002
:10B160003FFBFB68DBB2180007F0C0FBC046BD46E2
:10B1700004B080BDB0B586B002AF0200FB1D1A70EE
:10B180000F257B1900221A70154B00221A70FB1D27
:10B190001B785A1E0E24391912481300DB009B1A23
:10B1A000DB001B5C0B7020003B181B785A1E0D2423
:10B1B0003B190D498A5C1A70FB1D1B789BB23A182B
:10B1C00011783A191078009300230A00002100F04A
:10B1D00031F97B191B781800BD4604B0B0BDC046DC
:10B1E000D41100206C120020680A002080B586B0BF
:10B1F00002AF0200FB1D1A70BB1D0A1C1A700F2340
:10B20000FB1800221A70134B00221A70124BFA1D01
:10B2100012781A70FB1D1B78FF2B0AD1BB1D1B78FF
:10B220009BB200930023FF220021002000F002F9CE
:10B2300009E0BB1D1B789BB200930023FE22002176
:10B24000002000F0F7F80F23FB181B781800BD460C
:10B2500004B080BDD4110020A200002080B582B0CF
:10B2600000AF0200FB1D1A70FB1D1B78062B34D8A3
:10B270009A001C4BD3181B689F461B4B1868002371
:10B28000022200210EF062FE28E0184B186800230D
:10B29000022200210EF05AFE20E0154B1868002310
:10B2A000022200210EF052FE18E0124B1868002313
:10B2B000022200210EF04AFE10E00F4B1868002316
:10B2C000022200210EF042FE08E00C4B1868002319
:10B2D000022200210EF03AFE00E0C046C046BD4604
:10B2E00002B080BDA4A80208381E00203C1E002029
:10B2F000401E0020441E0020481E00204C1E00203E
:10B30000B0B584B002AF05000C0010001900FB1DA1
:10B310002A1C1A70BB1D221C1A703B1D021C1A80AD
:10B32000BB1C0A1C1A80184B01221A70174BBA1D3D
:10B3300012781A70BB1D1B78FF2B0CD13B1D1A888D
:10B34000FB1D1978BB1C1B8800931300FF220020F3
:10B3500000F070F80BE03B1D1A88FB1D1978BB1C30
:10B360001B8800931300FE22002000F063F8BB1C32
:10B370001A88074B0021180017F0A9FE00231800B7
:10B38000BD4602B0B0BDC046D4110020A2000020CE
:10B39000FC13002090B587B002AF04000800110034
:10B3A000FB1D221C1A703B1D021C1A80BB1C0A1CB0
:10B3B0001A800F23FB1800221A700E217B1800221E
:10B3C0001A70FB1D1B78FF2B1DD0FB1D1B785A1E0E
:10B3D00008007B1814498A5C1A70144B19783B1DBD
:10B3E0001C88FB1D1A783B181878BB1C1B8800931F
:10B3F000230000F01FF8BB1C1A880D4B0021180019
:10B4000017F065FE09E0094B1878BB1C19883B1D35
:10B410001A880B00FF21FFF773FF0F23FB181B781F
:10B420001800BD4605B090BD680A0020A1000020AC
:10B43000FC130020B0B588B002AF05000C0010006E
:10B440001900FB1D2A1C1A70BB1D221C1A707B1DC3
:10B45000021C1A70BB1C0A1C1A800F23FB18002246
:10B460001A701723FB1800221A701623FB180022EB
:10B470001A700E23FB1800221A701523FB180022E5
:10B480001A70FB1D1B78002B03D17B1D1B78002B32
:10B4900017D0FB1D1B78002B07D17B1D1B78FF2BC2
:10B4A00003D07B1D1B78FE2B0BD1FB1D1B78002BC3
:10B4B00009D0BB1D1B78002B05D07B1D1B78002BF2
:10B4C00001D16723F7E200200DF088FC0300BB6088
:10B4D000052100200DF09CFCD14B48221A70D04B66
:10B4E0005A225A70FB1D1B78002B0BD1BB1D1B78F9
:10B4F000002B07D17B1D1B78FF2B07D07B1D1B78F2
:10B50000FE2B03D0BB1C1B88002B18D128203B1816
:10B510001B885A1E17243B19C2498A5C1A703B18B3
:10B520001B885A1E1300DB009B1ADB00BE4A9918C9
:10B530003B191A78BD4B180017F0F5FECBE1BB1D87
:10B540001B78002B03D1BB1DB94A12781A70BB1CA3
:10B550001B88FF2B03D91523FB1801221A70B04B4F
:10B560001722BA1812789A70AD4B7A1D1278DA70D9
:10B57000AB4BBA1D12781A71AE4B1B785AB2AD4B59
:10B580001B791B015BB213435AB2AA4B5B789B0039
:10B590005BB213435AB21523FB181B785B005BB2F6
:10B5A00013435AB20E217B181B785BB213435BB274
:10B5B000DAB29B4B5A717B181B78002B05D01622F0
:10B5C000BB18BA18127801321A7016203B181B7873
:10B5D0000633BA1C1288D1B2914AD1541523FB18F4
:10B5E0001B78002B0ED03B183A18127801321A70D3
:10B5F000BB1C1B881B0A9AB23B181B780633D1B2BE
:10B60000874AD15428243B191B882E2B1BD816257A
:10B610007B191B78DA1D824BD018874B1B881A00C8
:10B62000864BD1183B191B881A0017F07CFE3B197A
:10B630001B88DAB27B191B78D318DAB21723FB18F0
:10B6400004321A706BE0764B5B79802252421343CE
:10B65000DAB2734B5A717A4A28217B181B881380FF
:10B660007B182E221A8056E0754B1A8828257B19E4
:10B670001B88934222D8BB1C1C887B1D1A78BB1DDB
:10B680001978FB1D18787B191B8800932300FFF79E
:10B69000D1FE0A200BF0A4FE694B1A8829007B1901
:10B6A0001B88D31A9AB2664B1A80634B1A887B1890
:10B6B0001B88D3189AB2604B1A802CE0584B5B79E8
:10B6C0007F221340DAB2564B5A7128243B195C4A48
:10B6D00012881A8016257B191B78DA1D504BD0185A
:10B6E000554B1B881A00554BD1183B191B881A0063
:10B6F00017F019FE504B00221A80514B00221A807D
:10B700003B191B88DAB27B191B78D318DAB21723DE
:10B71000FB1804321A704A4B1B88002BA4D1494BEA
:10B720001B78002B00D1D6E01423FB1800221A70DE
:10B73000454B1B78FF2B52D01223FB1801221A8095
:10B7400035E012203B181B885A1E404B5200D35A3A
:10B750001A003D4B1B781A4113000122134020D0E0
:10B7600014217B187A18127801321A7028243B1998
:10B770001A887B181B78D3182C2B10DC1623FB1887
:10B780001B78DA1D3B191B88D2187B181B78D3183D
:10B79000013B3A181288D1B2214AD15401E0692301
:10B7A00089E112217B181A887B1801321A80284BF4
:10B7B0001B789BB21222BA1812889A42C1D916235A
:10B7C000FB181B78DA1D2823FB181B88D2181421BC
:10B7D0007B181B78D318124A79180978D1541A4B60
:10B7E0001B78FF2B16D128217B181B882C2B11D8F6
:10B7F000184B1B780133DAB2164B1A701623FB185C
:10B800001B78DA1D7B181B88D318124A1178044A5A
:10B81000D1544AE00C4B1B78FF2B1DD169234AE120
:10B82000BC130020F41300206C120020BF13002072
:10B83000A100002040110020F21E0020FC13002077
:10B84000F41E0020D4110020A20000206812002065
:10B85000A00000202F140020994B1B78FF2B1ED036
:10B8600028217B181A8814203B181B78D3182B2BFF
:10B8700015DC944B1B780133DAB2924B1A70162305
:10B88000FB181B78DA1D7B181B88D2183B181B7815
:10B89000D31801338B4A11788B4AD15405E0884B79
:10B8A0001B78FF2B01D0692305E1854B1B78FF2B0B
:10B8B00006D11722BB18BA18127801321A700AE0A2
:10B8C0001423FA1817217B1812781B78D318DAB2D0
:10B8D0007B1802321A707C4B17243A1912789A702E
:10B8E0003B191B7803331A007749784B180017F07F
:10B8F0001AFD21007B181B789BB203339AB27B1888
:10B900001B78DC1C714B1100180007F0A1F9030033
:10B910001A006D4B1A556D4B38220021180017F094
:10B92000D6FB7B1D1B78FF2B5FD07B1D1B78FE2B6E
:10B930005BD0BB1C1B882C2B03D0BB1C1B882D2B66
:10B940000FD11723FB181B789BB204339AB25E49C0
:10B95000FB1D18787B1D1B7800933223F7F734FB0F
:10B960003CE01123FB1800221A702DE017243B192C
:10B970001B789BB204339AB25349FB1D18787B1D88
:10B980001B7800933223F7F71FFBC8200BF028FD2C
:10B990004F4B1B78002B20D14E4B1B78002B0DD02A
:10B9A0003B191B789BB204339AB24749FB1D1878A8
:10B9B0007B1D1B7800933223F7F706FB11217B18C0
:10B9C0001A787B1801321A701123FB181B789AB26F
:10B9D000414BDB889A42C9D300E0C0463C4B002271
:10B9E0001A703C4B00221A705AE0BB1C1B88002BBB
:10B9F00007D1BB1D1B78002B03D1BB1D324A127926
:10BA00001A70BB1D1B781800F8F70AFD1023FB18ED
:10BA100001221A703FE0314B1B785A1E304B520006
:10BA2000D35A1A0010203B181B78013B1A4113000F
:10BA30000122134023D017243B191B789BB20433F7
:10BA40009AB221493B1818787B1D1B78009332234A
:10BA5000F7F7BAFAC8200BF0C3FC1E4B1B78002B7B
:10BA60000DD03B191B789BB204339AB21649FB1DCB
:10BA700018787B1D1B7800933223F7F7A5FA154B36
:10BA800000221A700A200AF09BFD10217B181A78F8
:10BA90007B1801321A701023FB181B78062BBAD9B9
:10BAA000BB68190000200DF0B3F90E4B02221A708A
:10BAB0000F23FB181B781800BD4606B0B0BDC0466A
:10BAC000A20000202F140020BC130020581C0020CE
:10BAD000651100206611002040110020A100002007
:10BAE000A01100202E140020F0B58BB006AF050089
:10BAF0000C0010001900FB1D2A1C1A70BB1D221C13
:10BB00001A707B1D021C1A703B1D0A1C1A700B2434
:10BB10003B1900221A700F23FB1800221A700E2303
:10BB2000FB1800221A700D23FB1800221A70AE4B6E
:10BB30001B78BA1D12789A4248D0FB6A1B0EDAB203
:10BB4000AA4B1A70FB6A1B0CDAB2A84B5A70FB6A3C
:10BB50001B0ADAB2A54B9A70FB6ADAB2A34BDA7011
:10BB60003B6B1B0EDAB2A14B1A713B6B1B0CDAB2AA
:10BB70009E4B5A713B6B1B0ADAB29C4B9A713B6B22
:10BB8000DAB29A4BDA71994A202308215B18DB1943
:10BB90001B781372954BFA1D12785A72934B3A1D0B
:10BBA00012789A72914B7A1D1278DA722C235B18F4
:10BBB000DB191A788D4B1A73BB1D1B780D221C21C3
:10BBC0001800FFF7E7FB3B191B7808E10C23FB1873
:10BBD00000221A70B6E03B1D1A78BB1D1B781100BD
:10BBE0001800F8F7EBFD0C217B181B78804AD35C1A
:10BBF000002B00D1A0E07B181B7801337C4AD35C7A
:10BC0000002B10D07B181B78794AD05C7B181B78EE
:10BC10000133774AD35C0E22BC181900F8F7CEFD29
:10BC2000030023700EE00C23FB181B78704AD25CD3
:10BC30000E23FC18BB1D1B7819001000F8F7BEFD81
:10BC4000030023703B1D1A78BB1D1B7811001800E0
:10BC5000F8F7B4FD0C23FB181B78654AD35C3A1D3A
:10BC600012789A4205D10D23FB187A1D12781A70AA
:10BC700010E00C217B181B785D4AD05C7B181B7888
:10BC8000013B5B4AD35C0D22BC181900F8F796FD06
:10BC900003002370FB6A1B0EDAB2544B1A70FB6A66
:10BCA0001B0CDAB2514B5A70FB6A1B0ADAB24F4BCB
:10BCB0009A70FB6ADAB24D4BDA703B6B1B0EDAB24C
:10BCC0004A4B1A713B6B1B0CDAB2484B5A713B6BF7
:10BCD0001B0ADAB2454B9A713B6BDAB2434BDA710D
:10BCE000424A202308215B18DB191B7813723F4B53
:10BCF0000E22BA1812785A723C4B0D22BA181278DA
:10BD00009A722C235B18DB191A78384BDA723B1DB8
:10BD10001A78BB1D1B7811001800F8F74FFD0C2393
:10BD2000FB181B78324AD35C0C221B211800FFF74A
:10BD300031FB0A200BF054FB0C217B181A787B187E
:10BD400001321A700C23FB181B78012B00D842E734
:10BD5000BA1D3B1D12781B789A4205D10F23FB18A0
:10BD60007A1D12781A700BE00F23FC183B1D1A780D
:10BD7000BB1D1B7811001800F8F720FD030023708D
:10BD8000FB1D1C783A6BF96A202508202B18DB195B
:10BD900018780F26BB191B7800932300FFF792F841
:10BDA0002C2308201B18DB191B78002B14D0FB1D3B
:10BDB0001C783A6BF96A2B18DB1918780023049366
:10BDC000002303930023029300230193BB191B78E4
:10BDD00000932300F8F700F80B23FB181B781800DA
:10BDE000BD4605B0F0BDC046A1000020FC130020F8
:10BDF000F01E002080B500AFBFF34F8FC046044B4C
:10BE0000044ADA60BFF34F8FC046C046FDE7C04624
:10BE100000ED00E00400FA05F0B58BB000AF7860EB
:10BE20001423FB1800221A6000229A800C23FB18AE
:10BE300000221A6000229A80D34B00221A7000F070
:10BE4000F8FB1F23FB18D04A12781A70CE4B1B78D0
:10BE50001A00CE4B9200D3581B68DBB2CA4A127844
:10BE6000110040225242D31ADAB2C94B5A54C64B7F
:10BE70001B781A00C64B9A5CC34B1B781900C54B44
:10BE80005B5C9A4200D11FE2BF4B1A781E243B191B
:10BE900001321A703B191B785A1EBB4B1B781900D4
:10BEA000BC4B5B5C1800BC4913005B009B189B01FA
:10BEB000CB181B5C0D2B47D13B191B78B74AD35CC1
:10BEC000002B41D100237B620DE0B44A7B6AD3187A
:10BED0001B78032B04D1B14A7B6AD31800221A7055
:10BEE0007B6A01337B627B6A062BEEDD1E203B18EA
:10BEF0001B78AA4A0321D154A94B3A1812781A7018
:10BF00003B181B785A1EA04B1B781900A14B5B5C99
:10BF10001800A14913005B009B189B01CB181A5C09
:10BF2000A04B1A70A04B18680023022200210EF0CB
:10BF30000DF89E4B1B78012B02D19D4B01221A70EC
:10BF40009A4B01221A70A9E11E217B181B78934A93
:10BF5000D35C032B15D17B181B785A1E8A4B1B7898
:10BF600019008C4B5B5C18008B4913005B009B181D
:10BF70009B01CB181A5C8B4B1A708D4B01221A70E7
:10BF80008CE11E243B191B785A1E7F4B1B7819002D
:10BF9000804B5B5C1800804913005B009B189B0181
:10BFA000CB181B5C482B0BD13B191B787B4AD35C0D
:10BFB000002B05D13B191B78784A0721D1546DE13C
:10BFC0001E243B191B785A1E6F4B1B781900714BAE
:10BFD0005B5C1800704913005B009B189B01CB1839
:10BFE0001B5C5A2B0BD13B191B786C4AD35C072B7B
:10BFF00005D13B191B78694A0821D1544EE11E2412
:10C000003B191B785A1E604B1B781900614B5B5C17
:10C010001800614913005B009B189B01CB181B5C47
:10C020005A2B0BD03B191B785C4AD35C072B05D1EC
:10C030003B191B78594A0021D1542FE11E26BB1908
:10C040001B78564AD35C082B4CD1BB191B78534A3A
:10C050000121D154BB191B785A1E4B4B1B78190078
:10C060004C4B5B5C1D001F243B1919783B191B7856
:10C070005048C35C1C00484813005B009B189B01A0
:10C08000C3185D5D4C482300DB001B1BDB000A006E
:10C0900092005218D100891ACA0011005B18C31807
:10C0A00002332A1C1A701F243B191B780C22BA1861
:10C0B0000321D154BB191B785A1E334B1B7819002E
:10C0C000344B5B5C1800344913005B009B189B01E8
:10C0D000CB181A5C3B191B780132D1B21422BA1862
:10C0E000D154DBE01E217B181B782C4AD35C012B3A
:10C0F00000D0D3E01F203B181B781422BA18D35C61
:10C10000012B5BD97B181B785A1E1F4B1B7819001B
:10C11000204B5B5C1E003B18197805003B181B7810
:10C120002448C35C1C007B191B780C257819C35C60
:10C130001D00194813005B009B189B01C3189E5DEE
:10C140001D482300DB001B1BDB000A009200521875
:10C15000D100891ACA0011005B18C318321C5A5545
:10C160001F203B181B780C243A19D25C0132D1B243
:10C170003A19D1543B181B7814203A18D25C013A72
:10C18000D1B23A18D15489E03D1100202411002089
:10C19000141100201C110020D81700206811002065
:10C1A000301400203C110020341E00206A0A0020B8
:10C1B0006B0A0020740A00207C0A00201E23FB1852
:10C1C0001B785A1E9E4B1B7819009E4B5B5C1E0011
:10C1D0001F257B1919787B191B789B48C35C1C00B1
:10C1E0007B191B780C203818C35C1D00974813007E
:10C1F0005B009B189B01C3189E5D95482300DB00E4
:10C200001B1BDB000A0092005218D100891ACA00D9
:10C2100011005B18C318321C5A551F203B181B789D
:10C220000C243A19D25C0132D1B23A19D1543B18DC
:10C230001B7814243A19D25C013AD1B23A19D1547C
:10C240003B181B78804AD25C0132D1B27E4AD1546D
:10C250003B181B787C4AD35C052B04D13B181B7818
:10C26000794A0021D1547B4B1B7819007A4B1E224E
:10C27000BA1812785A54774B1B780133DAB2754BDF
:10C280001A70744B1B78052B02D1724B00221A7066
:10C290001E23FB181B78714A0021D154684B1B7870
:10C2A000684AD25C0132D1B2664AD154644B1B78E1
:10C2B0001A00644B9B5CC02B18D1614B1B781A0091
:10C2C000604B0021995411E05D4B1B781A00644BC0
:10C2D0009A5C5B4B1B7819005A4B5B5C9A4205D108
:10C2E000574B1B780133DAB2554B1A70594B1A78F9
:10C2F0005C4B1B789A4200D199E15A4B1B7819008C
:10C300001E203B18544A525C1A701F257B193A189C
:10C310001278013A1A707B1919787B191B78524AE6
:10C32000D35C1A004A481300DB009B1ADB000A00AA
:10C3300092005218D100891ACA0011005B184822D5
:10C340001A547B1919787B191B78474AD35C1A0059
:10C350003F481300DB009B1ADB000A0092005218D2
:10C36000D100891ACA0011005B18C31801335A2280
:10C370001A707B1919787B191B783B4AD35C1A0019
:10C380001D23F818324C1300DB009B1ADB000A0057
:10C3900092005218D100891ACA0011005B18E318E4
:10C3A00002331B7803702C003B1919783B191B785A
:10C3B0002D4AD35C1A0026481300DB009B1ADB00D1
:10C3C0000A0092005218D100891ACA0011005B18A5
:10C3D0001A5C264B1A703B1919783B191B78224AB4
:10C3E000D35C1A001A481300DB009B1ADB000A001A
:10C3F00092005218D100891ACA0011005B18C318A4
:10C4000001331A78194B5A703B1919783B191B786C
:10C41000154AD35C1A000E481300DB009B1ADB00A0
:10C420000A0092005218D100891ACA0011005B1844
:10C43000C31802331A780D4B9A7000233B6237E021
:10C440003D1100201C110020740A0020D817002084
:10C450007C0A0020121100200C110020681100201D
:10C4600014110020111100206C0A0020501F002020
:10C470001F22BB181978BB181B78724AD35C1A00AC
:10C480003B6ADC1C3B6AD81C6F4D1300DB009B1A17
:10C49000DB000A0092005218D100891ACA0011006C
:10C4A0005B18EB181A5D694B1A543B6A01333B6207
:10C4B0001D26BB191B783A6A9A42D9DBBB191B7837
:10C4C0009BB203339AB21C23FC18604B1100180076
:10C4D00006F0BEFB030023705D4B1B8801339AB24C
:10C4E0005B4B1A801F257B1919787B191B78554ADD
:10C4F000D35C1A00BB191B78D81C534C1300DB000B
:10C500009B1ADB000A0092005218D100891ACA0057
:10C5100011005B18E3181B5C1C22BA1812789A42AF
:10C520005ED14C4B1B8801339AB24A4B1A802C00C7
:10C530003B191B78484A3500B9190978D1543B1981
:10C540001A781300DB009B1ADB00444A98183B1949
:10C5500019783B191B783B4AD35C1A001300DB00A7
:10C560009B1ADB000A0092005218D100891ACA00F7
:10C5700011005B18DA1C344BD1187B191B781A0098
:10C5800016F0D1FE3B191A7834491300DB009B1AD0
:10C59000DB005A5C324B1B789A4213D03B191A7855
:10C5A0002E491300DB009B1ADB005B5CFF2B09D0DC
:10C5B0003B191A7829491300DB009B1ADB005B5CEE
:10C5C000FE2B06D11E23FB181B781800FEF746FE33
:10C5D0000CE01E23FB181B781800FEF7CBFD05E0CE
:10C5E000204B1B8801339AB21E4B1A801F203B1828
:10C5F0001B78144AD25C0132D1B2124AD1543B1892
:10C600001B78104AD35C052B04D13B181B780D4ACC
:10C610000021D154144B1B780133DAB2124B1A703B
:10C62000114B1B78052B02D10F4B00221A700BF017
:10C63000C7FA0E4B1B78052B01D8FFF702FCFFF75A
:10C64000FBFBC0466C0A00207C0A0020501F002023
:10C650004C1F0020481F0020F41300206C12002003
:10C66000A10000204A1F0020111100203D110020D0
:10C67000F0B5C64600B5B8B004AFA4243B191860A5
:10C680002F23A0215B18DA19002313702E235B18C7
:10C69000DA19002313701E235B18DA1900231370B4
:10C6A0001D235B18DA19002313703B191B681C2229
:10C6B0005218D21913702F23A0241B19DA19002342
:10C6C000137001235B42190001200DF0FDFB1C21BA
:10C6D00020000B18DB191B785A1ECE4B9B5C002BDD
:10C6E00001D105F0D0F90B18DB191B785A1ECA4985
:10C6F0001300DB009B1ADB00CB1802331B785BB204
:10C70000002B03DAC54A0123137002E0C34A002359
:10C7100013701C24A0256319DB191B785A1E1B23D8
:10C720005B19D819BC491300DB009B1ADB005B5C6A
:10C7300003706319DB191B785A1E2D235B19D81956
:10C74000B5491300DB009B1ADB00CB1801331B78C3
:10C75000037029204319DA19002313706319DB19B8
:10C760001B785A1EAC491300DB009B1ADB00CB1868
:10C7700002331B781A00012313400BD01D235B19D1
:10C78000DA19012313704319DA194319DB191B78DD
:10C79000013313701C20A0254319DB191B785A1E86
:10C7A0009D491300DB009B1ADB00CB1802331B787A
:10C7B0005B08DBB21A00012313401E246219D11951
:10C7C0005A1E93410B704319DB191B785A1E92496C
:10C7D0001300DB009B1ADB00CB1802331B789B088D
:10C7E000DAB203231340DBB28D4A53704319DB19CD
:10C7F0001B785A1E88491300DB009B1ADB00CB18FC
:10C8000002331B781B09DBB21A00012313405A1EA6
:10C810009341DBB2824AD3704319DB191B785A1E4D
:10C820007D491300DB009B1ADB00CB1802331A781A
:10C8300060231340DBB27A4A13702A006319DB19B4
:10C840001B78002B32D005008318DB191B78591E8A
:10C850002926B318DB191B78181D6F4A0B00DB0063
:10C860005B1ADB00D3181B5C9BB21B029CB2A0229C
:10C87000AB18DB191B78591E1500B318DB191B7890
:10C88000D81C654A0B00DB005B1ADB00D3181B5C6D
:10C890009BB226225219D219E31813807319DA19A0
:10C8A0007319DB191B780133137015E01C23A024C6
:10C8B0001B19DB191B78591E29231B19DB191B783F
:10C8C000D81C554A0B00DB005B1ADB00D3181B5C3D
:10C8D00026221219D2191380514BDB78002B0CD071
:10C8E0004F4A002313712D23A0229B18DB191B78BC
:10C8F00000222C211800FEF74DFD1B21A0200B1853
:10C90000DB191B78002B0FD00B18DB191B78FD2BC4
:10C910000AD8444B1A780B18DB191B78934203D0C2
:10C92000404B1B78012B1ED11B21A0200B18DB19BB
:10C930001B78002B00D179E00B18DB191B78FD2B3D
:10C9400000D973E0374B1A780B18DB191B78934228
:10C950006CD0344B1B78012B68D126231B18DB19B4
:10C960001B88102B62D01C23A0229B18DB191B787C
:10C970001800FEF7FFFB2A4B5B78002B02D02A4AF7
:10C98000032313702623A0241B19DB191B88192BE2
:10C9900013D164200EF00CF81C231B19DB191A7834
:10C9A0001B231B19DB1919782D231B19DB19187888
:10C9B000002305F093FB05F051F82623A0269B19D0
:10C9C000DB191B881A2B01D005F048F864200DF004
:10C9D000EFFF1C25AB19DB191B785A1E29239B1965
:10C9E000DB1918780C491300DB009B1ADB00CB180D
:10C9F0001C5CAB19DB191A781B239B19DB191978FE
:10CA00002D239B19DB191878230005F067FB05F02F
:10CA100025F8C046F41300206C1200202B140020CF
:10CA200040110020A1000020641100201B23A0253C
:10CA30005B19DB191B78FF2B4ED11C246319DB1902
:10CA40001B78581E6319DB191B785A1EED4B9B5C33
:10CA5000591EED4A0300DB001B1ADB00D3185A5C99
:10CA6000EA4B1B789A4237D06319DB191B78581EA2
:10CA70006319DB191B785A1EE24B9B5C591EE24A74
:10CA80000300DB001B1ADB00D3185B5CDF4A13706A
:10CA9000DE4B1B78DE4A13706319DB191B78190013
:10CAA000FF20FEF7A3FB6319DB191B78581E6319DF
:10CAB000DB191B785A1ED34B9B5C591ED24A0300CC
:10CAC000DB001B1ADB00D218002353542F235B1901
:10CAD000DA190023137022E01B23A0241B19DB1991
:10CAE0001B78FF2B1BD11C221319DB191B78581E36
:10CAF0001319DB191B785A1EC24B9B5C591EC24A84
:10CB00000300DB001B1ADB00D3185A5CBF4B1B78F9
:10CB10009A4204D12F231B19DA19032313701B2304
:10CB2000A0255B19DB191B78FE2B00D0A9E01C2483
:10CB30006319DB191B78581E6319DB191B785A1E01
:10CB4000B04B9B5C591EB04A0300DB001B1ADB0094
:10CB5000D3185A5CAD4B1B789A4200D191E063190F
:10CB6000DB191B78581E6319DB191B785A1EA54B5D
:10CB70009B5C591EA44A0300DB001B1ADB00D31880
:10CB80005B5CA24A1370A14B1B78A14A1370631916
:10CB9000DB191B781900FE20FEF728FB6319DB194F
:10CBA0001B78581E6319DB191B785A1E954B9B5C2A
:10CBB000591E954A0300DB001B1ADB00D218002324
:10CBC000535422005319DB191B785C1E5319DB19CF
:10CBD0001B785A1E8B4B9B5C981E2C235B19D91912
:10CBE000894A2300DB001B1BDB00D3181B5C0B7086
:10CBF0002F235B19DA19662313702B235B19DA19BB
:10CC00000023137031E01C22A0241319DB191B78B8
:10CC1000581E1319DB191B785A1E7A4B9B5C9A1EFF
:10CC20002C231B19DB191B78D21A2B231B19DB1998
:10CC30001B78D118744A0300DB001B1ADB00D318E1
:10CC40005A5C744B1B789A4206D12F231B19DA19B0
:10CC500000231370C04637E02B22A0215318DB19A4
:10CC60001B785218D219013313702B23A0215B18A3
:10CC7000DA192C235B18DB1912781B789A42C2D37D
:10CC800022E01B23A0241B19DB191B78FE2B1BD1D0
:10CC90001C221319DB191B78581E1319DB191B787A
:10CCA0005A1E584B9B5C591E574A0300DB001B1A47
:10CCB000DB00D3185A5C554B1B789A4204D12F23C2
:10CCC0001B19DA19032313702920A0240319DA1978
:10CCD0000319DB191B78043313701C231B19DB1990
:10CCE0001B785A1E474B9A5C1A231B19D919031932
:10CCF000DB191B78D31A0B702F231B19DB191B7838
:10CD0000002B01D004F0BFFE26231B19DB191A8863
:10CD1000302A0CDC002A01DA04F050FE302A01D956
:10CD200004F04CFE92003C4BD3181B689F463B4BD3
:10CD30009A4200D170E104F041FE394A0123137098
:10CD40000A200AF04DFB374B1B78602B05D0354B82
:10CD50001B78202B01D004F085FE2D23A0229B18E8
:10CD6000DB191B78002202211800FEF713FB04F0E8
:10CD700079FE284B1B7819002B4A0B009B005B188F
:10CD80005B009B5C002B0AD12D23A0229B18DB1992
:10CD90001A782649264B180016F01AF913E02D22AE
:10CDA000A0215318DB191C785318DB191B781A00C3
:10CDB0009200D21853001A001B4BD3181D491C486F
:10CDC000220016F005F91C4B1C78194B1800F3F7DC
:10CDD000A5F903009AB2164901235B42009332235E
:10CDE00020000AF0BFF8154A0023137004F04BFE30
:10CDF00080231B0212480122190010F006F804F0EB
:10CE000042FEC046F41300206C1200204621002090
:10CE10002F140020A100002004A90208B30500007F
:10CE2000641100204011002044120020C8A802080C
:10CE3000F81E0020DCA80208301400202E14002068
:10CE40000004005080231B026D48002219000FF0DF
:10CE5000DCFF04F018FE80231B02694A1900100051
:10CE60000FF0F0FF04F00FFE2D23A0201B18DB199C
:10CE70001B789BB21B029CB21C252B18DB191B785C
:10CE8000591E29263318DB191B78981C5D4A0B00A4
:10CE9000DB005B1ADB00D3181B5C99B2A0202B18B7
:10CEA000DB191B785A1E63189BB2574992005352E4
:10CEB0002B18DB191B785A1E3318DB1918785149C7
:10CEC0001300DB009B1ADB00CB181B5C9BB21B0220
:10CED0009CB2A0202B18DB191B78591E3318DB19C4
:10CEE0001B78581C474A0B00DB005B1ADB00D31889
:10CEF0001B5C9AB2A026AB19DB191B78591EA3182C
:10CF000098B2414A8B00D3189A1C031C13803F4BE4
:10CF10001B88DBB23E4A53703C4B1B881B0A9BB2FA
:10CF2000DBB23B4A13703A4AAB19DB191B7893709A
:10CF300002200AF055FAAB19DB1918780323009385
:10CF40000B2300220021FEF775FA04F09CFD2D232F
:10CF5000A0201B18DB191B789BB21B029CB21C255E
:10CF60002B18DB191B78591E29263318DB191B785F
:10CF7000981C244A0B00DB005B1ADB00D3181B5CF7
:10CF800099B2A0202B18DB191B785A1E63189BB28C
:10CF90001D49920053522B18DB191B785A1E331867
:10CFA000DB19187817491300DB009B1ADB00CB183C
:10CFB0001B5C9BB21B029CB2A0202B18DB191B78B8
:10CFC000591E3318DB191B78581C0E4A0B00DB0066
:10CFD0005B1ADB00D3181B5C9AB2A0202B18DB195C
:10CFE0001B78591EA31898B2074A8B00D3189A1CB5
:10CFF000031C1380074A0023137004F044FDC0464D
:10D00000000400506C12002070110020400000202D
:10D01000FC1300202E1400201C24A026A319DB19C9
:10D020001B785A1E2925AB19DB191878FE49130005
:10D03000DB009B1ADB00CB181B5CFC4A1370A319A6
:10D04000DB191B78591EAB19DB191B78581CF64AE3
:10D050000B00DB005B1ADB00D3181B5CF34A537038
:10D06000A319DB191B78591EAB19DB191B78981C07
:10D07000ED4A0B00DB005B1ADB00D3181B5CEB4AAC
:10D080009370A319DB191B78591EAB19DB191B7898
:10D09000D81CE54A0B00DB005B1ADB00D3181B5CD5
:10D0A000E24AD370A319DB191B78591EAB19DB199F
:10D0B0001B78181DDC4A0B00DB005B1ADB00D31861
:10D0C0001B5CDA4A1371A319DB191B78591EAB19C3
:10D0D000DB191B78581DD44A0B00DB005B1ADB0000
:10D0E000D3181B5CD14A5371A319DB191B78591E45
:10D0F000AB19DB191B78981DCB4A0B00DB005B1AC0
:10D10000DB00D3181B5CC94A9371A319DB191B7888
:10D11000591EAB19DB191B78D81DC34A0B00DB0065
:10D120005B1ADB00D3181B5CC04AD371A319DB194F
:10D130001B78591EAB19DB191B7808331800BA4A43
:10D140000B00DB005B1ADB00D3181B5CB74A1372C1
:10D15000A319DB191B78591EAB19DB191B7809338E
:10D160001800B14A0B00DB005B1ADB00D3181B5C14
:10D17000AE4A5372A319DB191B78591EAB19DB1980
:10D180001B780A331800A84A0B00DB005B1ADB008F
:10D19000D3181B5CA54A9372A319DB191B78591E7F
:10D1A000AB19DB191B780B3318009F4A0B00DB000F
:10D1B0005B1ADB00D3181B5C9C4AD372A319DB19E2
:10D1C0001B78591EAB19DB191B780C331800964AD3
:10D1D0000B00DB005B1ADB00D3181B5C934A137354
:10D1E000A319DB191B78591EAB19DB191B780D33FA
:10D1F00018008D4A0B00DB005B1ADB00D3181B5CA8
:10D200008A4A5373A319DB191B78591EAB19DB1912
:10D210001B780E331800844A0B00DB005B1ADB001E
:10D22000D3181B5C814A9373A319DB191B78591E11
:10D23000AB19DB191B780F3318007B4A0B00DB009E
:10D240005B1ADB00D3181B5C784AD373A319DB1974
:10D250001B78591EAB19DB191B7810331800724A62
:10D260000B00DB005B1ADB00D3181B5C6F4A1374E6
:10D27000A319DB191B78591EAB19DB191B78113365
:10D280001800694A0B00DB005B1ADB00D3181B5C3B
:10D29000664A5374A319DB191B78591EAB19DB19A5
:10D2A0001B7812331800604A0B00DB005B1ADB00AE
:10D2B000D3181B5C5D4A9374A319DB191B78591EA4
:10D2C000AB19DB191B7813331800574A0B00DB002E
:10D2D0005B1ADB00D3181B5C544AD374A319DB1907
:10D2E0001B78591EAB19DB191B78143318004E4AF2
:10D2F0000B00DB005B1ADB00D3181B5C4B4A137579
:10D30000A319DB191B78591EAB19DB191B781533D0
:10D310001800454A0B00DB005B1ADB00D3181B5CCE
:10D32000424A5375A319DB191B78591EAB19DB1937
:10D330001B78163318003C4A0B00DB005B1ADB003D
:10D34000D3181B5C394A9375A319DB191B78591E36
:10D35000AB19DB191B7817331800334A0B00DB00BD
:10D360005B1ADB00D3181B5C304AD375A319DB1999
:10D370001B78591EAB19DB191B78183318002A4A81
:10D380000B00DB005B1ADB00D3181B5C274A13760B
:10D39000A319DB191B78591EAB19DB191B7819333C
:10D3A0001800214A0B00DB005B1ADB00D3181B5C62
:10D3B0001E4A5376A319DB191B78591EAB19DB19CA
:10D3C0001B781A331800184A0B00DB005B1ADB00CD
:10D3D000D3181B5C154A9376A319DB191B78591EC9
:10D3E000AB19DB191B781B3318000F4A0B00DB004D
:10D3F0005B1ADB00D3181B5C0C4AD376A319DB192C
:10D400001B78591EAB19DB191B781C331800064A10
:10D410000B00DB005B1ADB00D3181B5C034A13779D
:10D42000A319DB1904E0C0466C120020BC1F0020C9
:10D430001B78591EAB19DB191B781D331800CB4A1A
:10D440000B00DB005B1ADB00D3181B5CC84A537768
:10D4500004F019FB1F23A0229B18DA190123137073
:10D4600033E01F25A0216B18DA191C267318DB196D
:10D4700012781B789A421FD06B18DB191B781800A2
:10D4800009F022FE0400A0217318DB191B78581E36
:10D4900029235B18DB191A786B18DB191B78D31852
:10D4A000591EB24A0300DB001B1ADB00D3185B5C79
:10D4B0001900200009F034FE1F22A0215318DB19A7
:10D4C0001B785218D219013313701F23A0269B1901
:10D4D000DB191B78062BC4D91C25AB19DB191B786B
:10D4E000180009F0F1FD0400AB19DB191B78591E77
:10D4F00029239B19DB191B780A3318009B4A0B0060
:10D50000DB005B1ADB00D3181B5C1900200009F05C
:10D5100007FE04F0B8FA1C24A026A319DB191B7817
:10D520005A1E2925AB19DB19187890491300DB0026
:10D530009B1ADB00CB181B5C002B12D1A319DB1943
:10D540001B78591EAB19DB191B78581C874A0B0036
:10D55000DB005B1ADB00D3181B5C864A137004F0F7
:10D5600083FA1C24A026A319DB191B785A1E29252F
:10D57000AB19DB1918787D491300DB009B1ADB001F
:10D58000CB181B5C012B01D004F06EFA7A4A002301
:10D590001370A319DB191B78591EAB19DB191B7803
:10D5A000581C724A0B00DB005B1ADB00D3181B5CB3
:10D5B000714A5370A319DB191B78591EAB19DB197B
:10D5C0001B78981C694A0B00DB005B1ADB00D31840
:10D5D000185C03230093102300220021FDF72AFF8B
:10D5E00004F042FA654B1B78002B28D0644B1B8853
:10D5F0001A00644BD0181C23A0255B19DB191B787B
:10D600005A1E29235B19DB1919781300DB009B1ABA
:10D61000DB005A18554BD1181A246319DB191B78F3
:10D620001A0015F080FE6319DB191B789AB2544B6F
:10D630001B88D3189BB2524A138004F024FA504B33
:10D640001B881A004F4BD0181C23A0255B19DB192F
:10D650001B785A1E29235B19DB1919781300DB008C
:10D660009B1ADB005A18414BD1181A246319DB1995
:10D670001B781A0015F057FE6319DB191B789AB254
:10D680003F4B1B88D3189BB23D4A13803C4B1B88F1
:10D6900016211800F2F75EFD03009BB2DBB23A4A96
:10D6A0001370374B1B881A003649384B180015F099
:10D6B0003AFE334A0023138004F0E5F92D23A0221B
:10D6C0009B18DB191B78180009F0E6FD04F0DBF964
:10D6D0002A23A0229B18DA190023137036E02D2686
:10D6E000A0217318DB191B78013B294A5B009B5A68
:10D6F0001CB21C235B18DB191B78581E29235B18EE
:10D70000DB191A782A256B18DB191B78D118174AF0
:10D710000300DB001B1ADB00D3185B5C5A1E80235E
:10D720001B0213411BB223431AB2A0243319DB1985
:10D730001B78013B90B216495A00031C53522B1917
:10D74000DB191B782A19D219013313702A23A0215F
:10D750005B18DA191A235B18DB1912781B789A42C6
:10D76000BDD30C4A0023137004F08DF96C12002015
:10D77000BC1F0020A1000020FC1300202B1400205F
:10D780002C14002028200020A00000201C020020D3
:10D79000403000202E1400200023C0217A1813608E
:10D7A0002C23A0215B18DA19002313701C256B1899
:10D7B000DB191B785A1E29267318DB191878E649DD
:10D7C0001300DB009B1ADB00CB181B5C1C06A0229D
:10D7D000AB18DB191B78591EB318DB191B78581CC2
:10D7E000DD4A0B00DB005B1ADB00D3181B5C1B045B
:10D7F000E418A022AB18DB191B78591EB318DB19EB
:10D800001B78981CD44A0B00DB005B1ADB00D31892
:10D810001B5C1B02E418A022AB18DB191B78591EF5
:10D82000B318DB191B78D81CCB4A0B00DB005B1A42
:10D83000DB00D3181B5CE318C02179180B60A0240F
:10D840002B19DB191B78591E3319DB191B78181D8E
:10D85000C14A0B00DB005B1ADB00D3181B5CFF2BFB
:10D8600023D12A231B19DA190123137014E0C023D2
:10D87000FB181A682A24A0256319DB191B781100EC
:10D88000180009F001FC220029005318DB191B784D
:10D890005218D219013313702A23A0229B18DB19C6
:10D8A0001B78062BE3D904F0EEF82A23A0229B185C
:10D8B000DA190023137038E01C23A0269B19DB190A
:10D8C0001B785C1E29239B19DB191B781A1D2A2340
:10D8D0009B19DB191B78D0182C25AB19D9199E4A36
:10D8E0002300DB001B1BDB00D3181B5C0B7031001B
:10D8F0006B18DB191B78002B0ED06B18DB191B780B
:10D90000062B09D8C023FB181A686B18DB191B7883
:10D910001100180009F0B8FB2A22A0215318DB19C6
:10D920001B785218D219013313702A23A0215B18D7
:10D93000DA191A235B18DB1912781B789A42BBD3C9
:10D9400004F0A1F804F0C0F9F6F7A0F9834A012326
:10D95000137004F098F8F6F729FB642009F040FDF5
:10D960007E4A0223137004F08EF809F0B1FE030022
:10D97000AC22BA1813601B23A0201B18DB191B78DC
:10D98000FF2B1AD11C231B18DB191B785A1E2923C5
:10D990001B18DB1919781300DB009B1ADB005A18DF
:10D9A0006D4BD1181A231B18DB191B78013B1A0089
:10D9B0006B4B180015F0B7FC3FE01B23A0201B1891
:10D9C000DB191B78FE2B1FD11C231B18DB191B78BE
:10D9D0005A1E29231B18DB1919781300DB009B1A28
:10D9E000DB005A185C4BD1181A231B18DB191A7864
:10D9F0002C231B18DB191B78D31A023B1A00584B37
:10DA0000180015F090FC18E01C23A0201B18DB194F
:10DA10001B785A1E29231B18DB1919781300DB0009
:10DA20009B1ADB005A184C4BD1181A231B18DB1910
:10DA30001B784B481A0015F076FC2C24A026A3195D
:10DA4000DA19484B1B781370464A1C239B19DB19C3
:10DA50001B78137099239A00AC257B191968404BE9
:10DA6000180009F0A7FD0300A822BA1813603D4A68
:10DA7000A319DB191B7813703B4B1B78602B1DD14E
:10DA80007B191B681800F2F749FB02007B19196823
:10DA9000364B180015F047FC7B191B681800F2F78D
:10DAA0003DFB03009AB22D239B19DB191B7818212B
:10DAB0001800FDF76FFC0A2009F092FCA823FB1860
:10DAC0001B68002BB9D1264B32220021180015F01B
:10DAD000FEFA03F0D8FF09F0FBFD0300AC243A196D
:10DAE00013603B191B681800F2F718FB03003A1982
:10DAF00010681A00002115F0EAFA1D4B1B78002B64
:10DB00003AD01C4B1B881A003B191B6898181C2321
:10DB1000A0255B19DB191B785A1E29235B19DB1919
:10DB200019781300DB009B1ADB005A180A4BD11836
:10DB30001A246319DB191B781A0015F0F4FB63191A
:10DB4000DB191B789AB20B4B1B88D3189BB2094A7E
:10DB5000138003F098FFC0466C120020641100206F
:10DB6000482100203014002040110020FC13002028
:10DB70002B1400202C140020394B1B881A00AC23D6
:10DB8000FB181B6898181C23A0241B19DB191B7891
:10DB90005A1E29231B19DB1919781300DB009B1A65
:10DBA000DB005A182F4BD1181A231B19DB191B78CD
:10DBB0001A0015F0B8FB2A4A002313802A4A0023D2
:10DBC00013702A4B18680023002200210CF0BEF9C4
:10DBD00003F059FF264B274A1A60274B01221A707F
:10DBE0000A2009F0FDFBFEF705F91C25A0216B18A2
:10DBF000DB191B785A1E29267318DB191878194966
:10DC00001300DB009B1ADB00CB18185C0023009389
:10DC1000192300220021FDF70DFC642009F0E0FB30
:10DC2000164B1C78A0216B18DB191B785A1E731831
:10DC3000DB1918780B491300DB009B1ADB00CB18AB
:10DC4000195CA0202B18DB191A782D231B18DB195F
:10DC500018780B00210004F041FA03F014FFC046CD
:10DC60002C1400206C1200202E140020341E0020E2
:10DC7000F03F0220EFBEADDE64110020A1000020C5
:10DC80001C25A022AB18DB191B78591E2926B318B6
:10DC9000DB191B780B331C002C239B18D819F34A73
:10DCA0000B00DB005B1ADB00D3181B5D03701A222C
:10DCB000A0215318DB191B780F2B14D10A00AB18C5
:10DCC000DB191B78591EB318DB191B781C000D34A7
:10DCD0002C239B18D819E54A0B00DB005B1ADB00EC
:10DCE000D3181B5D03701A23A0229B18DB191B7825
:10DCF000112B15D11C239B18DB191B78591E2923C6
:10DD00009B18DB191B780F331C002C239B18D81988
:10DD1000D64A0B00DB005B1ADB00D3181B5D0370D7
:10DD20001C25A0216B18DB191B785A1E2926731895
:10DD3000DB191878CD491300DB009B1ADB00CB18E8
:10DD40001B5C1C06A022AB18DB191B78591EB318EC
:10DD5000DB191B78581CC54A0B00DB005B1ADB0083
:10DD6000D3181B5C1B04E418A022AB18DB191B782A
:10DD7000591EB318DB191B78981CBC4A0B00DB003A
:10DD80005B1ADB00D3181B5C1B02E418A022AB1843
:10DD9000DB191B78591EB318DB191B78D81CB34A42
:10DDA0000B00DB005B1ADB00D3181B5CE318B42408
:10DDB00038190360A022AB18DB191B78591EB31861
:10DDC000DB191B78181DA94A0B00DB005B1ADB006E
:10DDD000D3181B5C1C06A022AB18DB191B78591E3C
:10DDE000B318DB191B78581DA04A0B00DB005B1A27
:10DDF000DB00D3181B5C1B04E418A022AB18DB1952
:10DE00001B78591EB318DB191B78981D974A0B0015
:10DE1000DB005B1ADB00D3181B5C1B02E418A0229A
:10DE2000AB18DB191B78591EB318DB191B78D81DEA
:10DE30008E4A0B00DB005B1ADB00D3181B5CE31877
:10DE4000B020381803602C23A0215B18DB191B7845
:10DE5000002B00D0CAE16B18DB191B785A1E73180F
:10DE6000DB19187881491300DB009B1ADB00CB1803
:10DE70001B5C1C06A022AB18DB191B78591EB318BB
:10DE8000DB191B78581C794A0B00DB005B1ADB009E
:10DE9000D3181B5C1B04E418A022AB18DB191B78F9
:10DEA000591EB318DB191B78981C704A0B00DB0055
:10DEB0005B1ADB00D3181B5C1B02E418A022AB1812
:10DEC000DB191B78591EB318DB191B78D81C674A5D
:10DED0000B00DB005B1ADB00D3181B5CE318B424D7
:10DEE00038190360A022AB18DB191B78591EB31830
:10DEF000DB191B78181D5D4A0B00DB005B1ADB0089
:10DF0000D3181B5C1C06A022AB18DB191B78591E0A
:10DF1000B318DB191B78581D544A0B00DB005B1A41
:10DF2000DB00D3181B5C1B04E418A022AB18DB1920
:10DF30001B78591EB318DB191B78981D4B4A0B0030
:10DF4000DB005B1ADB00D3181B5C1B02E418A02269
:10DF5000AB18DB191B78591EB318DB191B78D81DB9
:10DF6000424A0B00DB005B1ADB00D3181B5CE31892
:10DF7000B021781803602E00A0257319DB191B78D7
:10DF8000591E29246319DB191B7809331800374AF5
:10DF90000B00DB005B1ADB00D3181B5C002B4FD09F
:10DFA0007319DB191B78591E6319DB191B780A33A7
:10DFB00018002E4A0B00DB005B1ADB00D3181B5C39
:10DFC000002B3DD07319DB191B78591E6319DB191F
:10DFD0001B7808331800254A0B00DB005B1ADB00B6
:10DFE000D3181D5CA022B318DB191B78591EA31887
:10DFF000DB191B78180009301C4A0B00DB005B1A88
:10E00000DB00D3181C5CA022B318DB191B78591E47
:10E0100029239B18DB191B780A331800134A0B00BD
:10E02000DB005B1ADB00D3181B5CB022BA18126845
:10E03000B42179180968009323002800FCF742FFF7
:10E040001C26A0257319DB191B78591E2924631976
:10E05000DB191B780B331800044A0B00DB005B1A3A
:10E06000DB00D3181B5C002B52D001E06C120020A7
:10E070007319DB191B78591E6319DB191B780C33D4
:10E080001800594A0B00DB005B1ADB00D3181B5C3D
:10E09000002B3DD07319DB191B78591E6319DB194E
:10E0A0001B7808331800504A0B00DB005B1ADB00BA
:10E0B000D3181D5CA022B318DB191B78591EA318B6
:10E0C000DB191B7818000B30474A0B00DB005B1A8A
:10E0D000DB00D3181C5CA022B318DB191B78591E77
:10E0E00029239B18DB191B780C3318003E4A0B00C0
:10E0F000DB005B1ADB00D3181B5CB022BA18126875
:10E10000B42179180968009323002800FCF7DAFE8F
:10E110001C26A0257319DB191B78591E29246319A5
:10E12000DB191B780D3318002F4A0B00DB005B1A3C
:10E13000DB00D3181B5C002B01D103F097FC731993
:10E14000DB191B78591E6319DB191B780E33180075
:10E15000254A0B00DB005B1ADB00D3181B5C002B8D
:10E1600001D103F083FC7319DB191B78591E631965
:10E17000DB191B78083318001B4A0B00DB005B1A05
:10E18000DB00D3181D5CA022B318DB191B78591EC5
:10E19000A318DB191B7818000D30134A0B00DB00A5
:10E1A0005B1ADB00D3181C5CA022B318DB191B78A8
:10E1B000591E29239B18DB191B780E3318000A4AB5
:10E1C0000B00DB005B1ADB00D3181B5CB022BA1813
:10E1D0001268B42179180968009323002800FCF71D
:10E1E00071FE03F043FCC0466C1200201C25A024E5
:10E1F0002B19DB191B785A1E29263319DB191B78BA
:10E20000083319009F481300DB009B1ADB00C3187A
:10E210005B5C9BB21900E42005F066F92B19DB1951
:10E220001B785A1E3319DB19197896481300DB0046
:10E230009B1ADB00C3185B5C9BB21B0299B22B19C3
:10E24000DB191B785A1E3319DB191B78581C8D4CAF
:10E250001300DB009B1ADB00E3181B5C9BB2CB189E
:10E260009BB21900E52005F03FF9A0242B19DB191A
:10E270001B785A1E3319DB191B78991C814813002F
:10E28000DB009B1ADB00C3185B5C9BB21B0299B2DC
:10E290002B19DB191B785A1E3319DB191B78D81C74
:10E2A000784C1300DB009B1ADB00E3181B5C9BB26D
:10E2B000CB189BB21900E62005F016F9A0242B1903
:10E2C000DB191B785A1E3319DB191B78191D6D4891
:10E2D0001300DB009B1ADB00C3185B5C9BB21B02C4
:10E2E00099B22B19DB191B785A1E3319DB191B78CD
:10E2F000581D644C1300DB009B1ADB00E3181B5C09
:10E300009BB2CB189BB21900E72005F0EDF8A024D2
:10E310002B19DB191B785A1E3319DB191B78991D31
:10E3200058481300DB009B1ADB00C3185B5C9BB2F0
:10E330001B0299B22B19DB191B785A1E3319DB19F2
:10E340001B78D81D4F4C1300DB009B1ADB00E31831
:10E350001B5C9BB2CB189BB21900E82005F0C4F8F7
:10E36000A0242B19DB191B785A1E3319DB191B78D3
:10E370000933190043481300DB009B1ADB00C31864
:10E380005B5C9BB21B0299B22B19DB191B785A1EDE
:10E390003319DB191B780A3318003A4C1300DB00E1
:10E3A0009B1ADB00E3181B5C9BB2CB189BB21900D5
:10E3B000E92005F099F81A23A0241B19DB191B7812
:10E3C000132B29D12B19DB191B785A1E3319DB1992
:10E3D0001B780B3319002B481300DB009B1ADB0062
:10E3E000C3185B5C9BB21B0299B22B19DB191B781B
:10E3F0005A1E3319DB191B780C331800214C1300FB
:10E40000DB009B1ADB00E3181B5C9BB2CB189BB2B2
:10E410001900EA2005F068F81A23A0269B19DB19D9
:10E420001B78152B2BD11C24A319DB191B785A1E22
:10E430002925AB19DB191B780D331900114813007E
:10E44000DB009B1ADB00C3185B5C9BB21B0299B21A
:10E45000A319DB191B785A1EAB19DB191B780E3375
:10E460001800084C1300DB009B1ADB00E3181B5C50
:10E470009BB2CB189BB21900EB2005F035F8FDF7E5
:10E48000B9FCC0466C1200201C25A0216B18DB19BA
:10E490001B785A1E29267318DB191878E6491300D1
:10E4A000DB009B1ADB00CB181B5C1C06A022AB1800
:10E4B000DB191B78591EB318DB191B78581CDE4A70
:10E4C0000B00DB005B1ADB00D3181B5C1B04E41899
:10E4D000A022AB18DB191B78591EB318DB191B7867
:10E4E000981CD54A0B00DB005B1ADB00D3181B5CC1
:10E4F0001B02E418A022AB18DB191B78591EB318B5
:10E50000DB191B78D81CCC4A0B00DB005B1ADB0044
:10E51000D3181B5CE318B42178180360A022A81854
:10E52000C3191B78591EB018C3191B78181DC24A8D
:10E530000B00DB005B1ADB00D3181B5C1C06A0225F
:10E54000A818C3191B78591EB018C3191B78581D79
:10E55000B94A0B00DB005B1ADB00D3181B5C1B0401
:10E56000E418A022A818C3191B78591EB018C319A3
:10E570001B78981DB04A0B00DB005B1ADB00D31838
:10E580001B5C1B02E418A022A818C3191B78591E93
:10E59000B018C3191B78D81DA74A0B00DB005B1A03
:10E5A000DB00D3181B5CE318B021781803602C0043
:10E5B000A022A818C3191B78591E3500B018C3191A
:10E5C0001B78093318009C4A0B00DB005B1ADB0048
:10E5D000D3181B5C9846994B1B789C46A022A01828
:10E5E000C3191B78591EA818C3191B780B331800C0
:10E5F000914A0B00DB005B1ADB00D3181E5CA022E3
:10E60000A018C3191B78591EAD18EB191B780A33D3
:10E610001800894A0B00DB005B1ADB00D3181D5C75
:10E62000A0202218D3191B78591E29221418E31987
:10E630001B7818000830804A0B00DB005B1ADB00F7
:10E64000D3181C5C1C23A0201A18D3191B78591E40
:10E6500029221218D3191B780C331800764A0B00A4
:10E66000DB005B1ADB00D3181B5C5A1E9341DBB244
:10E670000393B023FA1813680293B423FB181B68A2
:10E68000019300942B00320061464046FDF72CFABE
:10E6900003F0F9F91C25A0242B19DB191B785A1E4D
:10E6A00029263319DB19187863491300DB009B1AFC
:10E6B000DB00CB181B5C002B00D03AE12B19DB19D7
:10E6C0001B78591E3319DB191B78981C5A4A0B000A
:10E6D000DB005B1ADB00D3181B5C1C06A022AB1806
:10E6E000DB191B78591EB318DB191B78D81C524A4A
:10E6F0000B00DB005B1ADB00D3181B5C1B04E41867
:10E70000A022AB18DB191B78591EB318DB191B7834
:10E71000181D494A0B00DB005B1ADB00D3181B5C99
:10E720001B02E418A022AB18DB191B78591EB31882
:10E73000DB191B78581D404A0B00DB005B1ADB001D
:10E74000D3181B5CE318C02179180B60A022AB180A
:10E75000DB191B78591EB318DB191B78581C364A75
:10E760000B00DB005B1ADB00D3181B5C082B00D905
:10E7700066E39A00324BD3181B689F46C023FB18F0
:10E780001B681B78DBB22F4A13702D23A0229B1825
:10E79000DB191B7801221F211800FCF7FBFD56E353
:10E7A000C023FB181B681B785BB2DBB2254A1370D1
:10E7B0002D23A0229B18DB191B7801221F21180092
:10E7C000FCF7E8FD43E3C0217B181B681B889BB264
:10E7D000DBB21C4A13707B181B681B889BB21B0A98
:10E7E0009BB2DBB2174A53702D23A0229B18DB1972
:10E7F0001B7802221F211800FCF7CCFD27E3C02163
:10E800007B181B681B881BB2DBB20E4A13707B1887
:10E810001B681B881BB21B121BB2DBB2094A537068
:10E820002D23A0229B18DB191B7802221F21180020
:10E83000FCF7B0FD0BE3C0466C120020A1000020E5
:10E84000C8A90208FC130020C0217B181B681B68A4
:10E85000DBB2DB4A13707B181B681B681B0ADBB238
:10E86000D74A53707B181B681B681B0CDBB2D44A59
:10E8700093707B181B681B681B0EDBB2D04AD370E9
:10E880002D23A0229B18DB191B7804221F211800BE
:10E89000FCF780FDDBE2C0217B181B681B68DBB244
:10E8A000C74A13707B181B681B681B12DBB2C44A73
:10E8B00053707B181B681B681B14DBB2C04A937033
:10E8C0007B181B681B681B16DBB2BD4AD3702D2357
:10E8D000A0229B18DB191B7804221F211800FCF7CB
:10E8E00059FDB4E2C0217B181B681B78DBB2B44A27
:10E8F00013707B181B6801331B78DBB2B04A53706E
:10E900007B181B6802331B78DBB2AD4A93707B180F
:10E910001B6803331B78DBB2A94AD3702D23A022D6
:10E920009B18DB191B7808221F211800FCF732FD09
:10E930008DE21C24A026A319DB191B785A1E292559
:10E94000AB19DB1918789F491300DB009B1ADB0019
:10E95000CB181B5C022B00D03CE1A319DB191B7800
:10E96000581EA319DB191B785A1E974B9B5C591E26
:10E97000944A0300DB001B1ADB00D2180023535417
:10E98000A319DB191B785A1EAB19DB191B78591C0C
:10E990001300DB009B1ADB005A188A4BD3182C2576
:10E9A000AA19D4191800F5F7CDFB03002370AB1991
:10E9B000DB191B78002B0AD12D239B19DB191B783F
:10E9C00001221F211800FCF7E5FC03F051F82C2070
:10E9D000A0240319DB191B785A1E7C4913005B0025
:10E9E0009B189B005B58C022BA1813600319DB19EF
:10E9F0001B785A1E754913005B009B189B00CB18AF
:10EA000004331B786E4A13706D4B1B78082B00D9AA
:10EA100019E29A006E4BD3181B689F46C023FB185F
:10EA20001B681B78DBB2664A53702D23A0229B180B
:10EA3000DB191B7802221F211800FCF7ABFC06E251
:10EA4000C023FB181B681B785BB2DBB25C4A5370B7
:10EA50002D23A0229B18DB191B7802221F211800EE
:10EA6000FCF798FCF3E1C0217B181B681B889BB264
:10EA7000DBB2534A53707B181B681B889BB21B0A7E
:10EA80009BB2DBB24E4A93702D23A0229B18DB1958
:10EA90001B7803221F211800FCF77CFCD7E1C02162
:10EAA0007B181B681B881BB2DBB2454A53707B186E
:10EAB0001B681B881BB21B121BB2DBB2404A93704F
:10EAC0002D23A0229B18DB191B7803221F2118007D
:10EAD000FCF760FCBBE1C0217B181B681B68DBB244
:10EAE000374A53707B181B681B681B0ADBB2344A19
:10EAF00093707B181B681B681B0CDBB2304AD37009
:10EB00007B181B681B681B0EDBB22D4A13712D236B
:10EB1000A0229B18DB191B7805221F211800FCF787
:10EB200039FC94E1C0217B181B681B68DBB2244AC6
:10EB300053707B181B681B681B12DBB2204A937052
:10EB40007B181B681B681B14DBB21D4AD3707B1833
:10EB50001B681B681B16DBB2194A13712D23A022F8
:10EB60009B18DB191B7805221F211800FCF712FCEB
:10EB70006DE1C0217B181B681B78DBB2104A537013
:10EB80007B181B6801331B78DBB20D4A93707B182E
:10EB90001B6802331B78DBB2094AD3707B181B68F1
:10EBA00003331B78DBB2064A13712D23A0229B1876
:10EBB000DB191B7809221F211800FCF7EBFB46E14B
:10EBC000FC1300206C120020F413002054020020DB
:10EBD000ECA902081C24A026A319DB191B785A1ED5
:10EBE0002925AB19DB191878D9491300DB009B1ACA
:10EBF000DB00CB181B5C022B01D802F039FFA319F4
:10EC0000DB191B785A1E3400AB19DB191878D04970
:10EC10001300DB009B1ADB00CB181B5C043BCD4AC6
:10EC20009B009B58DAB20F231340DBB2CA4A137021
:10EC3000C94B1B78002B0AD12D231B19DB191B781C
:10EC400001221F211800FCF7A5FB02F011FF1C2375
:10EC5000A0215B18DB191B785A1E29235B18DB19CE
:10EC60001878BB491300DB009B1ADB00CB181B5C38
:10EC7000043BB84A9B009B581B0C8022920594468B
:10EC80006344C022BA181360B34B1B78082B00D919
:10EC9000DCE09A00B14BD3181B689F46C023FB18D9
:10ECA0001B681B78DBB2AC4A53702D23A0229B1843
:10ECB000DB191B7802221F211800FCF76BFBC6E052
:10ECC000C023FB181B681B785BB2DBB2A24A5370EF
:10ECD0002D23A0229B18DB191B7802221F2118006C
:10ECE000FCF758FBB3E0C0217B181B681B889BB264
:10ECF000DBB2994A53707B181B681B889BB21B0AB6
:10ED00009BB2DBB2944A93702D23A0229B18DB198F
:10ED10001B7803221F211800FCF73CFB97E0C02161
:10ED20007B181B681B881BB2DBB28B4A53707B18A5
:10ED30001B681B881BB21B121BB2DBB2864A937086
:10ED40002D23A0229B18DB191B7803221F211800FA
:10ED5000FCF720FB7BE0C0217B181B681B68DBB243
:10ED60007D4A53707B181B681B681B0ADBB27A4A0A
:10ED700093707B181B681B681B0CDBB2764AD37040
:10ED80007B181B681B681B0EDBB2734A13712D23A3
:10ED9000A0229B18DB191B7805221F211800FCF705
:10EDA000F9FA54E0C0217B181B681B68DBB26A4A81
:10EDB00053707B181B681B681B12DBB2664A93708A
:10EDC0007B181B681B681B14DBB2634AD3707B186B
:10EDD0001B681B681B16DBB25F4A13712D23A02230
:10EDE0009B18DB191B7805221F211800FCF7D2FAAB
:10EDF0002DE0C0217B181B681B78DBB2564A53708C
:10EE00007B181B6801331B78DBB2534A93707B1865
:10EE10001B6802331B78DBB24F4AD3707B181B6828
:10EE200003331B78DBB24C4A13712D23A0229B18AD
:10EE3000DB191B7809221F211800FCF7ABFA06E04A
:10EE4000C04602F015FEC04602F012FEC04602F0B7
:10EE50000FFE434B1A685B68032A01D1002B08D0D0
:10EE60003F4B1A685B68022A00D0DFE1002B00D01C
:10EE7000DCE11C24A026A319DB191B785A1E2925C6
:10EE8000AB19DB19187832491300DB009B1ADB0041
:10EE9000CB181B5C334A1370A319DB191B785A1E5D
:10EEA000AB19DB1918782A491300DB009B1ADB0029
:10EEB000CB181B5C082B00D9B6E19A002A4BD3185B
:10EEC0001B689F46294A10231370AEE11C23A02221
:10EED0009B18DB191B78591E29239B18DB191B78FB
:10EEE000581C1B4A0B00DB005B1ADB00D3181B5CB1
:10EEF0009822B9180B6000239C2179180B60184BDD
:10EF0000BA181168526819605A608EE11C23A02259
:10EF10009B18DB191B78591E29239B18DB191B78BA
:10EF2000581C0B4A0B00DB005B1ADB00D3181B5C80
:10EF30005BB29022B9180B60DB17942179180B6033
:10EF4000074BBA181168526819605A606DE1C046E3
:10EF50006C12002034140020FC13002010AA0208B8
:10EF6000B0140020A300002034AA02082E140020B0
:10EF70001C25A022AB18DB191B78591E2926B318B3
:10EF8000DB191B78581CE74A0B00DB005B1ADB001F
:10EF9000D3181B5C1C00A022AB18DB191B78591E70
:10EFA000B318DB191B78981CDE4A0B00DB005B1AD8
:10EFB000DB00D3181B5C1B02E3188822B9180B6016
:10EFC000DB178C2179180B60D74BBA18116852687F
:10EFD00019605A6029E11C25A022AB18DB191B78A7
:10EFE000591E2926B318DB191B78581CCD4A0B0073
:10EFF000DB005B1ADB00D3181B5C1C00A022AB18E3
:10F00000DB191B78591EB318DB191B78981CC54AED
:10F010000B00DB005B1ADB00D3181B5C1B02E31840
:10F020008022B9180B60DB17842179180B60BE4B66
:10F03000BA181168526819605A60F6E01C25A022BF
:10F04000AB18DB191B78591E2926B318DB191B785E
:10F05000581CB44A0B00DB005B1ADB00D3181B5CA6
:10F060001C00A022AB18DB191B78591EB318DB1942
:10F070001B78981CAB4A0B00DB005B1ADB00D31833
:10F080001B5C1B02E418A022AB18DB191B78591E6D
:10F09000B318DB191B78D81CA24A0B00DB005B1AE3
:10F0A000DB00D3181B5C1B04E418A022AB18DB198F
:10F0B0001B78591EB318DB191B78181D994A0B00D1
:10F0C000DB005B1ADB00D3181B5C1B06E318BB6775
:10F0D0000023FB67944BB96FFA6F19605A60A4E084
:10F0E0001C25A022AB18DB191B78591E2926B31842
:10F0F000DB191B78581C8B4A0B00DB005B1ADB000A
:10F10000D3181B5C1C00A022AB18DB191B78591EFE
:10F11000B318DB191B78981C824A0B00DB005B1AC2
:10F12000DB00D3181B5C1B02E418A022AB18DB1910
:10F130001B78591EB318DB191B78D81C794A0B00B1
:10F14000DB005B1ADB00D3181B5C1B04E418A02255
:10F15000AB18DB191B78591EB318DB191B78181D67
:10F16000704A0B00DB005B1ADB00D3181B5C1B062C
:10F17000E3183B67DB177B676B4B396F7A6F19605E
:10F180005A6052E01C25A022AB18DB191B78591ECF
:10F190002926B318DB191B78581C624A0B00DB00C8
:10F1A0005B1ADB00D3181B5C1C00A022AB18DB1918
:10F1B0001B78591EB318DB191B78981C594A0B0091
:10F1C000DB005B1ADB00D3181B5C1B02E418A022D7
:10F1D000AB18DB191B78591EB318DB191B78D81C28
:10F1E000504A0B00DB005B1ADB00D3181B5C1B04CE
:10F1F000E418A022AB18DB191B78591EB318DB19D1
:10F200001B78181D474A0B00DB005B1ADB00D31884
:10F210001B5C1B06E318BB660023FB66424BB96E02
:10F22000FA6E19605A6000E0C046A2E13E4B1A68CF
:10F230005B681100194300D09BE13B4B1C685D6883
:10F240000822002320002900F1F772F9431C012B4A
:10F2500000D98DE1A200354BD3181B689F461C23B3
:10F26000A0215B18DB191B785A1E29235B18DB19B8
:10F2700018782C491300DB009B1ADB00CB181B5CB1
:10F280003B6600237B66284B396E7A6E19605A60A4
:10F290006FE11C23A0215B18DB191B785A1E292360
:10F2A0005B18DB1918781F491300DB009B1ADB0081
:10F2B000CB181B5C5BB2BB65DB17FB651A4BB96DEA
:10F2C000FA6D19605A6054E11C25A0216B18DB19F6
:10F2D0001B785A1E29267318DB1918781149130058
:10F2E000DB009B1ADB00CB181B5C1C00A022AB18B8
:10F2F000DB191B78591EB318DB191B78581C094AF7
:10F300000B00DB005B1ADB00D3181B5C1B02E3184D
:10F310003B65DB177B65044B396D7A6D19605A606C
:10F3200027E1C0466C120020B014002058AA020841
:10F330001C25A0216B18DB191B785A1E292673186F
:10F34000DB191878E7491300DB009B1ADB00CB18A8
:10F350001B5C1C00A022AB18DB191B78591EB318CC
:10F36000DB191B78581CDF4A0B00DB005B1ADB0043
:10F37000D3181B5C1B02E318BB64DB17FB64DA4B7E
:10F38000B96CFA6C19605A60F3E01C25A0216B1867
:10F39000DB191B785A1E29267318DB191878D149F6
:10F3A0001300DB009B1ADB00CB181B5C1C00A022A7
:10F3B000AB18DB191B78591EB318DB191B78581CC6
:10F3C000C84A0B00DB005B1ADB00D3181B5C1B0276
:10F3D000E418A022AB18DB191B78591EB318DB19EF
:10F3E0001B78981CBF4A0B00DB005B1ADB00D318AC
:10F3F0001B5C1B04E418A022AB18DB191B78591EF8
:10F40000B318DB191B78D81CB64A0B00DB005B1A5B
:10F41000DB00D3181B5C1B06E3183B6400237B64F2
:10F42000B14B396C7A6C19605A60A2E01C25A0219E
:10F430006B18DB191B785A1E29267318DB191878EC
:10F44000A8491300DB009B1ADB00CB181B5C1C00D7
:10F45000A022AB18DB191B78591EB318DB191B78D7
:10F46000581CA04A0B00DB005B1ADB00D3181B5CA6
:10F470001B02E418A022AB18DB191B78591EB31825
:10F48000DB191B78981C974A0B00DB005B1ADB002A
:10F49000D3181B5C1B04E418A022AB18DB191B78E3
:10F4A000591EB318DB191B78D81C8E4A0B00DB00E1
:10F4B0005B1ADB00D3181B5C1B06E318BB63DB176E
:10F4C000FB63894BB96BFA6B19605A6051E01C25DC
:10F4D000A0216B18DB191B785A1E29267318DB191B
:10F4E000187880491300DB009B1ADB00CB181B5CEB
:10F4F0001C00A022AB18DB191B78591EB318DB19AE
:10F500001B78581C774A0B00DB005B1ADB00D31812
:10F510001B5C1B02E418A022AB18DB191B78591ED8
:10F52000B318DB191B78981C6E4A0B00DB005B1AC2
:10F53000DB00D3181B5C1B04E418A022AB18DB19FA
:10F540001B78591EB318DB191B78D81C654A0B00B1
:10F55000DB005B1ADB00D3181B5C1B06E3183B6364
:10F5600000237B63604B396B7A6B19605A6000E053
:10F57000C0465E4B1B78102B01D102F07BFA5B4A30
:10F580000023137002F076FA584A002313701C24EB
:10F59000A026A319DB191B785A1E2925AB19DB19E4
:10F5A000187850491300DB009B1ADB00CB181B5C5A
:10F5B000002B01D100F0D8FCA319DB191B785A1ECF
:10F5C000AB19DB19187847491300DB009B1ADB00E5
:10F5D000CB181B5C1E2B01D900F0C2FCA319DB1950
:10F5E0001B785A1EAB19DB1918783E491300DB0053
:10F5F0009B1ADB00CB181B5C013B3D4A9B009B58D0
:10F600001B0C3C4A94466344C022BA181360A319E9
:10F61000DB191B78591EAB19DB191B78581C314AB2
:10F620000B00DB005B1ADB00D3181B5C082B01D935
:10F6300000F019FC9A00304BD3181B689F461C241D
:10F64000A0216318DB191B785A1E29235B18DB19CC
:10F65000187824491300DB009B1ADB00CB181B5CD5
:10F66000013B234A9B009A580F23134049D10120A4
:10F6700012F026F90300C0203D182B603B181B68D0
:10F68000002B3BD03B181B68E022120694466344D3
:10F690001D042600A022A318DB191B78591E29235C
:10F6A0009B18DB191B78581C0E4A0B00DB005B1AF9
:10F6B000DB00D3181B5C1C00A0217318DB191B781E
:10F6C0005A1E29235B18DB19187806491300DB0042
:10F6D0009B1ADB00CB181B5C013B2919044A9B00D9
:10F6E00099500EE06C120020B01400202E1400205F
:10F6F00034140020000001207CAA0208D14A122301
:10F700001370D04B1B78122B00D1AEE31C23A02228
:10F710009B18DB191B78591E29239B18DB191B78B2
:10F72000981CC023FB181C68C74A0B00DB005B1A3F
:10F73000DB00D3181B5C237097E31C24A021631803
:10F74000DB191B785A1E29235B18DB191878BE4970
:10F750001300DB009B1ADB00CB181B5C013BBB4A90
:10F760009B009A580F2313403DD1012012F0A8F8B6
:10F770000300C0203D182B603B181B68002B2FD0C6
:10F780003B181B68E0221206944663441D042600C1
:10F79000A022A318DB191B78591E29239B18DB19FB
:10F7A0001B78581CA84A0B00DB005B1ADB00D3183F
:10F7B0001B5C1C00A0217318DB191B785A1E29231F
:10F7C0005B18DB191878A0491300DB009B1ADB00DB
:10F7D000CB181B5C013B29199C4A9B00995002E005
:10F7E000984A12231370974B1B78122B00D13EE3DB
:10F7F0001C23A0229B18DB191B78591E29239B1858
:10F80000DB191B78981C904A0B00DB005B1ADB00AD
:10F81000D3181B5CC022BA1812685BB2137026E3BF
:10F820001C24A0216318DB191B785A1E29235B189E
:10F83000DB19187884491300DB009B1ADB00CB1816
:10F840001B5C013B814A9B009A580F2313403DD11A
:10F85000022012F035F80300C0203D182B603B1841
:10F860001B68002B2FD03B181B68E0221206944621
:10F8700063441D042600A022A318DB191B78591E1F
:10F8800029239B18DB191B78581C6F4A0B00DB00DF
:10F890005B1ADB00D3181B5C1C00A0217318DB195A
:10F8A0001B785A1E29235B18DB1918786649130048
:10F8B000DB009B1ADB00CB181B5C013B2919634A58
:10F8C0009B00995002E05F4A122313705D4B1B7836
:10F8D000122B00D1CDE21C25A022AB18DB191B781E
:10F8E000591E2926B318DB191B78981C564A0B00A1
:10F8F000DB005B1ADB00D3181B5C9CB2A022AB18A8
:10F90000DB191B78591EB318DB191B78D81C4E4A1B
:10F910000B00DB005B1ADB00D3181B5C9BB21B02E5
:10F920009BB2C022BA181268E3189BB21380A0E2FF
:10F930001C24A0216318DB191B785A1E29235B188D
:10F94000DB19187840491300DB009B1ADB00CB1849
:10F950001B5C013B3D4A9B009A580F2313403DD14D
:10F96000022011F0ADFF0300C0203D182B603B18B2
:10F970001B68002B2FD03B181B68E0221206944610
:10F9800063441D042600A022A318DB191B78591E0E
:10F9900029239B18DB191B78581C2B4A0B00DB0012
:10F9A0005B1ADB00D3181B5C1C00A0217318DB1949
:10F9B0001B785A1E29235B18DB191878224913007B
:10F9C000DB009B1ADB00CB181B5C013B29191F4A8B
:10F9D0009B00995002E01B4A12231370194B1B78AD
:10F9E000122B00D147E21C25A022AB18DB191B7893
:10F9F000591E2926B318DB191B78981C124A0B00D4
:10FA0000DB005B1ADB00D3181B5C9CB2A022AB1896
:10FA1000DB191B78591EB318DB191B78D81C0A4A4E
:10FA20000B00DB005B1ADB00D3181B5C9BB21B02D4
:10FA30009BB2E3189BB2C022BA1812681BB21380A3
:10FA400019E2C0462E1400206C120020341400204D
:10FA50001C24A0216318DB191B785A1E29235B186C
:10FA6000DB191878CD491300DB009B1ADB00CB189B
:10FA70001B5C013BCA4A9B009A580F2313403DD19F
:10FA8000042011F01DFF0300C0203D182B603B181F
:10FA90001B68002B2FD03B181B68E02212069446EF
:10FAA00063441D042600A022A318DB191B78591EED
:10FAB00029239B18DB191B78581CB84A0B00DB0064
:10FAC0005B1ADB00D3181B5C1C00A0217318DB1928
:10FAD0001B785A1E29235B18DB191878AF491300CD
:10FAE000DB009B1ADB00CB181B5C013B2919AC4ADD
:10FAF0009B00995002E0AB4A12231370A94B1B786C
:10FB0000122B00D1B9E11C25A022AB18DB191B7800
:10FB1000591E2926B318DB191B78981C9F4A0B0025
:10FB2000DB005B1ADB00D3181B5C1C00A022AB18A7
:10FB3000DB191B78591EB318DB191B78D81C974AA0
:10FB40000B00DB005B1ADB00D3181B5C1B02E41804
:10FB5000A022AB18DB191B78591EB318DB191B78D0
:10FB6000181D8E4A0B00DB005B1ADB00D3181B5CF0
:10FB70001B04E418A022AB18DB191B78591EB3181C
:10FB8000DB191B78581D854A0B00DB005B1ADB0074
:10FB9000D3181B5C1B06C022BA181268E318136046
:10FBA0006BE11C24A0216318DB191B785A1E292342
:10FBB0005B18DB19187879491300DB009B1ADB000E
:10FBC000CB181B5C013B764A9B009A580F231340CD
:10FBD0003DD1042011F074FE0300C0203D182B60BD
:10FBE0003B181B68002B2FD03B181B68E022120625
:10FBF000944663441D042600A022A318DB191B7839
:10FC0000591E29239B18DB191B78581C634A0B00CB
:10FC1000DB005B1ADB00D3181B5C1C00A0217318EF
:10FC2000DB191B785A1E29235B18DB1918785B49EE
:10FC30001300DB009B1ADB00CB181B5C013B29196E
:10FC4000574A9B00995002E0564A12231370554BB5
:10FC50001B78122B00D112E11C25A022AB18DB1956
:10FC60001B78591E2926B318DB191B78981C4B4AA0
:10FC70000B00DB005B1ADB00D3181B5C1C00A0220E
:10FC8000AB18DB191B78591EB318DB191B78D81C6D
:10FC9000424A0B00DB005B1ADB00D3181B5C1B0223
:10FCA000E418A022AB18DB191B78591EB318DB1916
:10FCB0001B78181D394A0B00DB005B1ADB00D318D8
:10FCC0001B5C1B04E418A022AB18DB191B78591E1F
:10FCD000B318DB191B78581D304A0B00DB005B1A88
:10FCE000DB00D3181B5C1B06C022BA181268E3188D
:10FCF0001360C4E01C24A0216318DB191B785A1E72
:10FD000029235B18DB19187824491300DB009B1AA0
:10FD1000DB00CB181B5C013B214A9B009A580F2348
:10FD2000134044D1042011F0CBFD0300C0203D1846
:10FD30002B603B181B68002B36D03B181B68E02259
:10FD40001206944663441D042600A022A318DB1962
:10FD50001B78591E29239B18DB191B78581C0F4A46
:10FD60000B00DB005B1ADB00D3181B5C1C00A0211E
:10FD70007318DB191B785A1E29235B18DB191878B6
:10FD800006491300DB009B1ADB00CB181B5C013B10
:10FD90002919034A9B00995009E0C0466C120020C3
:10FDA000341400202E140020EC4A12231370EB4B65
:10FDB0001B78122B65D01C25A022AB18DB191B78F1
:10FDC000591E2926B318DB191B78981CE44A0B002E
:10FDD000DB005B1ADB00D3181B5C1C00A022AB18F5
:10FDE000DB191B78591EB318DB191B78D81CDC4AA9
:10FDF0000B00DB005B1ADB00D3181B5C1B02E41852
:10FE0000A022AB18DB191B78591EB318DB191B781D
:10FE1000181DD34A0B00DB005B1ADB00D3181B5CF8
:10FE20001B04E418A022AB18DB191B78591EB31869
:10FE3000DB191B78581DCA4A0B00DB005B1ADB007C
:10FE4000D3181B5C1B06E318BB620023FB62C54B87
:10FE5000B96AFA6A19605A60C24BC022BA181268AD
:10FE60001B6813600DE0C0460CE0C0460AE0C046C7
:10FE700008E0C04606E0C04604E0C04602E0C046D6
:10FE800000E0C0461C26A0217318DB191B785A1EFF
:10FE900029256B18DB191878B1491300DB009B1A70
:10FEA000DB00CB181B5C013BAF4A9B009A580F2329
:10FEB0001A401400A022B318DB191B78591EAB1886
:10FEC000DB191B78581CA64A0B00DB005B1ADB0011
:10FED000D3181B5C9C4201D100F0CEFBA02173180B
:10FEE000DB191B785A1E2C006B18DB1918789C49FB
:10FEF0001300DB009B1ADB00CB181B5C013B9A4A0A
:10FF00009B009D58A022B318DB191B78591EA3181B
:10FF1000DB191B78581C924A0B00DB005B1ADB00D4
:10FF2000D3181B5C914A944663441C00A0217318AB
:10FF3000DB191B785A1E29235B18DB1918788849AE
:10FF40001300DB009B1ADB00CB181B5C013B21007C
:10FF50002940854A9B009950804A142313708BE3F3
:10FF60007E4A1323137087E31C25A022AB18DB19EC
:10FF70001B78591E2926B318DB191B78981C784A60
:10FF80000B00DB005B1ADB00D3181B5C1C06A022F5
:10FF9000AB18DB191B78591EB318DB191B78D81C5A
:10FFA0006F4A0B00DB005B1ADB00D3181B5C1B04E1
:10FFB000E418A022AB18DB191B78591EB318DB1903
:10FFC0001B78181D664A0B00DB005B1ADB00D31898
:10FFD0001B5C1B02E418A022AB18DB191B78591E0E
:10FFE000B318DB191B78581D5D4A0B00DB005B1A48
:10FFF000DB00D3181B5CE318C021781803607B1862
:020000040801F1
:100000001A6880239B059A4200D2B1E17B181A68D6
:10001000574B9A4200D9ABE1A022AB18DB191B78F1
:10002000591EB318DB191B78581C4D4A0B00DB0016
:100030005B1ADB00D3181B5C082B00D996E19A00F1
:100040004C4BD3181B689F461C23A0229B18DB191E
:100050001B78591E29239B18DB191B78981DC02378
:10006000FB181C683E4A0B00DB005B1ADB00D31850
:100070001B5C23707BE11C23A0229B18DB191B78DF
:10008000591E29239B18DB191B78981D344A0B0035
:10009000DB005B1ADB00D3181B5CC022BA181268A5
:1000A0005BB2137063E11C25A022AB18DB191B782F
:1000B000591E2926B318DB191B78981D284A0B00F6
:1000C000DB005B1ADB00D3181B5C9CB2A022AB18D0
:1000D000DB191B78591EB318DB191B78D81D204A71
:1000E0000B00DB005B1ADB00D3181B5C9BB21B020E
:1000F0009BB2C022BA181268E3189BB2138036E193
:100100001C25A022AB18DB191B78591E2926B31811
:10011000DB191B78981D124A0B00DB005B1ADB0011
:10012000D3181B5C9CB2A022AB18DB191B78591E9C
:10013000B318DB191B78D81D094A0B00DB005B1ACA
:10014000DB00D3181B5C9BB21B029BB2E3189BB273
:10015000C022BA1812681BB2138008E12E140020C6
:100160006C120020B014002034140020F0FF0000B6
:10017000FF7F0020A0AA02081C25A022AB18DB19D3
:100180001B78591E2926B318DB191B78981DCB4AFA
:100190000B00DB005B1ADB00D3181B5C1C00A022E9
:1001A000AB18DB191B78591EB318DB191B78D81D47
:1001B000C24A0B00DB005B1ADB00D3181B5C1B027E
:1001C000E418A022AB18DB191B78591EB318DB19F1
:1001D0001B7808331800B94A0B00DB005B1ADB0000
:1001E000D3181B5C1B04E418A022AB18DB191B7886
:1001F000591EB318DB191B7809331800AF4A0B00DE
:10020000DB005B1ADB00D3181B5C1B06C022BA188C
:100210001268E3181360AAE01C25A022AB18DB19B2
:100220001B78591E2926B318DB191B78981DA34A81
:100230000B00DB005B1ADB00D3181B5C1C00A02248
:10024000AB18DB191B78591EB318DB191B78D81DA6
:100250009A4A0B00DB005B1ADB00D3181B5C1B0205
:10026000E418A022AB18DB191B78591EB318DB1950
:100270001B7808331800914A0B00DB005B1ADB0087
:10028000D3181B5C1B04E418A022AB18DB191B78E5
:10029000591EB318DB191B7809331800874A0B0065
:1002A000DB005B1ADB00D3181B5C1B06C022BA18EC
:1002B0001268E31813605AE01C25A022AB18DB1962
:1002C0001B78591E2926B318DB191B78981D7B4A09
:1002D0000B00DB005B1ADB00D3181B5C1C00A022A8
:1002E000AB18DB191B78591EB318DB191B78D81D06
:1002F000724A0B00DB005B1ADB00D3181B5C1B028D
:10030000E418A022AB18DB191B78591EB318DB19AF
:100310001B7808331800694A0B00DB005B1ADB000E
:10032000D3181B5C1B04E418A022AB18DB191B7844
:10033000591EB318DB191B78093318005F4A0B00EC
:10034000DB005B1ADB00D3181B5C1B06E3183B6267
:1003500000237B625A4B396A7A6A19605A60584B9B
:10036000C022BA1812681B68136000E0C04683E11F
:10037000C0243B191A6880231B059A4200D278E1F9
:100380003B191A684F4B9A4200D972E10CF0DEF823
:100390002623A0229B18DB191B88222B04D13B1992
:1003A0001B68180003F076FB474B1B78002B00D02E
:1003B00052E11C23A0229B18DB191B78591E29230C
:1003C0009B18DB191B78581C3C4A0B00DB005B1A9E
:1003D000DB00D3181B5C082B00D93CE19A003B4B97
:1003E000D3181B689F46C023FB181B681B889AB252
:1003F000374B9A4203D0344A162313702CE11C2346
:10040000A0229B18DB191B78591E29239B18DB1986
:100410001B78981D294A0B00DB005B1ADB00D31800
:100420001B5CBB610023FB61254BB969FA6919604C
:100430005A6011E1C023FB181B681B889AB2244B39
:100440009A4203D0204A1623137005E11C25A022EE
:10045000AB18DB191B78591E2926B318DB191B783A
:10046000981D164A0B00DB005B1ADB00D3181B5CDF
:100470001C00A022AB18DB191B78591EB318DB191E
:100480001B78D81D0D4A0B00DB005B1ADB00D3186C
:100490001B5C1B02E3183B61DB177B61084B39696E
:1004A0007A6919605A60D7E0C023FB181B681B6883
:1004B00001330FD0044A16231370CDE06C120020D4
:1004C000B0140020FFFF01082E140020C4AA020867
:1004D000FFFF00001C25A022AB18DB191B78591E5A
:1004E0002926B318DB191B78981DA04A0B00DB00E6
:1004F0005B1ADB00D3181B5C1C00A022AB18DB19B5
:100500001B78591EB318DB191B78D81D974A0B00AE
:10051000DB005B1ADB00D3181B5C1B02E418A02273
:10052000AB18DB191B78591EB318DB191B7808337D
:1005300018008E4A0B00DB005B1ADB00D3181B5C33
:100540001B04E418A022AB18DB191B78591EB31842
:10055000DB191B7809331800844A0B00DB005B1A97
:10056000DB00D3181B5C1B06E318BB600023FB6099
:100570007F4BB968FA6819605A606DE0C023FB18B8
:100580001B681B68013303D07A4A1623137063E09B
:100590001C25A022AB18DB191B78591E2926B3187D
:1005A000DB191B78981D714A0B00DB005B1ADB001E
:1005B000D3181B5C1C00A022AB18DB191B78591E3A
:1005C000B318DB191B78D81D684A0B00DB005B1AD7
:1005D000DB00D3181B5C1B02E418A022AB18DB194C
:1005E0001B78591EB318DB191B78083318005F4AB3
:1005F0000B00DB005B1ADB00D3181B5C1B04E41848
:10060000A022AB18DB191B78591E1500B318DB1993
:100610001B7809331800554A0B00DB005B1ADB001E
:10062000D3181B5C1B06E3183B6000237B60504B18
:1006300039687A6819605A604D4B1A685B682E21D8
:100640004919CC19C0217918096801200BF030FF35
:100650000300237000E0C0460BF09CFF2E23A02275
:100660009B18DB191B78002B06D0424A1623137007
:1006700002E0404A152313703F4B1B78602B05D0D6
:100680003D4B1B78202B01D001F0F6F9394B1B783C
:100690003A4A13702D23A0229B18DB191B780122E4
:1006A00021211800FAF776FE01F0E6F91C23A021BB
:1006B0005B18DB191B785A1E29235B18DB19187885
:1006C0002A491300DB009B1ADB00CB181B5C294A6C
:1006D000137001F0D8F91C24A026A319DB191B788C
:1006E0005A1E2925AB19DB19187820491300DB00A5
:1006F0009B1ADB00CB18185CA319DB191B785A1E58
:100700003400AB19DB191B78591C1300DB009B1A52
:10071000DB005A18154BD1181A231B19DB191B784B
:100720009BB2013B9AB20A2300930A2306F01AFCFB
:1007300001F0A9F91C23A0215B18DB191B785A1EB4
:1007400029235B18DB19187808491300DB009B1A72
:10075000DB00CB181B5C022B00D1DBE100DD24E2C7
:10076000002B0DD0012B00D1EDE01EE26C12002019
:10077000B01400202E14002040110020FC13002093
:100780001C25A022AB18DB191B78591E2926B3188B
:10079000DB191B78581CDD4A0B00DB005B1ADB0001
:1007A000D3181B5C1C00A022AB18DB191B78591E48
:1007B000B318DB191B78981CD44A0B00DB005B1ABA
:1007C000DB00D3181B5C1B02E418A022AB18DB195A
:1007D0001B78591EB318DB191B78D81CCB4A0B00A9
:1007E000DB005B1ADB00D3181B5C1B04E418A0229F
:1007F000AB18DB191B78591EB318DB191B78181DB1
:10080000C24A0B00DB005B1ADB00D3181B5C1B0623
:10081000E218BF4B1A60A022AB18DB191B78591ED7
:10082000B318DB191B78581DB84A0B00DB005B1AA4
:10083000DB00D3181B5C1C00A022AB18DB191B7853
:10084000591EB318DB191B78981DB04A0B00DB004A
:100850005B1ADB00D3181B5C1B02E418A022AB1848
:10086000DB191B78591EB318DB191B78D81DA74A52
:100870000B00DB005B1ADB00D3181B5C1B04E418C5
:10088000A022AB18DB191B78591EB318DB191B7893
:10089000083318009D4A0B00DB005B1ADB00D318FD
:1008A0001B5C1B06E2189A4B5A60A022AB18DB199E
:1008B0001B78591EB318DB191B7809331800934AAB
:1008C0000B00DB005B1ADB00D3181B5C1C00A022B2
:1008D000AB18DB191B78591EB318DB191B780A33C8
:1008E00018008A4A0B00DB005B1ADB00D3181B5C84
:1008F0001B02E418A022AB18DB191B78591EB31891
:10090000DB191B780B331800804A0B00DB005B1AE5
:10091000DB00D3181B5C1B04E418A022AB18DB1906
:100920001B78591EB318DB191B780C331800774A53
:100930000B00DB005B1ADB00D3181B5C1B06E21804
:10094000734B9A6031E11C25A022AB18DB191B7890
:10095000591E2926B318DB191B78581C6B4A0B004B
:10096000DB005B1ADB00D3181B5C1C00A022AB1859
:10097000DB191B78591EB318DB191B78981C634AC6
:100980000B00DB005B1ADB00D3181B5C1B02E418B6
:10099000A022AB18DB191B78591EB318DB191B7882
:1009A000D81C5A4A0B00DB005B1ADB00D3181B5C17
:1009B0001B04E418A022AB18DB191B78591EB318CE
:1009C000DB191B78181D514A0B00DB005B1ADB009A
:1009D000D3181B5C1B06E2184D4BDA60A022AB1843
:1009E000DB191B78591EB318DB191B78581D474AB1
:1009F0000B00DB005B1ADB00D3181B5C1C00A02281
:100A0000AB18DB191B78591EB318DB191B78981D1E
:100A10003E4A0B00DB005B1ADB00D3181B5C1B0299
:100A2000E418A022AB18DB191B78591EB318DB1988
:100A30001B78D81D354A0B00DB005B1ADB00D3188E
:100A40001B5C1B04E418A022AB18DB191B78591E91
:100A5000B318DB191B78083318002C4A0B00DB0095
:100A60005B1ADB00D3181B5C1B06E218284B1A61CB
:100A7000A022AB18DB191B78591EB318DB191B78A1
:100A800009331800214A0B00DB005B1ADB00D31886
:100A90001B5C1C00A022AB18DB191B78591EB31875
:100AA000DB191B780A331800184A0B00DB005B1AAD
:100AB000DB00D3181B5C1B02E418A022AB18DB1967
:100AC0001B78591EB318DB191B780B3318000F4A1B
:100AD0000B00DB005B1ADB00D3181B5C1B04E41863
:100AE000A022AB18DB191B78591EB318DB191B7831
:100AF0000C331800054A0B00DB005B1ADB00D3182F
:100B00001B5C1B06E218024B5A614EE06C1200207F
:100B1000042000201C25A022AB18DB191B78591ECD
:100B20002926B318DB191B78581CEF4A0B00DB0091
:100B30005B1ADB00D3181B5C1C00A022AB18DB196E
:100B40001B78591EB318DB191B78981CE64A0B005A
:100B5000DB005B1ADB00D3181B5C1B02E418A0222D
:100B6000AB18DB191B78591EB318DB191B78D81C7E
:100B7000DD4A0B00DB005B1ADB00D3181B5C1B0497
:100B8000E418A022AB18DB191B78591EB318DB1927
:100B90001B78181DD44A0B00DB005B1ADB00D3184E
:100BA0001B5C1B06E218D14B9A611C24A026A319DA
:100BB000DB191B785A1E2925AB19DB191878CA498D
:100BC0001300DB009B1ADB00CB181B5C9BB2C84AEE
:100BD0001380A319DB191B78591EAB19DB191B787D
:100BE000581CC14A0B00DB005B1ADB00D3181B5CEE
:100BF0009BB2C04A1380BF4B1B88002B10D1BC4B4B
:100C00001B88DAB2BC4B1900100004F0D3FCB84BBF
:100C10001B88D8B2B94AB84B190004F021FD13E083
:100C2000B44B1B88012B0FD1B14B1B88DAB2B44BEC
:100C30001900100004F0BEFCAD4B1B88D8B2AF4ABF
:100C4000AF4B190004F00CFDAE4AAF4B1100180079
:100C500004F08CFD1C25A026AB19DB191B785A1E4D
:100C60002924A319DB1918789F491300DB009B1A6C
:100C7000DB00CB181B5C9BB29D4A13809C4B1B88EE
:100C8000DAB2A24B1900100004F068FE3200AB1873
:100C9000DB191B78591E2600B318DB191B78581D69
:100CA000914A0B00DB005B1ADB00D3181B5C1C00B5
:100CB000A022AB18DB191B78591EB318DB191B785F
:100CC000981D894A0B00DB005B1ADB00D3181B5C04
:100CD0001B02E418A022AB18DB191B78591EB318AD
:100CE000DB191B78D81D804A0B00DB005B1ADB0088
:100CF000D3181B5C1B04E418A022AB18DB191B786B
:100D0000591EB318DB191B7808331800764A0B00FC
:100D1000DB005B1ADB00D3181B5C1B06E218734B6D
:100D2000DA61A022AB18DB191B78591EB318DB1946
:100D30001B78093318006C4A0B00DB005B1ADB00E0
:100D4000D3181B5C1C00A022AB18DB191B78591EA2
:100D5000B318DB191B780A331800634A0B00DB0059
:100D60005B1ADB00D3181B5C1B02E418A022AB1833
:100D7000DB191B78591EB318DB191B780B331800CD
:100D8000594A0B00DB005B1ADB00D3181B5C1B0409
:100D9000E418A022AB18DB191B78591EB318DB1915
:100DA0001B780C331800504A0B00DB005B1ADB0089
:100DB000D3181B5C1B06E2184C4B1A6200F063FE52
:100DC000534A0123137000F05EFE524A0123137050
:100DD00000F059FE504A012313701C23A0215B1818
:100DE000DB191B785A1E29235B18DB1918783E493A
:100DF0001300DB009B1ADB00CB181B5C082B01D90E
:100E000000F08FFD9A00454BD3181B689F461C23AA
:100E1000A0241B19DB191B78591E29231B19DB1968
:100E20001B78581C304A0B00DB005B1ADB00D31820
:100E30001B5C002B09D12F231B19DA190023137017
:100E4000374A1023137000F06DFD2F23A0229B184A
:100E5000DA19FF23137000F065FD1C24A026A319E6
:100E6000DB191B78591E2925AB19DB191B78581C77
:100E70001D4A0B00DB005B1ADB00D3181B5C002B48
:100E800029D12F239B19DA1900231370A319DB1919
:100E90001B78591EAB19DB191B78981C124A0B00E2
:100EA000DB005B1ADB00D3181B5C1E4A1370A3190E
:100EB000DB191B78591EAB19DB191B78D81C0A4AA1
:100EC0000B00DB005B1ADB00D3181B5C1A00164B0F
:100ED0001A6000F027FD2F23A0229B18DA19FF23A8
:100EE000137000F01FFDC0466C120020042000208B
:100EF000901F0020921F0020F8A80208A01F0020C9
:100F0000FCA80208941F0020981F00209C1F0020AE
:100F10006511002066110020DC1E0020E8AA0208EE
:100F20002E140020DD1E0020E01E00201C24A02620
:100F3000A319DB191B78591E2925AB19DB191B785E
:100F4000581CD04A0B00DB005B1ADB00D3181B5C7B
:100F5000002B4DD12F239B19DA1900231370A319ED
:100F6000DB191B78591EAB19DB191B78981CC54A75
:100F70000B00DB005B1ADB00D3181B5CC24A13704A
:100F8000A319DB191B78591EAB19DB191B78D81C68
:100F9000BC4A0B00DB005B1ADB00D3181B5C1A0099
:100FA000BA4B1A60A319DB191B78591EAB19DB1950
:100FB0001B78181DB34A0B00DB005B1ADB00D3184B
:100FC0001B5C1A00B14B5A60A319DB191B78591E20
:100FD000AB19DB191B78581DAA4A0B00DB005B1A02
:100FE000DB00D3181B5C1A00A84B9A6000F09AFC37
:100FF0002F23A0229B18DA19FF23137000F092FC14
:101000001C24A026A319DB191B78591E2925AB190E
:10101000DB191B78581C9B4A0B00DB005B1ADB00BA
:10102000D3181B5C002B29D12F239B19DA1900231D
:101030001370A319DB191B78591EAB19DB191B7828
:10104000981C904A0B00DB005B1ADB00D3181B5C7A
:101050008D4A1370A319DB191B78591EAB19DB19C4
:101060001B78D81C874A0B00DB005B1ADB00D31807
:101070001B5C1A00854B1A6000F054FC2F23A02241
:101080009B18DA19FF23137000F04CFC1C25A024D8
:101090002B19DB191B78591E29263319DB191B78EC
:1010A000581C784A0B00DB005B1ADB00D3181B5C72
:1010B000002B00D085E02F231B19DA1900231370B1
:1010C0002B19DB191B78591E3319DB191B78981C57
:1010D0006C4A0B00DB005B1ADB00D3181B5C6A4A0E
:1010E00013702B19DB191B78591E3319DB191B7868
:1010F000D81C644A0B00DB005B1ADB00D3181B5CB6
:101100001C00A022AB18DB191B78591EB318DB1981
:101110001B78181D5B4A0B00DB005B1ADB00D31841
:101120001B5C1B02E218594B1A60A022AB18DB199A
:101130001B78591EB318DB191B78581D514A0B0038
:10114000DB005B1ADB00D3181B5C1C00A022AB1871
:10115000DB191B78591EB318DB191B78981D494AF7
:101160000B00DB005B1ADB00D3181B5C1B02E218D0
:10117000464B5A60A022AB18DB191B78591EB318D6
:10118000DB191B78D81D3F4A0B00DB005B1ADB0024
:10119000D3181B5C1C00A022AB18DB191B78591E4E
:1011A000B318DB191B7808331800364A0B00DB0034
:1011B0005B1ADB00D3181B5C1B02E218334B9A60EE
:1011C000B0E32F23A0229B18DA19FF231370A9E3A1
:1011D0001C24A026A319DB191B78591E2925AB193D
:1011E000DB191B78581C274A0B00DB005B1ADB005D
:1011F000D3181B5C002B3ED12F239B19DA19002337
:1012000013703200A319DB191B78591E2E00B31876
:10121000DB191B78981C1B4A0B00DB005B1ADB00F8
:10122000D3181B5C184A13702500A022A318DB19E1
:101230001B78591EB318DB191B78D81C114A0B00F8
:10124000DB005B1ADB00D3181B5C1C00A022AB1870
:10125000DB191B78591EB318DB191B78181D094AB6
:101260000B00DB005B1ADB00D3181B5C1B02E218CF
:10127000064B1A6056E32F23A0229B18DA19FF238E
:1012800013704FE36C120020DD1E0020E01E0020D2
:101290001C25A0242B19DB191B78591E292633196C
:1012A000DB191B78581CE94A0B00DB005B1ADB00DA
:1012B000D3181B5C002B5ED12F231B19DA190023D6
:1012C00013702B19DB191B78591E3319DB191B7886
:1012D000981CDE4A0B00DB005B1ADB00D3181B5C9A
:1012E000DB4A13702B19DB191B78591E3319DB19D4
:1012F0001B78D81CD54A0B00DB005B1ADB00D31827
:101300001B5C1C00A022AB18DB191B78591EB318FC
:10131000DB191B78181DCD4A0B00DB005B1ADB00C4
:10132000D3181B5C1B02E418A022AB18DB191B7836
:10133000591EB318DB191B78581DC44A0B00DB007B
:101340005B1ADB00D3181B5C1B04E418A022AB184B
:10135000DB191B78591EB318DB191B78981DBB4A83
:101360000B00DB005B1ADB00D3181B5C1B06E218CA
:10137000B84B1A60D6E22F23A0229B18DA19FF235C
:101380001370CFE21C25A0242B19DB191B78591EE2
:1013900029263319DB191B78581CAC4A0B00DB00DB
:1013A0005B1ADB00D3181B5C002B00D047E12F2316
:1013B0001B19DA19002313702B19DB191B78591E1E
:1013C0003319DB191B78981CA04A0B00DB005B1A51
:1013D000DB00D3181B5C9E4A13702B19DB191B789A
:1013E000591E3319DB191B78D81C984A0B00DB00F7
:1013F0005B1ADB00D3181B5C1C00A022AB18DB19A6
:101400001B78591EB318DB191B78181D8F4A0B0067
:10141000DB005B1ADB00D3181B5C1B02E418A02264
:10142000AB18DB191B78591EB318DB191B78581D34
:10143000864A0B00DB005B1ADB00D3181B5C1B0425
:10144000E418A022AB18DB191B78591EB318DB195E
:101450001B78981D7D4A0B00DB005B1ADB00D3185C
:101460001B5C1B06E2187B4B1A60A022AB18DB1931
:101470001B78591EB318DB191B78D81D734A0B0053
:10148000DB005B1ADB00D3181B5C1C00A022AB182E
:10149000DB191B78591EB318DB191B7808331800A9
:1014A0006A4A0B00DB005B1ADB00D3181B5C1B02D3
:1014B0001C43A022AB18DB191B78591EB318DB198B
:1014C0001B7809331800614A0B00DB005B1ADB0054
:1014D000D3181B5C1B041C43A022AB18DB191B7820
:1014E000591EB318DB191B780A331800574A0B0032
:1014F000DB005B1ADB00D3181B5C1B0622001A43BF
:10150000544B5A60A022AB18DB191B78591EB31834
:10151000DB191B780B3318004C4A0B00DB005B1AFD
:10152000DB00D3181B5C1C00A022AB18DB191B7856
:10153000591EB318DB191B780C331800434A0B00F3
:10154000DB005B1ADB00D3181B5C1B021C43A022D0
:10155000AB18DB191B78591EB318DB191B780D3338
:1015600018003A4A0B00DB005B1ADB00D3181B5C47
:101570001B041C43A022AB18DB191B78591EB3189F
:10158000DB191B780E331800304A0B00DB005B1AA6
:10159000DB00D3181B5C1B0622001A432D4B9A60FC
:1015A000A022AB18DB191B78591EB318DB191B7866
:1015B0000F331800254A0B00DB005B1ADB00D31841
:1015C0001B5C1C00A022AB18DB191B78591EB3183A
:1015D000DB191B78103318001C4A0B00DB005B1A68
:1015E000DB00D3181B5C1B021C43A022AB18DB19C9
:1015F0001B78591EB318DB191B7811331800134AD6
:101600000B00DB005B1ADB00D3181B5C1B041C43C4
:10161000A022AB18DB191B78591EB318DB191B78F5
:1016200012331800094A0B00DB005B1ADB00D318E9
:101630001B5C1B0622001A43064BDA6072E12F2363
:10164000A0229B18DA19FF2313706BE16C120020A3
:10165000DD1E0020E01E00201C25A0242B19DB1914
:101660001B78591E29263319DB191B78581CF64A9A
:101670000B00DB005B1ADB00D3181B5C002B00D0D7
:1016800048E12F231B19DA19002313702B19DB19DA
:101690001B78591E3319DB191B78981CEA4A0B007A
:1016A000DB005B1ADB00D3181B5CE84A13702B19B4
:1016B000DB191B78591E3319DB191B78D81CE24A39
:1016C0000B00DB005B1ADB00D3181B5C1C00A022A4
:1016D000AB18DB191B78591EB318DB191B78181DC2
:1016E000D94A0B00DB005B1ADB00D3181B5C1B0222
:1016F0001C43A022AB18DB191B78591EB318DB1949
:101700001B78581DD04A0B00DB005B1ADB00D31896
:101710001B5C1B041C43A022AB18DB191B78591E51
:10172000B318DB191B78981DC74A0B00DB005B1A46
:10173000DB00D3181B5C1B0622001A43C44B1A6043
:10174000A022AB18DB191B78591EB318DB191B78C4
:10175000D81DBD4A0B00DB005B1ADB00D3181B5CF5
:101760001C00A022AB18DB191B78591EB318DB191B
:101770001B7808331800B44A0B00DB005B1ADB004F
:10178000D3181B5C1B021C43A022AB18DB191B786F
:10179000591EB318DB191B7809331800AA4A0B002D
:1017A000DB005B1ADB00D3181B5C1B041C43A0226C
:1017B000AB18DB191B78591EB318DB191B780A33D9
:1017C0001800A14A0B00DB005B1ADB00D3181B5C7E
:1017D0001B0622001A439E4B5A60A022AB18DB194D
:1017E0001B78591EB318DB191B780B331800964A67
:1017F0000B00DB005B1ADB00D3181B5C1C00A02273
:10180000AB18DB191B78591EB318DB191B780C3386
:1018100018008D4A0B00DB005B1ADB00D3181B5C41
:101820001B021C43A022AB18DB191B78591EB318EE
:10183000DB191B780D331800834A0B00DB005B1AA1
:10184000DB00D3181B5C1B041C43A022AB18DB1964
:101850001B78591EB318DB191B780E3318007A4A0F
:101860000B00DB005B1ADB00D3181B5C1B0622009D
:101870001A43774B9A60A022AB18DB191B78591ECC
:10188000B318DB191B780F3318006F4A0B00DB000D
:101890005B1ADB00D3181B5C1C00A022AB18DB1901
:1018A0001B78591EB318DB191B7810331800664AD1
:1018B0000B00DB005B1ADB00D3181B5C1B021C4314
:1018C000A022AB18DB191B78591EB318DB191B7843
:1018D000113318005C4A0B00DB005B1ADB00D318E5
:1018E0001B5C1B041C43A022AB18DB191B78591E80
:1018F000B318DB191B7812331800534A0B00DB00B6
:101900005B1ADB00D3181B5C1B0622001A43504BEA
:10191000DA6007E02F23A0229B18DA19FF23137047
:1019200000E0C046AFE01C23A0241B19DB191B7884
:101930005A1E29231B19DB19187843491300DB00B1
:101940009B1ADB00CB181B5C424A1370414B1B787F
:101950001800F4F7A1F903001A002F210B19DB1965
:101960001B78934200D189E00B19DA19FF23137019
:1019700084E01C23A0241B19DB191B785A1E292381
:101980001B19DB19187830491300DB009B1ADB00A8
:10199000CB181B5C304A13702F4B1B781800F4F7E0
:1019A000D7F903001A002F210B19DB191B7893427A
:1019B00066D00B19DA19FF23137061E02F26A020DF
:1019C0003318DD191B231B18DB191C782D22131863
:1019D000DB191B789C461C2102000B18DB191978B7
:1019E00026208318DB19188829239B18DB191B78FC
:1019F00000932300624600F09FF803002B70A022A2
:101A0000B318DB191B78012B3CD1B318DD191B234C
:101A100016009B19DB191C782D229319DB191A78F3
:101A20001C218B19DB19197826208319DB191888DA
:101A300029239B19DB191B780093230000F0E0FC9D
:101A400003002B701EE0C0466C120020DD1E00203B
:101A5000E01E0020B81F0020B91F0020C04612E081
:101A6000C04610E0C0460EE0C0460CE0C0460AE0AA
:101A7000C04608E0C04606E0C04604E0C04602E0BA
:101A8000C04600E0C0462F24A0256319DB191B784F
:101A9000012B0CD12D235B19DB191B7800220021AF
:101AA0001800F9F777FC6319DA19002313701C2169
:101AB000A0254B19DB191B78013B1A00D200D21A62
:101AC000D3001A00194BD0180C004B19DB191B78E6
:101AD0005A1E174B9B5C1A00002111F0F8FA63198B
:101AE000DB191B78591E124A002353546319DB1962
:101AF0001A78104B9B5C022B13D06319DB191A78F0
:101B00000C4B9B5C032B0CD06319DB191A78094B27
:101B10009B5C042B05D06319DB191978054A002357
:101B2000535406F04DF8FAF7C6FDC0466C1200207B
:101B3000F413002068110020B0B584B000AF050098
:101B40000C0010001900BB1D2A1C1A807B1D221CD2
:101B50001A703B1D021C1A70FB1C0A1C1A700F2104
:101B60007B1801221A707B181B781800BD4604B040
:101B7000B0BD0000F0B5A9B000AF64243B19180057
:101B80003C231A00002111F0A2FA5426BB191800B8
:101B900010231A00002111F09AFA08257B19180069
:101BA0004C231A00002111F092FA80239B001800A8
:101BB0000BF06EFA3B1909221A603B19802252027F
:101BC0005A6021007B1801229A617B1802221A6256
:101BD0007B1803225A627B1800229A627B180C221F
:101BE000DA627B18802292021A637B1880229204A8
:101BF0005A637B18802292059A637B1818000BF0B9
:101C000093FA31007B1807221A607B1802225A606F
:101C10007B1800229A607B180022DA607B18022170
:101C200018000BF0E1FD29007B18254A1A607B188B
:101C300000229A607B18802292001A647B1880220E
:101C400092031A607B1800229A637B1818000BF02D
:101C500075FF1C4BDA6B1B4B802149050A43DA6385
:101C6000184BDA6B80235B0513407B607B680BF0BD
:101C70006DF90BF043FF0200FA2399001000EEF714
:101C800069FA0300180009F00CFF042009F016FFA0
:101C90000C4B1A6C0B4B01210A431A64094B1B6C49
:101CA000012213403B603B6801235B42002200217C
:101CB000180009F0C1FEC046BD4629B0F0BDC046BF
:101CC0000200020000100240F0B58DB000AF1C23EE
:101CD00008215B18DB1900221A701B267318DB1908
:101CE00000221A7026235B18DB1908221A80182399
:101CF0005B18DB1900221A807B1800221A6004335B
:101D000011220021180011F0E2F90AF01FFCC44B67
:101D1000190004200AF04CFD0823F218D619FA2302
:101D20009B0018000AF052FC03003370BD4B1900F1
:101D300004200AF03DFD1B260823F218D619FA23C9
:101D40009B0018000AF042FC030033701B26082396
:101D5000F318DB191B78002B03D0B34B5B68DBB2A5
:101D6000B2E1B24B5A69B14B02218A435A61B04B7E
:101D70001B78002B00D1B6E0AE4B1B789BB21B0248
:101D800099B2AB4B1B789AB2182008268319DB193D
:101D90008A181A808319DB191B889BB23B600023C9
:101DA0007B609F493A687B6801200AF081FB1B2316
:101DB0009B19DE19FA239B0018000AF007FC0300A8
:101DC00033701B2308269B19DB191B78002B03D0CB
:101DD000954B5B68DBB277E1944B5A69934B0121D9
:101DE0008A435A61252308229B18DB1901221A70A5
:101DF00070E0242308229B18DB1900221A705AE095
:101E0000252008268319DB191B785A1E8A491300DE
:101E1000DB009B1A5B005B5A002B43D0262331006A
:101E20005B18DB191B887E4A9E184318DB191B7848
:101E30005A1E24235B18DB1918787F491300DB0036
:101E40009B1A1B185B005B5A1C0000231D0022001C
:101E50002B00310001200AF02BFB1B2308215B180B
:101E6000DE19FA239B0018000AF0B0FB0300337060
:101E70001B2308215B18DB191B78002B03D06A4B4E
:101E80005B68DBB220E1694B5A69684B01218A43E8
:101E90005A61262208215318DB195218D2191288C8
:101EA00008321A80242108200B18DB191A780B1825
:101EB000DB1901321A70242308201B18DB191B7848
:101EC0000A2B9DD925210B18DB191A780B18DB1961
:101ED00001321A70574B1B78252208215218D2194B
:101EE00012789A4285D94F4BBB621F2308229B1858
:101EF000DB1900221A70D7E01F2008240319DB1910
:101F00001A784E4913009B009B189B005B5C002BCA
:101F100000D1C0E03B19FE221A700319DB191A78B0
:101F200013009B009B189B00444A99183B190133EE
:101F30001422180011F0F7F91E231B19DB190022D7
:101F40001A7032E0B96A1E2308269B19DB191B7828
:101F5000DB00BA19D3181A685B6801200AF0A8FAE6
:101F60001B25AB19DC19FA239B0018000AF02EFB85
:101F700003002370AB19DB191B78002B03D02A4B0D
:101F80005B68DBB2A0E0294B5A69284B01218A43E8
:101F90005A61BB6A0833BB621E2108200B18DB198B
:101FA0001A780B18DB1901321A701E2308229B18AD
:101FB000DB191B78042BC5D91D239B18DB190022C4
:101FC0001A704FE0B86A1F2308241B19DB191A780E
:101FD0001A4913009B009B189B00CB180C331B68FD
:101FE0001D221219D219127892009B181A685B6888
:101FF000010001200AF05CFA1B2526002B19DC19D0
:10200000FA239B0018000AF0E1FA03002370AB19D1
:10201000DB191B78002B13D0034B5B68DBB253E05A
:102020000000040800100408B096012000200240BF
:10203000A1000020A0000020380200201815002078
:10204000234B5A69224B01218A435A61BB6A0833E8
:10205000BB621D2108200B18DB191A780B18DB193D
:1020600001321A701D2308229B18DB191C781F23CC
:102070009B18DB191A78174913009B009B189B00CB
:10208000CB180C331B681800EEF748F80300013337
:102090009B089C4296D31F2108200B18DB191A7845
:1020A0000B18DB1901321A700B4B1B781F22082406
:1020B0001219D21912789A4200D21DE70AF06AFA70
:1020C0001C231B19DB191B781800BD460DB0F0BD91
:1020D00000200240181500207C150020F0B589B0C2
:1020E00004AF05000C0010001900FB1D2A1C1A701B
:1020F000BB1D221C1A707B1D021C1A703B1D0A1C82
:102100001A700F257B1900221A700E26BB190022A7
:102110001A704A4B1A787C19BB1D1B7819001000E5
:10212000F2F74CFB030023703B1D1B78002B0ED0F5
:10213000424B1B78BA1D12789A4208D17B193A1D7E
:1021400012781A70BB193D4A12781A701BE03B1DB9
:102150001B78002B17D1BB1D1B78013B384AD35C81
:10216000012B05D10E23FB18344A12781A700AE0AD
:10217000BB1D1B78013B324AD35C5A1E0E23FB1851
:1021800030498A5C1A702D4B1B78FA1D12789A42DE
:102190002FD105F09DFA0300BB603B1D1B78002B7F
:1021A00008D1294B1968BB1D1A78BB68180010F0BC
:1021B0000FFF08E0254B1968BB1D1A783B1D1B78E3
:1021C000B86810F005FF224B1A68BB6811001800B0
:1021D00010F085FFBB681800EDF7A0FF03009AB26E
:1021E000B9687B1D1878322304F012FF642008F0D0
:1021F000DFFB7B1D1B78180000F02CF80F257B19E6
:102200001B78180000F026F80C4B19780B4B1C7843
:102210007B191A787B1D18780023039301235B42F6
:10222000029301235B420193022300932300F9F7F9
:102230005BFCC046BD4605B0F0BDC046A100002015
:102240003C120020F01E0020940000209800002086
:102250009C00002080B584B000AF0200FB1D1A7006
:10226000FB1D1B78180004F02FFF0300FB60FB68C8
:10227000E12212025A60FB688022D2001A61FB68D8
:10228000802252019A60FB6818000CF091FBFB68F9
:102290001B681A68FB681B6820210A431A60C04645
:1022A000BD4604B080BD000080B584B002AF04F02C
:1022B000CFF904F00BFA04F047FA04F0AFFA04F097
:1022C000DDFA01F05FFC01237B6061E07B68DBB23B
:1022D000180004F0F9FE0200384B9A4206D17B68E0
:1022E0005A1E374B92003749D1504EE07B68DBB223
:1022F000180004F0E9FE0200334B9A4206D17B68D5
:102300005A1E2F4B92003149D1503EE07B68DBB220
:10231000180004F0D9FE02002D4B9A4206D17B68CA
:102320005A1E274B92002B49D1502EE07B68DBB21E
:10233000180004F0C9FE0200274B9A4206D17B68C0
:102340005A1E1F4B92002549D1501EE07B68DBB21C
:10235000180004F0B9FE0200214B9A4206D17B68B6
:102360005A1E174B92001F49D1500EE07B68DBB21A
:10237000180004F0A9FE02001B4B9A4205D17B68AD
:102380005A1E0F4B92001949D1507B6801337B6074
:102390007B68062B9ADD164B1B68002B09D1154A6A
:1023A00015491648124B019303230093002306F0AE
:1023B00058FBC046BD4602B080BDC046CC210020BF
:1023C000241100200C000240602200202000024066
:1023D000F4220020340002408823002048000240FC
:1023E0001C2400205C000240B02400207000024049
:1023F00044250020C409000018AB0208C7240108C6
:10240000B0B584B000AF05000C0010001900BB1D72
:102410002A1C1A807B1D221C1A703B1D021C1A707C
:10242000FB1C0A1C1A700F217B1800221A707B18E3
:102430001B781800BD4604B0B0BD000080B582B066
:1024400000AF78607B681B68164A934201D1012374
:1024500023E07B681B68144A934201D102231CE0ED
:102460007B681B68114A934201D1032315E07B6806
:102470001B680F4A934201D104230EE07B681B685E
:102480000C4A934201D1052307E07B681B680A4A86
:10249000934201D1062300E000231800BD4602B09C
:1024A00080BDC0460050004000440040003C014058
:1024B0000048004000380140004C004080B500AFAB
:1024C000C046BD4680BD80B582B000AF786005F0E3
:1024D00077FBFCE780B584B000AFF860B9607A6044
:1024E000BB689B00094A944663441B687F22934360
:1024F0001900BB689B00054A944663447A680A4306
:102500001A60C046BD4604B080BDC0460008024007
:1025100080B582B000AF204B9A6B1F4B01210A435C
:102520009A631D4B9B6B012213407B607B681A4BA7
:102530009A6B194B02210A439A63174B9B6B022239
:1025400013403B603B68154A154B1100180000F022
:102550003DF8144A144B1100180000F037F8134AE4
:10256000134B1100180000F031F8124A124B110001
:10257000180000F02BF8114A114B1100180000F060
:1025800025F8104A104B1100180000F01FF8C04643
:10259000BD4602B080BDC04600100240440002406B
:1025A000982500201C000240F82500203000024041
:1025B0005826002008000240B8260020580002409B
:1025C000182700206C0002407827002080B582B0D8
:1025D00000AF786039607B683A681A607B680022D7
:1025E0009A607B680022DA607B6880221A617B68CF
:1025F00000225A617B6800229A617B682022DA619E
:102600007B68802292011A627B68180009F0A2FCA4
:10261000C046BD4602B080BD80B582B000AF7860D4
:1026200039607B683A681A607B6800229A607B6830
:102630000022DA607B6800221A617B6800225A61FE
:102640007B6800229A617B682022DA617B688022A5
:1026500052011A627B68180009F07CFCC046BD4636
:1026600002B080BD80B500AF1F4B5B78002B05D159
:102670001E4A1F4B1100180000F04EF81A4B9B78B1
:10268000002B05D11B4A1C4B1100180000F044F828
:10269000154BDB78002B05D1184A194B1100180097
:1026A00000F03AF8104B1B79002B05D1154A164B58
:1026B0001100180000F030F80B4B5B79002B05D1AE
:1026C000124A134B1100180000F026F8064B9B79B4
:1026D000002B05D10F4A0E4B1100180000F01CF81A
:1026E000C046BD4680BDC046681100209825002028
:1026F0001C240020F82500206022002058260020FD
:10270000B0240020B8260020F42200201827002042
:10271000CC2100207827002080B582B000AF7860FF
:1027200039607B681800FFF789FE03005A1E13000A
:102730005B009B189B01054A99187B68C022180012
:102740000CF07EFBC046BD4602B080BDD81700200D
:1027500080B582B000AF78607B68DB6F180000F056
:1027600031F97B68DB6F00229A627B680022DA67AE
:10277000C046BD4602B080BDB0B586B000AFF860BF
:10278000B960BB1D1A8017257C19FB681800FFF77C
:1027900055FE030023707B191B785A1E13005B0043
:1027A0009B185B010D4A9B183B613A69FB6811005D
:1027B000180000F079F9FB68882220219950BB6845
:1027C0001B6828331900BB1D1A88FB6818000CF021
:1027D00037FBC046BD4606B0B0BDC046F828002055
:1027E00080B584B000AF0200FB1D1A70FB1D1B7882
:1027F0005A1E13005B009B185B01124A9B18FB607A
:10280000FB1D1B78180004F05FFC0300BB60BB6875
:1028100018000CF07BFBFB681B6800225A60FB1D54
:102820001B785A1E084B92000021D150FB1D1B78CB
:102830005A1E064B92000021D150C046BD4604B03E
:1028400080BDC046F8280020B01C0020C81C002015
:1028500080B584B000AF0200FB1D1A70FB1D1B7811
:10286000180004F031FC0300FB60FB1D1B785A1EAE
:1028700013005B009B185B01074A9B18BB60FB6859
:1028800018000CF043FBBB681B6800225A60C0466E
:10289000BD4604B080BDC0469825002080B582B0FA
:1028A00000AF0200FB1D1A70FB1D1B781800FFF71C
:1028B000CFFFFB1D1B785A1E13005B009B185B01AA
:1028C000084A9818FB1D1B785A1E074913005B0025
:1028D0009B185B015B581900FFF79EFEC046BD4682
:1028E00002B080BDF82800209825002080B584B073
:1028F00000AF0200FB1D1A70FB1D1B781800FFF7CC
:102900006FFFFB1D1B78180004F0DEFB0300FB606B
:10291000FB1D1B785A1E13005B009B185B01254AA8
:102920009818FB1D1B785A1E234913005B009B1847
:102930005B015B581900FFF749FEFB68180003F0C4
:10294000CDFFFB1D1B785A1E1B4913005B009B1813
:102950005B01CB1828331B681800FFF76FFD0300DD
:102960001A00164B00219954FB1D1B785A1E124960
:1029700013005B009B185B0100225A50FB1D1B7863
:102980005A1E0F4B92000021D150FB1D1B781800DE
:1029900004F09AFBFB1D1B785A1E13005B009B186A
:1029A0005B01044A9B181900FFF7B6FEC046BD46FE
:1029B00004B080BD98250020F82800206811002070
:1029C000981C002080B582B000AF78607B681B68DF
:1029D000294A934247D0284A934248D8274A9342EB
:1029E00041D0264A934242D8254A93423BD0244ABA
:1029F00093423CD8234A934231D0224A934236D85C
:102A0000214A93422BD0204A934230D81F4A934206
:102A100029D01E4A93422AD81D4A934223D01C4AE9
:102A2000934224D81B4A93421DD01A4A93421ED87F
:102A3000194A934217D0184A934218D8174A93421A
:102A40000DD0164A934212D8154A934203D0154A24
:102A5000934204D00BE0092009F013F808E00A20A3
:102A600009F00FF804E00B2009F00BF800E0C04675
:102A7000C046BD4602B080BD580402404404024036
:102A8000300402401C04024008040240800002405E
:102A90006C000240580002404400024030000240F6
:102AA000080002401C00024080B582B000AF786090
:102AB00039607B681B68374A93420BD13B681B68BF
:102AC000354A934206D1354B322200211800FFF7D8
:102AD00001FD53E07B681B68314A93420BD13B6890
:102AE0001B68304A934206D12F4B34220121180033
:102AF000FFF7F0FC42E07B681B682C4A93420BD145
:102B00003B681B682A4A934206D12A4B362202218F
:102B10001800FFF7DFFC31E07B681B68264A934210
:102B20000BD13B681B68254A934206D1244B3822BF
:102B300003211800FFF7CEFC20E07B681B68214AC8
:102B400093420BD13B681B681F4A934206D11F4B2F
:102B50004A2204211800FFF7BDFC0FE07B681B68C8
:102B60001B4A93420AD13B681B681A4A934205D11B
:102B7000194B4C2205211800FFF7ACFC7B68802123
:102B80003A685A503B687A689A62C046BD4602B0BD
:102B900080BDC0460038014008000240582C00208B
:102BA000004400401C0002405C2C00200048004013
:102BB00030000240602C0020004C004044000240E5
:102BC000642C00200050004058000240682C002077
:102BD000003C01406C0002406C2C002080B500AF2E
:102BE0000D4B0E4A1A600C4B1022DA600A4B002281
:102BF0005A71094B00221A71074B00225A61064B89
:102C000000229A61044B03221A62034B180008F059
:102C10006FFFC046BD4680BD882C002000300240BA
:102C200080B584B000AF7860084B9A6B074B802169
:102C300049010A439A63054B9A6B80235B01134059
:102C4000FB60FB68C046BD4604B080BD001002407A
:102C500080B586B000AF78600A00BB1C1A800823DC
:102C6000FB1800221A607B68002B00D192E0BB1C8D
:102C70001B88002B00D18DE0BB1C1B88032B33D895
:102C80001623FB1800221A7000233B611BE016225A
:102C9000BB181B78BA18591C11701A007B689B1856
:102CA00019780823FA183B69D3180A1C1A70BB1C40
:102CB000BA1C1288013A1A80BB1C1B88002B06D054
:102CC0003B6901333B613B69032BE0DD00E0C0461B
:102CD0000823F918324B0122180008F0B6FF020051
:102CE0001723FB181A7051E0BB1C1B889B089BB272
:102CF0001A0079682A4B180008F0A7FF0200172372
:102D0000FB181A70BB1C1B88032213409BB2002BBC
:102D10003CD0BB1C1B88DAB21623FB1803218A4364
:102D20001A70BB1CBA1C128803210A401A800023A7
:102D3000FB601BE01622BB181B78BA18591C1170D7
:102D40001A007B689B1819780823FA18FB68D318B7
:102D50000A1C1A70BB1CBA1C1288013A1A80BB1CD0
:102D60001B88002B06D0FB680133FB60FB68032B3C
:102D7000E0DD00E0C0460823F918094B01221800E5
:102D800008F01CFF02001723FB181A701723FB180A
:102D90001B7800E000231800BD4606B080BDC04689
:102DA000882C0020B0B584B000AF0A243B1906225D
:102DB0001A8008257B1906221A800E23FB18002290
:102DC0001A80BB1D00221A803B1D00221A800C2392
:102DD000FB18012252421A80BB1C01221A8009F002
:102DE000B5FBD14B1A683B191A80D04B1A687B1976
:102DF0001A803B191B88CE4A93420CD08022520283
:102E0000934200DBD8E2002B00D1DFE1C94A9342B4
:102E100000D1AEE0D0E20823FB181B88002B36D18E
:102E2000C14A80231B021100180009F0C1FCFA23DB
:102E30009B00180009F0CAFB03001A00BB1C1A8093
:102E4000BB1C1B88002B03D0BB4B5B689BB2D2E240
:102E5000BA4A80231B021100180009F0A9FCFA23CA
:102E60009B00180009F0B2FB03001A00BB1C1A807B
:102E7000BB1C1B88002B03D0AF4B5B689BB2BAE234
:102E8000AF4B5A69AE4B02218A435A61A9E208232B
:102E9000FB181B88A74A934254D1A34A80231B02E4
:102EA0001100180009F084FCFA239B00180009F0B7
:102EB0008DFB03001A00BB1C1A80BB1C1B88002B57
:102EC00003D09D4B5B689BB295E29C4A80231B021A
:102ED0001100180009F06CFCFA239B00180009F09F
:102EE00075FB03001A00BB1C1A80BB1C1B88002B3F
:102EF00003D0914B5B689BB27DE2914B5A69904B3A
:102F000002218A435A618F4A01235B42874901208B
:102F100009F0CEFAFA239B00180009F057FB0300D2
:102F20001A00BB1C1A80BB1C1B88002B03D0824BD1
:102F30005B689BB25FE2824B5A69814B01218A43F5
:102F40005A614EE2BC1C00F001FB03002380FA230F
:102F50009B00180009F03AFB03001A00BB1C1A8002
:102F6000BB1C1B88002B00D13BE2734B5B689BB200
:102F700041E20823FB181B88002B00D0A1E00E23A0
:102F8000FB1801221A8044E06F4B1B889BB20E2174
:102F90007A1812889A4204D10C23FB187A181288E6
:102FA0001A800E257B191A880C23FB1800215B5E02
:102FB0009A4228D03C1D654A7B191B8811001800D5
:102FC00000F032FA030023803B1D1B88012B1AD02E
:102FD0005E4B1A88BC1D7B191B881100180000F07D
:102FE000A3FB03002380FA239B00180009F0EEFAEC
:102FF00003001A00BB1C1A80BB1C1B88002B02D0CC
:10300000BB1D1B88F7E10E217B181A887B18013243
:103010001A800E23FB181A888023DB009A42B3D94A
:10302000484A01235B424049012009F041FAFA2352
:103030009B00180009F0CAFA03001A00BB1C1A8092
:10304000BB1C1B88002B03D03B4B5B689BB2D2E1BF
:103050003B4B5A693A4B01218A435A61334B190061
:10306000042009F0A5FBFA239B00180009F0AEFA32
:1030700003001A00BB1C1A80BB1C1B88002B03D04A
:103080002D4B5B689BB2B6E1314B1900042009F06F
:103090008FFBFA239B00180009F098FA03001A002E
:1030A000BB1C1A80BB1C1B88002B03D0224B5B6807
:1030B0009BB2A0E1224B5A69214B02218A435A61FB
:1030C00091E10823FB181B88194A934267D1174BDB
:1030D0001900042009F06CFBFA239B00180009F08A
:1030E00075FA03001A00BB1C1A80BB1C1B88002B3E
:1030F00003D0114B5B689BB27DE1154B1900042096
:1031000009F056FBFA239B00180009F05FFA030050
:103110001A00BB1C1A80BB1C1B88002B1AD0064B44
:103120005B689BB267E1C04600D8070800E8070863
:10313000FFFF0000EEEE0000B096012000E007085F
:10314000002002400000FFFF06D80708FC2C0020EA
:1031500000F00708AA4B5A69A94B02218A435A6119
:10316000A84A01235B42A849012009F0A1F9FA23EA
:103170009B00180009F02AFA03001A00BB1C1A80F1
:10318000BB1C1B88002B03D0A04B5B689BB232E1B9
:103190009B4B5A699A4B01218A435A6123E1BC1C1B
:1031A00000F0D4F903002380FA239B00180009F0F3
:1031B0000DFA03001A00BB1C1A80BB1C1B88002BD5
:1031C00000D110E1914B5B689BB214E10823FB181E
:1031D0001B88002B15D1BC1C00F0B8F9030023801C
:1031E000FA239B00180009F0F1F903001A00BB1C38
:1031F0001A80BB1C1B88002B00D1F6E0BB1C1B886F
:10320000F9E00823FB181B88814A934232D1814B95
:103210001900042009F0CCFAFA239B00180009F0E9
:10322000D5F903001A00BB1C1A80BB1C1B88002B9D
:1032300003D0764B5B689BB2DDE0774B190004202E
:1032400009F0B6FAFA239B00180009F0BFF9030051
:103250001A00BB1C1A80BB1C1B88002B03D06B4BB5
:103260005B689BB2C7E0664B5A69654B02218A4393
:103270005A61BAE00E23FB1801221A8044E0674B22
:103280001B889BB20E217A1812889A4204D10C2313
:10329000FB187A1812881A800E257B191A880C23BD
:1032A000FB1800215B5E9A4228D03C1D5C4A7B19CA
:1032B0001B881100180000F0B7F8030023803B1DA5
:1032C0001B88012B1AD0564B1A88BC1D7B191B88F2
:1032D0001100180000F028FA03002380FA239B0055
:1032E000180009F073F903001A00BB1C1A80BB1CFC
:1032F0001B88002B02D0BB1D1B887CE00E217B1895
:103300001A887B1801321A800E23FB181A88802332
:10331000DB009A42B3D93B4A01235B423D4901207D
:1033200009F0C6F8FA239B00180009F04FF90300D2
:103330001A00BB1C1A80BB1C1B88002B03D0334B0C
:103340005B689BB257E02E4B5A692D4B01218A4393
:103350005A612D4B1900042009F02AFAFA239B0028
:10336000180009F033F903001A00BB1C1A80BB1CBB
:103370001B88002B03D0254B5B689BB23BE0294B9D
:103380001900042009F014FAFA239B00180009F030
:103390001DF903001A00BB1C1A80BB1C1B88002BE4
:1033A00003D01A4B5B689BB225E0154B5A69144B4E
:1033B00002218A435A6118E0BC1C00F0C7F80300E0
:1033C0002380FA239B00180009F000F903001A007B
:1033D000BB1C1A80BB1C1B88002B08D0BB1C1B8885
:1033E00009E0C04604E0C04602E0C04600E0C04636
:1033F00009F0D0F800231800BD4604B0B0BDC046A7
:10340000002002400000FFFF00D80708B09601200E
:10341000FFFF000000E8070800F0070806E80708BB
:10342000FC2C002000E00708B0B586B000AF020019
:103430003960BB1D1A800E217B1800221A800C23D4
:10344000FB18264A1A801623FB1801221A80002333
:103450003B610023BB600D007C18002000F01CF9CC
:10346000030023807B191B88AB2B01D1AB2330E0F9
:103470000E22BB181B881A498C466344DB02BB60D2
:10348000BB181B88174A94466344DB023B6118E073
:103490003A690C217B1812881A807A18BB1D128891
:1034A0001B889A420AD13B69083B1B889AB23B6849
:1034B0001A801623FB1800221A8007E03B69083B9C
:1034C0003B61BB6804333A699A42E1D81623FB1882
:1034D0001B881800BD4606B0B0BDC046555500005B
:1034E000FB000100FD000100B0B584B000AF020098
:1034F000BB1D1A803B1D0A1C1A800E257B19002259
:103500001A8009F023F87C193B1D1A88BB1D1B8803
:103510001100180000F008F9030023807B191B88B4
:10352000802B0AD17C193B1D1A88BB1D1B881100FA
:10353000180000F0A9F90300238009F02BF80E23EE
:10354000FB181B881800BD4604B0B0BD90B583B011
:1035500000AFFB1D00221A7008F0F8FF474A8023D5
:103560001B021100180009F023F9FC1DFA239B002F
:10357000180009F02BF803002370FB1D1B78002BAB
:1035800003D03F4B5B689BB274E03E4A80231B0232
:103590001100180009F00CF9FC1DFA239B0018001B
:1035A00009F014F803002370FB1D1B78002B03D0D7
:1035B000334B5B689BB25DE0334B5A69324B02215F
:1035C0008A435A61314A01235B422C49012008F0A9
:1035D0006FFFFC1DFA239B00180008F0F7FF0300A3
:1035E0002370FB1D1B78002B03D0254B5B689BB21F
:1035F00040E0254B5A69244B01218A435A6108F067
:10360000C9FF234A80231B021100180009F0D0F8DB
:10361000FC1DFA239B00180008F0D8FF030023705C
:10362000FB1D1B78002B03D0154B5B689BB221E080
:10363000184A80231B021100180009F0B9F8FC1D7C
:10364000FA239B00180008F0C1FF03002370FB1D44
:103650001B78002B03D00A4B5B689BB20AE00A4B35
:103660005A69094B01218A435A6108F093FFFB1DF7
:103670001B789BB21800BD4603B090BD00D8070868
:10368000B096012000E00708002002400000FFFF84
:1036900000E8070800F0070880B584B000AF02001A
:1036A000FB1D1A700623FB600623BB601B4B1B88A7
:1036B0009BB2FB601A4B1B889BB2BB60FB1D1B7847
:1036C000002B19D0012B23D1BB68002B07D1FB683D
:1036D000144A934201D100231BE0022319E0FB6846
:1036E000002B07D1BB680F4A934201D1022310E09F
:1036F00000230EE0AB230CE0FB68002B01D100237C
:1037000007E0BB68002B01D1022302E0AB2300E0FD
:1037100000231800BD4604B080BDC04600D807088D
:1037200000E80708EEEE0000F0B589B000AF020037
:103730000E23FB181A800C23FB180A1C1A80132373
:1037400008215B18DB1900221A7010267318DB1988
:1037500000221A800023FB6100237B6108F0F6FE43
:1037600008217318DE190120FFF796FF030033804C
:10377000102608217318DB191B88AB2B01D1AB2352
:1037800075E0102208201318DB191B883A498C4673
:103790006344DB02FB611318DB191B880233DB0275
:1037A000364A944663447B615AE0FB691B680133E7
:1037B00053D10C23FB181B889BB21C0000231D0057
:1037C000F96922002B00012008F072FE132508265B
:1037D000AB19DC19FA239B00180008F0F7FE030070
:1037E0002370AB19DB191B78002B03D0244B5B68CB
:1037F0009BB23CE0234B5A69224B01218A435A6118
:10380000FB69083319000E23FB181B889BB23B6031
:1038100000237B603A687B68012008F049FE13258D
:103820000826AB19DC19FA239B00180008F0CEFE1D
:1038300003002370AB19DB191B78002B03D0104B4E
:103840005B689BB213E00F4B5A690E4B01218A4310
:103850005A610B4B5B689BB209E0FB690833FB6163
:10386000FA697B699A42A0D308F094FE802318007D
:10387000BD4609B0F0BDC046FB000100FED70708F9
:10388000B096012000200240F0B589B000AF0200E0
:10389000BB1D1A803B1D0A1C1A801923FB1800222D
:1038A0001A7000237B610023FB6112243B19002264
:1038B0001A801A23FB1800221A801023FB180022FA
:1038C0001A800E23FB1800221A8008F03FFE250004
:1038D0003C190020FFF7E0FE030023807B191B88C2
:1038E000022B04D1664B7B61664BFB610BE012231C
:1038F000FB181B88002B04D1624B7B61604BFB6182
:1039000001E0AB23B7E019257C19FA239B001800CE
:1039100008F05CFE030023707B191B78002B03D09A
:10392000594B5B689BB2A6E0584B5A69574B012133
:103930008A435A6110257C193B1D1A88BB1D1B88C0
:1039400011001800FFF7F0FE030023807B191B888D
:10395000002B02D07B191B888DE01A23FB18012253
:103960001A802EE01A257A19BB1D12881B889A42EC
:1039700021D00E26BC19464A7B191B88110018005D
:10398000FFF752FD03002380BB191B88012B12D0C7
:103990003F4B1A881026BC197B191B881100180090
:1039A000FFF7C2FE03002380BB191B88002B02D047
:1039B000BB191B885FE01A217B181A887B1801321B
:1039C0001A801A23FB181A888023DB009A42C9D96F
:1039D000FB691900042008F0EBFE19257C19FA2375
:1039E0009B00180008F0F2FD030023707B191B7880
:1039F000002B03D0244B5B689BB23CE0FB69802228
:103A00001201944663441900042008F0D1FE1925E0
:103A10007C19FA239B00180008F0D8FD03002370DE
:103A20007B191B78002B03D0174B5B689BB222E0FD
:103A3000164B5A69154B02218A435A6119257C1984
:103A4000FA239B00180008F0C1FD030023707B19C6
:103A50001B78002B03D00C4B5B689BB20BE00B4B2D
:103A60005A690A4B01218A435A6108F093FD1923D0
:103A7000FB181B789BB21800BD4609B0F0BDC046CC
:103A800000D8070800E80708B0960120002002408F
:103A9000FC2C0020B0B588B000AF78601F23FB1865
:103AA00000221A700C217B1802221A607B187A6897
:103AB0009A607B180122DA601E257C190823FA1807
:103AC0007B181100180008F0EFFD030023707B192C
:103AD0001B78002B02D1BB68013302D0044B1622A5
:103AE0001A701F23FB181B781800BD4608B0B0BD24
:103AF0002E14002080B586B000AF214B5A6B204BAE
:103B000004210A435A631E4B5B6B042213407B6102
:103B10007B691B4B5A6B1A4B01210A435A63184BA2
:103B20005B6B012213403B613B69154B5A6B144B95
:103B300008210A435A63124B5B6B08221340FB6057
:103B4000FB680F4B5A6B0E4B02210A435A630C4B16
:103B50005B6B02221340BB60BB68094B5A6B084B7E
:103B600020210A435A63064B5B6B202213407B6083
:103B70007B6800F03DF8C046BD4606B080BDC0463B
:103B80000010024080B588B000AF0C23FB1818006D
:103B900014231A0000210FF09AFA144B5A6B134B9E
:103BA00001210A435A63114B5B6B01221340BB6036
:103BB000BB680E4B5A6B0D4B02210A435A630B4BE9
:103BC0005B6B022213407B607B68084B5A6B074B90
:103BD00008210A435A63054B5B6B082213403B6084
:103BE0003B68C046BD4608B080BDC04600100240DC
:103BF00080B586B000AF3B1D802212021A603B1DCB
:103C000001225A603B1D00229A603B1D0222DA60AD
:103C10003B1D044A1900100008F096FEC046BD4640
:103C200006B080BD00040050F0B593B002AF534B16
:103C30005A6B524B01210A435A63504B5B6B012272
:103C400013403B613B694D4B5A6B4C4B02210A437D
:103C50005A634A4B5B6B02221340FB60FB68474B85
:103C60005A6B464B04210A435A63444B5B6B042254
:103C70001340BB60BB68414B5A6B404B08210A4361
:103C80005A633E4B5B6B082213407B607B682423A6
:103C9000F8181A257A192823F9181823FB18009305
:103CA0000300012000F06EF81C23F8181623FA1800
:103CB0002023F9181426BB1900930300062000F0F6
:103CC00061F82C217B1801225A607B1800229A602F
:103CD0007B191B881A007B181A60BB6A1A000C003B
:103CE0007B181900100008F02FFE21007B1800221D
:103CF0005A607B1802229A60BB191B881A007B1835
:103D00001A60FB691A007B181900100008F01CFEED
:103D1000BB6A18007B191B880022190009F075F88E
:103D2000052002F071FCFB691A00BB191B88190001
:103D3000100009F04DF8031E17D1BB6A18007B195B
:103D40001B880122190009F060F8052002F05CFCD4
:103D5000FB691A00BB191B881900100009F038F81C
:103D60000300012B01D1012304E0054B0122524243
:103D70001A6000231800BD4611B0F0BD00100240CB
:103D8000F07F002080B586B000AFB9607A603B60FC
:103D90000F217B18021C1A701723FB1800221A70BF
:103DA0007B181B78180003F08FF903003B613A6918
:103DB0003D4B9A4210D1BB68A022D2051A607B68A5
:103DC000802292001A803B68A022D2051A603B6ACA
:103DD0008022D2001A8060E03A69344B9A420ED1B8
:103DE000BB68A022D2051A607B6804221A803B6857
:103DF000A022D2051A603B6A08221A804DE03A6977
:103E00002B4B9A420ED1BB682A4A1A607B688022EB
:103E1000D2001A803B68274A1A603B6A802212014E
:103E20001A803AE03A69244B9A420ED1BB68A0222C
:103E3000D2051A607B6801221A803B68A022D20555
:103E40001A603B6A02221A8027E03A691B4B9A42A9
:103E50000CD1BB681A4A1A607B6808221A803B683A
:103E6000174A1A603B6A04221A8016E03A69154B19
:103E70009A420ED1BB68A022D2051A607B6810223C
:103E80001A803B68A022D2051A603B6A20221A8061
:103E900003E01723FB18FF221A701723FB181B7867
:103EA0001800BD4606B080BDCC2100206022002055
:103EB000F422002000040050882300201C2400204D
:103EC000000C0050B024002080B582B000AF02008A
:103ED000FB1D1A70C046BD4602B080BD90B587B0CC
:103EE00002AF0F23FB1800221A700E23FB180022CA
:103EF0001A700D23FB1801221A7000F0B3FB0D207D
:103F00003B181A78C2491300DB009B18CB18013309
:103F10001B78002B01D100F09FFBBE4B1B780122C8
:103F20005340DBB2002B07D03B181A78B849130076
:103F3000DB009B1800225A543C1DBA1C0823F918B8
:103F40000D23FB1818783B0000932300FFF71AFF9E
:103F5000BB681800BB1C1B880022190008F055FF25
:103F60000A2002F02DFB7B681A003B001B88190019
:103F7000100008F02DFF031E16D1BB681800BB1CF3
:103F80001B880122190008F040FF0A2002F018FBEC
:103F90007B681A003B001B880F217C181900100059
:103FA00008F016FF03002370BB681800BB1C1B88B9
:103FB0000022190008F029FF0D23FB181A789449F4
:103FC0001300DB009B18CB1801331B78042B44D063
:103FD00057DC032B2DD054DC012B02D0022B14D044
:103FE0004FE00F23FB181B78012B04D10E23FB1885
:103FF00004221A7047E00F23FB181B78002B42D1D4
:104000000E23FB1803221A703DE00F23FB181B78C8
:10401000012B04D10E23FB1804221A7035E00F2364
:10402000FB181B78002B30D10E23FB1803221A70CB
:104030002BE00F23FB181B78012B04D10E23FB1858
:1040400002221A7023E00F23FB181B78002B1ED1CD
:104050000E23FB1801221A7019E00F23FB181B789E
:10406000012B04D10E23FB1801221A7011E00F233B
:10407000FB181B78002B0CD10E23FB1802221A70A0
:1040800007E0C04606E0C04604E0C04602E0C04685
:1040900000E0C0460E22BB181B78042B03D0BB18CF
:1040A0001B78022B19D10D217B181A785A4B9200DC
:1040B000D3585A4A934209D87B181B78564A99001C
:1040C0008A58511C544A9B00995006E00D23FB1856
:1040D0001A78514B92000021D1500E22BB181B7848
:1040E000032B03D0BB181B78012B40D10D217B186B
:1040F0001A784B4B9200D358484A934209D87B1800
:104100001B78474A99008A58511C454A9B00995090
:1041100006E00D23FB181A78414B92000021D15084
:10412000404B1B78022B11D10D217B181B783E4A86
:10413000D25C3E4B5B799A4208D87B181B783A4A8E
:10414000D25C0132D1B2384AD15410E00D217B1833
:104150001B78354AD25C354B5B799A4207D9314B93
:1041600000221A707B181B782F4A0021D1540D2190
:104170007B181A78284B9200D3582C4A1288934205
:1041800000D294E07B181A78234B9200D358274A28
:104190001288934211D108007B181A781C49130029
:1041A000DB009B1807225A543B181B781A4A9900C7
:1041B0008A58511C184A9B0099500D217B181A7877
:1041C000174B9200D358194A1288934205D97B188D
:1041D0001A78134B92000021D1500D217B181A78C8
:1041E0000D4B9200D358114A528893423ED97B1806
:1041F0001A78094B9200D258FA235B009A4235D2C2
:10420000084B1B78002B13D1064B01221A704DE08E
:10421000502D0020D02D0020902D0020FEFF00000A
:10422000AC2D0020622E0020C82D00204811002057
:10423000D94B1B78022B39D10D217B181B78D74A1B
:10424000D25CD74B1B799A4230D97B181B78D34A62
:10425000D25CD34B5B799A4228D2CF4B03221A709F
:104260007B181B78CD4A0021D1541FE00D217B180B
:104270001A78CC4B9200D258FA235B009A4216D39C
:104280007B181A78C74B9200D358C74A93420ED86E
:10429000C14B1B78002B02D0BF4B00221A700D239C
:1042A000FB181B78180000F0EDF900E0C0460D2166
:1042B0007B181A78BD4B9200D358B94A12889342A2
:1042C00000D277E07B181A78B84B9200D358B44AE2
:1042D0001288934211D108007B181A78B449130050
:1042E000DB009B1808225A543B181B78AF4A9900F0
:1042F0008A58511CAD4A9B0099500D217B181A78A1
:10430000A84B9200D358A64A1288934205D97B182D
:104310001A78A44B92000021D1500D217B181A78F5
:10432000A24B9200D3589E4A5288934229D97B18B7
:104330001A789E4B9200D258FA235B009A4220D200
:10434000954B1B78012B0BD17B181A7898491300D9
:10435000DB009B1805225A548F4B02221A7028E06A
:104360008D4B1B78032B24D10D23FB181A78904911
:104370001300DB009B1806225A54874B00221A7048
:1043800017E00D217B181A78884B9200D258FA2337
:104390005B009A420ED37B181A78844B9200D35854
:1043A000814A934206D87B181B78180000F0E8F980
:1043B00000E0C0460D23FB181A787D491300DB008E
:1043C0009B185B5C053B092B00D934E19A00794BC3
:1043D000D3181B689F460D243B191B781800FFF764
:1043E00073FD3B191A7872491300DB009B180022F9
:1043F0005A5431E10D243B191B78180001F06EFC72
:104400003B191A786A491300DB009B1800225A54A2
:1044100022E1694B1B7801225340DBB2002B00D113
:104420000BE10D203B181A7861491300DB009B1843
:10443000CB1808331B781A000123134000D1FCE08D
:104440005D4B01221A703B181B78180001F050FCDC
:10445000F3E0594B1B7801225340DBB2002B00D113
:10446000EDE00D203B181A7851491300DB009B1832
:10447000CB1808331B781A000223134000D1DEE06A
:104480004D4B01221A703B181B78180001F03AFCC2
:10449000D5E0494B1B7801225340DBB2002B00D101
:1044A000CFE00D203B181A7841491300DB009B1820
:1044B000CB1808331B781A000423134000D1C0E046
:1044C0003D4B01221A703B181B780121180001F0A6
:1044D00023FCB6E0384B1B7801225340DBB2002BA3
:1044E00000D1B0E00D203B181A7831491300DB00F1
:1044F0009B18CB1808331B781A000823134000D1EF
:10450000A1E02D4B01221A703B181B7802211800E4
:1045100001F002FC97E0284B1B7801225340DBB2EC
:10452000002B00D191E00D203B181A782049130090
:10453000DB009B18CB1808331B781A00102313409C
:1045400000D182E01C4B01221A703B181B7803211A
:10455000180001F0E1FB78E0174B1B780122534073
:10456000DBB2002B00D172E00D203B181A78104905
:104570001300DB009B18CB1808331B781A0020238C
:10458000134064D00C4B01221A703B181B78012198
:10459000180001F0CEFB5AE0622E0020C82D00204A
:1045A00048110020902D0020FEFF0000AC2D0020BF
:1045B000502D002028AB0208D02D00202F4B1B7857
:1045C00001225340DBB2002B43D00D203B181A7858
:1045D0002B491300DB009B18CB1808331B781A00FB
:1045E0004023134035D0254B01221A703B181B780D
:1045F0000221180001F09DFB2BE0204B1B780122CB
:104600005340DBB2002B26D00D203B181A781C49F2
:104610001300DB009B18CB1808331B785BB2002B10
:1046200019DA164B01221A703B181B780321180067
:1046300001F07FFB0FE0C0460EE0C0460CE0C04634
:104640000AE0C04608E0C04606E0C04604E0C046B6
:1046500002E0C04600E0C0460D217B181A787B18A6
:1046600001321A700D23FB181B78062B00D846E484
:10467000C046C046BD4605B090BDC046D02D002006
:10468000502D002080B586B000AF0200FB1D1A70CF
:104690001723FB1800221A70FB1D1A7836491300E5
:1046A000DB009B18CB1802331B783B61FB1D1A788B
:1046B00031491300DB009B18CB1803331B78FB60D8
:1046C000FB1D1A782C491300DB009B18CB18043310
:1046D0001B78BB603A6913005B019B1A9B009B1817
:1046E000DB003B61FA6813005B019B1A9B009B187F
:1046F000DB00FB60BA6813005B019B1A9B009B18F0
:10470000DB00BB60FB1D1A781C4B9200D3583A6942
:104710009A4208D1FB1D1A7817491300DB009B1839
:1047200009225A5420E0FB1D1A78144B9200D358EA
:10473000FA689A4208D1FB1D1A780F491300DB0072
:104740009B180A225A540FE0FB1D1A780B4B92005B
:10475000D358BA689A4207D1FB1D1A78064913004C
:10476000DB009B180A225A541723FB181B781800E9
:10477000BD4606B080BDC046502D0020902D0020C3
:1047800080B586B000AF0200FB1D1A701723FB181E
:1047900000221A70FB1D1A7836491300DB009B18A3
:1047A000CB1805331B783B61FB1D1A783149130088
:1047B000DB009B18CB1806331B78FB60FB1D1A78B7
:1047C0002C491300DB009B18CB1807331B78BB6008
:1047D0003A6913005B019B1A9B009B18DB003B614D
:1047E000FA6813005B019B1A9B009B18DB00FB60BF
:1047F000BA6813005B019B1A9B009B18DB00BB602F
:10480000FB1D1A781C4B9200D3583A699A4208D182
:10481000FB1D1A7817491300DB009B180C225A5411
:1048200020E0FB1D1A78144B9200D358FA689A4284
:1048300008D1FB1D1A780F491300DB009B180D22CD
:104840005A540FE0FB1D1A780B4B9200D358BA68EC
:104850009A4207D1FB1D1A7806491300DB009B180A
:104860000D225A541723FB181B781800BD4606B0BA
:1048700080BDC046502D0020AC2D0020F0B58FB07B
:1048800002AF0200FB1D1A70BB1D0A1C1A702F23F9
:10489000FB1800221A702E23FB1800221A708C4B72
:1048A0001B78002B0FD0BB1D1A788A4B9200D3586F
:1048B000180002F019FEBB1D1A78874B9200D358DE
:1048C000180002F011FEBB1D1B78844A0421D1544C
:1048D0007F4B1B78002B08D0BB1D1B78180002F003
:1048E000F3FB030018000AF0B9F81023FC180E259A
:1048F0007A191423F918BB1D18780C26BB190093DC
:104900002300FFF73FFA7B191B881A0018243B1974
:104910001A603B1901225A603B1900229A603B1928
:104920000022DA607B691A003B191900100008F0B8
:104930000BF8BB191B881A003B191A603B1900229F
:104940005A603B1902229A603B691A003B19190010
:10495000100007F0F9FFBB1D1A7861491300DB0056
:104960009B18CB180133FA1D12781A70BB1D1B78E7
:104970003A339BB29B009BB22C257C190A26BA19AC
:1049800011001800FEF750FD030023807B191B88DF
:10499000002B57D1BB191B881B0A9AB22E217B18FA
:1049A0001A707B181B781B09DBB2BA1D12789A4269
:1049B00009D17B181B780F221A40FB1D1B789A42E5
:1049C00001D100237FE0BB1D1B781B031AB2FB1D26
:1049D0001B781B021BB213431BB29AB20A217B182D
:1049E0001A80BB1D1B783A339BB29B009AB27B188E
:1049F0001B8819001000FEF777FDBB1D1B783A33AA
:104A00009BB29B009BB201339BB200211800FEF7C2
:104A10006BFDBB1D1B783A339BB29B009BB20233EC
:104A20009BB200211800FEF75FFDBB1D1B783A33D7
:104A30009BB29B009BB203339BB200211800FEF790
:104A400053FD3DE0BB1D1B781B031AB2FB1D1B78F9
:104A50001B021BB213431BB29AB20A217B181A80A5
:104A6000BB1D1B783A339BB29B009AB27B181B8804
:104A700019001000FEF738FDBB1D1B783A339BB2BE
:104A80009B009BB201339BB200211800FEF72CFD66
:104A9000BB1D1B783A339BB29B009BB202339BB287
:104AA00000211800FEF720FDBB1D1B783A339BB296
:104AB0009B009BB203339BB200211800FEF714FD4C
:104AC0002F23FB181B781800BD460DB0F0BDC04663
:104AD00031140020501E00206C1E002068110020A0
:104AE000502D0020B0B586B000AF0200FB1D1A703B
:104AF0001723FB1800221A70FB1D1A787249130045
:104B0000DB009B18CB18013300221A70FB1D1A78AA
:104B10006D491300DB009B1800225A54FB1D1A78C4
:104B200069491300DB009B18CB18083300221A7068
:104B3000FB1D1A7864491300DB009B18CB18023365
:104B400000221A70FB1D1A785F491300DB009B18C6
:104B5000CB18033300221A70FB1D1A785A49130030
:104B6000DB009B18CB18043300221A70FB1D1A7847
:104B700055491300DB009B18CB18053300221A702F
:104B8000FB1D1A7850491300DB009B18CB18063325
:104B900000221A70FB1D1A784B491300DB009B188A
:104BA000CB18073300221A70FB1D1B783A339BB2D7
:104BB0009B009BB214257C190E22BA181100180014
:104BC000FEF732FC030023807B191B88002B2DD1BC
:104BD000FB1D1B783A339BB29B009BB2002118004F
:104BE000FEF782FCFB1D1B783A339BB29B009BB205
:104BF00001339BB200211800FEF776FCFB1D1B78E9
:104C00003A339BB29B009BB202339BB20021180047
:104C1000FEF76AFCFB1D1B783A339BB29B009BB2EC
:104C200003339BB200211800FEF75EFCFB1D1B78CE
:104C3000180002F049FA03003B613B691B68234AF4
:104C4000934202D101F004FD2BE03B691B68204A2E
:104C5000934202D101F03AFD23E03B691B681D4AF3
:104C6000934202D101F070FD1BE03B691B681A4AB8
:104C7000934202D101F0A6FD13E03B691B68174A7D
:104C8000934202D101F0CAFD0BE03B691B68144A54
:104C9000934202D101F0F2FD03E01723FB18FF223B
:104CA0001A70FB1D1B780F4A0021D1540E493B6935
:104CB000012218000AF05EF81723FB181B78180071
:104CC000BD4606B0B0BDC046502D002000380140A2
:104CD0000044004000480040004C004000500040AC
:104CE000003C0140681100202A140020F0B585B076
:104CF00000AF05000C0010001900FB1D2A1C1A70E3
:104D0000BB1D221C1A707B1D021C1A703B1D0A1C45
:104D10001A700F23FB1800221A70FB1D1A78D24953
:104D20001300DB009B18CB1801331B78002B02D13A
:104D30000B2300F092FBFB1D1A78CB491300DB001C
:104D40009B18CB1802333A1D12781A70FB1D1A7883
:104D5000C5491300DB009B18CB18DA1C2023082060
:104D60001B18DB191B781370FB1D1A78BE49130042
:104D7000DB009B18CB18043324221218D2191278A6
:104D80001A70FB1D1A78B8491300DB009B18CB186A
:104D9000053328221218D21912781A70FB1D1A78BE
:104DA000B1491300DB009B18CB1806332C221218D4
:104DB000D21912781A70FB1D1A78AB491300DB0068
:104DC0009B18CB18073330221218D21912781A7098
:104DD00034221318DB191B78012B08D01318DB19A8
:104DE0001B78002B1AD1BB1D1B78002B16D0FB1D86
:104DF0001A789D491300DB009B18CB1808331B78E9
:104E0000FA1D127801210B43D8B297491300DB0039
:104E10009B18CB180833021C1A7020E03423082298
:104E20009B18DB191B78002B19D1BB1D1B78002B9D
:104E300015D1FB1D1A788C491300DB009B18CB1889
:104E400008331B78FA1D127801218B43D8B28649AA
:104E50001300DB009B18CB180833021C1A70342295
:104E600008215318DB191B78012B08D05318DB19C4
:104E70001B78002B1AD17B1D1B78002B16D0FB1D35
:104E80001A7879491300DB009B18CB1808331B787C
:104E9000FA1D127802210B43D8B273491300DB00CC
:104EA0009B18CB180833021C1A7020E03423082208
:104EB0009B18DB191B78002B19D17B1D1B78002B4D
:104EC00015D1FB1D1A7868491300DB009B18CB181D
:104ED00008331B78FA1D127802218B43D8B262493D
:104EE0001300DB009B18CB180833021C1A70342205
:104EF00008215318DB191B78012B08D05318DB1934
:104F00001B78002B1AD13B1D1B78002B16D0FB1DE4
:104F10001A7855491300DB009B18CB1808331B780F
:104F2000FA1D127804210B43D8B24F491300DB005D
:104F30009B18CB180833021C1A7020E03423082277
:104F40009B18DB191B78002B19D13B1D1B78002BFC
:104F500015D1FB1D1A7844491300DB009B18CB18B0
:104F600008331B78FA1D127804218B43D8B23E49CE
:104F70001300DB009B18CB180833021C1A70342274
:104F800008215318DB191B78012B0AD05318DB19A1
:104F90001B78002B1CD120235B18DB191B78002BFE
:104FA00016D0FB1D1A7830491300DB009B18CB1874
:104FB00008331B78FA1D127808210B43D8B22A490E
:104FC0001300DB009B18CB180833021C1A7022E078
:104FD000342308229B18DB191B78002B1BD12023BC
:104FE0009B18DB191B78002B15D1FB1D1A781E4965
:104FF0001300DB009B18CB1808331B78FA1D1278BE
:1050000008218B43D8B218491300DB009B18CB183A
:105010000833021C1A70342208215318DB191B783C
:10502000012B0AD05318DB191B78002B1ED1242327
:105030005B18DB191B78002B18D0FB1D1A780A4966
:105040001300DB009B18CB1808331B78FA1D12786D
:1050500010210B43D8B204491300DB009B18CB1876
:105060000833021C1A7024E0502D0020342308223B
:105070009B18DB191B78002B1BD124239B18DB19F1
:105080001B78002B15D1FB1D1A786B491300DB0030
:105090009B18CB1808331B78FA1D127810218B430C
:1050A000D8B265491300DB009B18CB180833021CEB
:1050B0001A70342208215318DB191B78012B0AD0EF
:1050C0005318DB191B78002B1CD128235B18DB1924
:1050D0001B78002B16D0FB1D1A7857491300DB00F4
:1050E0009B18CB1808331B78FA1D127820210B432C
:1050F000D8B251491300DB009B18CB180833021CAF
:105100001A7022E0342308229B18DB191B78002B2D
:105110001BD128239B18DB191B78002B15D1FB1DF5
:105120001A7845491300DB009B18CB1808331B780D
:10513000FA1D127820218B43D8B23F491300DB00BF
:105140009B18CB180833021C1A70342208215318FC
:10515000DB191B78012B0AD05318DB191B78002BA5
:105160001CD12C235B18DB191B78002B16D0FB1DE0
:105170001A7831491300DB009B18CB1808331B78D1
:10518000FA1D127840210B43D8B22B491300DB00E3
:105190009B18CB180833021C1A7022E03423082213
:1051A0009B18DB191B78002B1BD12C239B18DB19B8
:1051B0001B78002B15D1FB1D1A781F491300DB004B
:1051C0009B18CB1808331B78FA1D127840218B43AB
:1051D000D8B219491300DB009B18CB180833021C06
:1051E0001A70342208215318DB191B78012B0AD0BE
:1051F0005318DB191B78002B20D130235B18DB19E7
:105200001B78002B1AD0FB1D1A780B491300DB000A
:105210009B18CB1808331B78FA1D1278802149425D
:105220000B43D8B204491300DB009B18CB1808339A
:10523000021C1A7025E0C046502D0020342308229D
:105240009B18DB191B78002B1BD130239B18DB1913
:105250001B78002B15D1FB1D1A7882491300DB0047
:105260009B18CB1808331B78FA1D12787F210B404E
:10527000D8B27C491300DB009B18CB180833021C02
:105280001A70FB1D1B783A339BB29B009BB20C2615
:10529000BC1908257A1911001800FEF7C5F803009B
:1052A0002380BB191B88002B00D0D1E02C003B19B8
:1052B0001B881B0A9AB20B257B191A703B191B8895
:1052C000D9B2FB1D1A7867481300DB009B18C3187E
:1052D00008331B7899421ED07B191B781B0219B228
:1052E000FB1D1A785F481300DB009B18C3180833B6
:1052F0001B781BB20B431BB29AB23B191A80FB1DE1
:105300001B783A339BB29B009AB23B191B88190059
:105310001000FEF7E9F8FB1D1B783A339BB29B00A7
:105320009BB201339BB208243A1911001800FEF712
:105330007BF83B191B8819003B1D1B781A02282497
:1053400008256319DB191B781343994215D0FB1DFF
:105350001B783A339BB29B009BB2013398B23B1D42
:105360001B781B021AB26319DB191B781BB213439B
:105370001BB29BB21900FEF7B7F8FB1D1B783A333E
:105380009BB29B009BB202339BB208243A191100D6
:105390001800FEF749F83B191B881900202408263D
:1053A000A319DB191B781A022C25AB19DB191B7802
:1053B0001343994216D0FB1D1B783A339BB29B00D6
:1053C0009BB2023398B2A319DB191B781B021AB2E5
:1053D000AB19DB191B781BB213431BB29BB219002C
:1053E000FEF782F8FB1D1B783A339BB29B009BB201
:1053F00003339BB208243A1911001800FEF714F881
:105400003B191B88190024240826A319DB191B78D3
:105410001A023025AB19DB191B781343994219D0B6
:10542000FB1D1B783A339BB29B009BB2033398B2AF
:10543000A319DB191B781B021AB2AB19DB191B78F5
:105440001BB213431BB29BB21900FEF74DF801E0EB
:105450000B2302E00F23FB181B781800BD4605B094
:10546000F0BDC046502D002080B500AF1D4B1E4A38
:105470001A601C4B802212065A601A4B00229A6056
:10548000184B0022DA60174B802212061A61154B66
:1054900004225A61134B00221A76124B00225A76CC
:1054A000104B01229A760F4B2022002199540D4B6C
:1054B00000225A620B4B00229A620A4B2C220021D6
:1054C0009954084B00221A63064B180005F016FC8D
:1054D000031E01D000F0A8FB044B01221A70C04645
:1054E000BD4680BDD42D002000240140542E002054
:1054F00090B58BB000AF786014243B1918001423CA
:105500001A0000210DF0E3FD274B1A6C264B802179
:1055100049030A431A64244B1A6C80235B0313402B
:105520003B613B69204B5A6B1F4B01210A435A6375
:105530001D4B5B6B01221340FB60FB681A4B5A6BDF
:10554000194B02210A435A63174B5B6B022213402B
:10555000BB60BB68154B1B78012B10D13B190C228B
:105560001A603B1903225A603B1900229A603A19CB
:10557000A023DB051100180007F0E6F910E0142164
:105580007B18C02212011A607B1803225A607B1814
:1055900000229A607B18064A1900100007F0D4F91F
:1055A000C046BD460BB090BD00100240602E0020EA
:1055B0000004005080B582B000AF02003960FB1DCE
:1055C0001A70FB1D1B78022B03D0FB1D1B78032BCD
:1055D00038D1FB1D1B78022B03D11C4B01221A7002
:1055E00002E01A4B01225A70FB1D1B78180001F0D3
:1055F0006BFD0300180009F031FAFB1D1B78144AFB
:105600000621D154FB1D1B78180001F05DFD02003E
:105610003B681900100000F0B1FA03009AB20D4B7C
:105620001A803A68FB1D1B781100180000F004FB7B
:1056300003001A00084B1A70084B1B78002B01D18D
:10564000FFF712FFC046BD4602B080BD602E0020AD
:1056500068110020442E0020552E0020542E0020DA
:1056600090B585B000AFB9607A600F243B19021C79
:105670001A70384B1B78012B5CD13B191B78180032
:1056800001F022FD0200BB681900100000F076FA5C
:1056900003009AB2304B1A80BA683B191B7811008C
:1056A000180000F0C9FA03001A002C4B1A702A4B9C
:1056B0001B881A002A4B1A60294B01225A60284B7A
:1056C00006229A60264A274B1100180005F0E8FDD3
:1056D000031E01D000F0A8FA224B180005F0B6FC1A
:1056E000204B6421180005F03BFD1E4B180005F00F
:1056F000CBFD0100194B1B781A0089B21A4B5200DE
:10570000D152184B180005F0EFFC134B1B881A0000
:10571000134B1A60124B02225A60114B06229A60F8
:105720000F4A104B1100180005F0BAFD031E01D0FE
:1057300000F07AFA094B1B781A000B4B5200D35A2F
:105740001800EBF75FFC021C7B681A60C046BD4680
:1057500005B090BD542E0020442E0020552E002070
:10576000382E0020D42D0020482E0020B0B582B065
:1057700000AF78603960694B1B78002B01D1FFF7CF
:1057800073FE674B674A1A60654B01225A60644B8F
:1057900002229A60624A644B1100180005F080FDF5
:1057A000031E01D000F040FA5F4B180005F04EFCDC
:1057B0005D4B6421180005F0D3FC5B4B180005F02D
:1057C00063FD03009AB2594B1A80584B1B8818008E
:1057D000EDF752FA564A574BECF7B6FB02000B00B6
:1057E000100019000022544BEBF7B4FF02000B002D
:1057F00010001900514A524BECF768FE02000B00F2
:10580000100019004F4A504BEBF7A4FF02000B00A9
:105810001000190000224D4BEBF73CFC02000B007E
:1058200010001900EDF7C6FA021C7B681A603E4BA7
:10583000180005F059FC3A4B3A4A1A60384B0222DC
:105840005A60374B02229A60354A374B11001800D4
:1058500005F026FD031E01D000F0E6F9304B3C4A6E
:105860001A602F4B01225A602D4B06229A602C4A57
:105870002D4B1100180005F013FD031E01D000F0A0
:10588000D3F9294B180005F0E1FB274B64211800E0
:1058900005F066FC244B180005F0F6FC03009AB2F4
:1058A0002C4B1A802C4B1B881800EDF7E5F9204A89
:1058B000204BECF749FB02000B0014001D00254BA8
:1058C0001B881800EDF7D8F902000B002000290012
:1058D000EBF740FF02000B0010001900EDF76AFA29
:1058E000021C3B681A60104B180005F0FDFB0C4BC6
:1058F000174A1A600A4B02225A60094B02229A6028
:10590000074A094B1100180005F0CAFC031E01D01C
:1059100000F08AF9C046BD4602B0B0BD542E00204A
:10592000382E0020001000B0D42D0020502E002072
:105930006666666666660A4000FEAF408FC2F5285E
:105940005C8FF63F3333333333331140000039403B
:10595000002000B4522E0020BAF7FF1F80B588B097
:1059600000AF02003960FB1D1A70FB1D1B78022B73
:1059700004D0FB1D1B78032B00D0E0E0724B1B789A
:10598000002B56D1FFF770FDFB1D1B78180001F0AE
:105990009BFB0300180009F061F8FB1D1B78032B2B
:1059A00024D18023DB00694A1900100007F038F980
:1059B0000C217B188022D2001A607B1801225A60C9
:1059C0007B180222DA607B18604A1900100006F08A
:1059D000BBFFFB1D1B785E4A0621D1548023DB00F0
:1059E0005A480122190007F010FA22E0A023DB0533
:1059F0000421180007F014F90C217B1804221A6006
:105A00007B1801225A607B180222DA607A18A023E0
:105A1000DB051100180006F097FFFB1D1B784C4AB0
:105A20000621D154A023DB0501220421180007F030
:105A3000ECF9FB1D1B78180001F046FB0200454BFA
:105A40001900100000F09AF803009AB2424B1A8035
:105A5000414B1B881A00414B1A60404B01225A608F
:105A60003E4B02229A603D4A3D4B1100180005F062
:105A700017FC031E01D000F0D7F8394B180005F0D1
:105A8000E5FA374B6421180005F06AFB344B180027
:105A900005F0FAFB03001800EBF7B4FA021C314BD7
:105AA0001A60304B1B68181CEDF73CF92E4A2F4B3F
:105AB000ECF74AFA02000B001000190000222C4BF0
:105AC000EBF748FE02000B0010001900EDF772F929
:105AD000021C244B1A60234B1B682649181CEAF74A
:105AE00083FF031C181CEDF71DF91F4A1F4BEBF732
:105AF00031FE02000B0010001900EDF75BF9021CEB
:105B00001D4B1A601C4B1A683B681A60144B180036
:105B100005F0EAFA104B1B881A00104B1A600F4B65
:105B200002225A600D4B02229A600C4A0C4B110063
:105B3000180005F0B5FB031E01D000F075F8C04653
:105B4000181CBD4608B080BD542E00200004005033
:105B50006811002050AB0208442E0020382E00208F
:105B6000D42D0020582E00206666666666660A40C0
:105B700000FEAF400000C8425C2E002080B582B01D
:105B800000AF786039607B681B681F4A934209D177
:105B90001E4A3B6811001800EAF7B6FA031E01D14D
:105BA0001B4B2CE07B681B68174A934209D1194AAA
:105BB0003B6811001800EAF7A7FA031E01D1164B43
:105BC0001DE07B681B68154A934209D10F4A3B6868
:105BD00011001800EAF798FA031E01D1104B0EE0ED
:105BE0007B681B680D4A934209D10A4A3B68110041
:105BF0001800EAF789FA031E01D10A4BFFE71800E3
:105C0000BD4602B080BDC0460044004058AB02080B
:105C10000400000850AB02080800000C00480040D7
:105C20000008002C0080003C80B500AF642004F028
:105C3000BFFEC046BD4680BD80B582B000AF020049
:105C40003960FB1D1A70FB1D1B78022B0BD1204AFB
:105C50003B6811001800EAF757FA031E03D11D4BE9
:105C600000221A702EE0FB1D1B78022B0BD11A4A62
:105C70003B6811001800EAF747FA031E03D1154BE1
:105C800001221A701EE0FB1D1B78032B0BD1104A5A
:105C90003B6811001800EAF737FA031E03D10D4BD9
:105CA00002221A700EE0FB1D1B78032B0AD10A4A50
:105CB0003B6811001800EAF727FA031E02D1054BD2
:105CC00003221A70034B1B781800BD4602B080BD3A
:105CD00058AB0208552E002050AB020880B582B0A8
:105CE00000AF0200FB1D1A70C046BD4602B080BD69
:105CF00080B582B000AF0200FB1D1A70C046BD46E1
:105D000002B080BD80B582B000AF0200FB1D1A70EA
:105D1000C046BD4602B080BD80B582B000AF020073
:105D2000FB1D1A70BB1D0A1C1A70C046BD4602B08E
:105D300080BD80B582B000AF0200FB1D1A70BB1D94
:105D40000A1C1A70C046BD4602B080BD80B500AFC7
:105D5000BFF34F8FC046044B044ADA60BFF34F8F46
:105D6000C046C046FDE7C04600ED00E00400FA056D
:105D700080B500AF04F000FE01F0E8FBC046BD4670
:105D800080BD000080B584B002AF0B4B7B600B4B35
:105D900018787968FF230093FF23112201F0E2F8BD
:105DA000064B1878064B1968FF230093FF230F2238
:105DB00001F0D8F8FFF7CAFF74AB020830140020D6
:105DC0007C02002080B500AFC046BD4680BD00000B
:105DD00080B582B000AF00237B60074B180009F04C
:105DE00029F97B68002B03D0044B802252051A60EE
:105DF000C046BD4602B080BDCC21002004ED00E0CD
:105E000080B582B000AF00237B60074B180009F01B
:105E100011F97B68002B03D0044B802252051A60D5
:105E2000C046BD4602B080BD6022002004ED00E007
:105E300080B582B000AF00237B600D4B180009F0E5
:105E4000F9F80C4B180009F0F5F80B4B180009F0A5
:105E5000F1F80A4B180009F0EDF87B68002B03D02D
:105E6000074B802252051A60C046BD4602B080BD75
:105E7000F4220020882300201C240020B0240020CD
:105E800004ED00E080B584B000AF78600023FB60D3
:105E90007B68DB6F002B03D07B681800FCF758FC95
:105EA0007B681800FCF7CAFA03001A00064B920040
:105EB000D3580C22BA181100180002F058FAC04644
:105EC000BD4604B080BDC0466C1E0020B0B584B095
:105ED00000AF78607B688822202199500F257C19BB
:105EE0007B681800FCF7AAFA0300237029007B18CE
:105EF0001B78254AD35C022B13D17B181B785A1EC2
:105F0000224B9200D3581B68283319007B688022EB
:105F10009B581B685B689AB27B68180008F090FF7A
:105F20002EE00F243B191B78013B194A0021D15464
:105F30003B191B78013B174A0021D1543B191B78B0
:105F40005A1E13005B009B189B01134A9B18C0222A
:105F5000002118000DF0BBF83B191B785A1E1300E6
:105F60005B009B189B010C4A99187B68C0221800A3
:105F700008F066FF3B191B78013B084A0121D15408
:105F8000C046BD4604B0B0BD68110020981C00207A
:105F9000141100201C110020D8170020E01C002044
:105FA00080B582B000AF7860C046BD4602B080BD0B
:105FB00080B582B000AF7860104B01221A707B6808
:105FC0001B680F4A934203D17B6818000BF0EDFA6F
:105FD0007B681B680B4A934203D17B6818000BF067
:105FE000E4FA7B681B68084A934203D17B68180077
:105FF0000BF0DBFAC046BD4602B080BD221E002079
:1060000000380140004400400048004080B586B0A0
:1060100002AF786039600B4BFB600B4B1878F96866
:10602000FF230093FF23102200F09CFF064B1878FB
:10603000064B1968FF230093FF230F2200F092FF05
:10604000FFF784FE88AB0208301400207C02002099
:1060500080B584B002AF0B4B7B600B4B187879682E
:10606000FF230093FF23142200F07CFF064B1878D7
:10607000064B1968FF230093FF230F2200F072FFE5
:10608000FFF764FE9CAB0208301400207C02002065
:1060900080B500AF294BDA6D284B802109020A43F5
:1060A000DA65274B274A1A60254B00229A60244B59
:1060B0007C22DA60224B244A1A61214B00225A6169
:1060C0001F4B00229A611E4B0022DA611C4B80227A
:1060D000D2051A621A4B00225A62194B180007F0B7
:1060E00069FF031E01D0FF2325E0154B0121180095
:1060F00008F0FEFA0300154A934202D000F02AF895
:1061000011E00E4B1A6E80231B05134002D0104B7A
:1061100000221A70094B1A6E8023DB04134002D050
:106120000B4B01221A70054B1A6E044B8021090497
:106130000A431A6600231800BD4680BD00100240C5
:10614000B42E002000280040CF070000F2320000EB
:10615000E02E0020B0B58EB000AF0C257B195A4A56
:1061600013CA13C33B00594A03CA03C312781A70F7
:106170007B19093318000BF096FB02003523FB183E
:106180001A707B1900229A717B19043318000BF0E6
:106190008AFB02003423FB181A707B190022DA7084
:1061A0003623FB1800221A7019E036243B191A789E
:1061B000474B9200D2580C23FB1811001800E9F746
:1061C000A3FF031E05D13723FB183A1912780132B9
:1061D0001A7036217B181A787B1801321A70362310
:1061E000FB181B780B2BE0D93B00063318000BF093
:1061F0005AFB02003323FB181A700C243B190022AF
:106200005A713B00033318000BF04DFB02003223A0
:10621000FB181A703B1900229A703B0018000BF013
:1062200042FB02003123FB181A702C217B18352207
:10623000BA181278DA707B183722BA1812785A70A6
:106240007B183422BA1812789A707B1801221A70BF
:106250007918204B0022180008F05AF8031E01D0CC
:10626000FF232CE018217B183122BA1812781A70FB
:106270007B183222BA1812785A707B183322BA1857
:1062800012789A707B180022DA70134B18225A7316
:106290007B180022DA607B1800221A6179180D4BF6
:1062A0000022180007F030FF031E01D0FF2306E094
:1062B0000A4A084B0121180008F0FDF900231800D4
:1062C000BD460EB0B0BDC046BCAB0208C8AB0208AC
:1062D00044000020B42E002048110020F2320000BB
:1062E000B0B588B000AF05000C0010001900FB1D10
:1062F0002A1C1A70BB1D221C1A703B1D021C1A801E
:10630000FB1C0A1C1A703B1D1B88DBB23033DAB24F
:106310001C217B18DA707B18FA1D12785A707B18D2
:10632000BA1D12789A707B18FA1C12781A707918B4
:10633000324B0022180007F0EBFF031E01D0FF23B1
:1063400058E008217B1838203A1812781A707B1808
:106350003422BA1812785A707A183023FB181B7836
:1063600093707B1800221A613B181B780C2B02D902
:10637000234B18225A733C23FB181B78012B07D19F
:106380000823FB180022DA701D4B0C225A730FE011
:106390003C23FB181B78022B07D10823FB18012292
:1063A000DA70174B0C225A7302E0154B18225A73FD
:1063B0000823F918114B0022180007F0A5FE031E50
:1063C00001D0FF2316E00E4B5B7B1B021AB20C4B75
:1063D0001B791BB213431BB29AB28D235B001100D1
:1063E0001800FDF781F8074A044B0121180008F056
:1063F00062F900231800BD4608B0B0BDB42E0020DD
:1064000048110020F232000090B587B000AF39008B
:106410001F4B0022180007F01FFF142439191C4BD2
:106420000022180008F006F83B00DB78DB09DBB23D
:106430000133DAB2174BDA743B005B685B089AB23F
:10644000144BDA813B009A78124B1A743B005A784D
:10645000104B5A743B001A780E4B9A743B199A7879
:106460000C4B5A753B195A780A4B9A753B191A7896
:10647000084B1A753B19DB789BB2FA22D20094467E
:1064800063449AB2034B1A83C046BD4607B090BD21
:10649000B42E00204811002080B500AF094B0A4AF5
:1064A0001A60084B01225A60064B084ADA60054B15
:1064B000074A9A60034B180006F0E0FCC046BD4650
:1064C00080BDC046E02F002000300040FF0F0000DC
:1064D000CF07000080B582B000AF174B1A6C164B87
:1064E000802189020A431A64134B1A6C80239B0291
:1064F00013407B607B68114B114A1A600F4B2F22AF
:106500005A600E4B00229A600C4B0E4ADA600B4B1D
:1065100000221A61094B00225A61084B00229A613D
:10652000064B180008F0FFF8044B180008F05CF95F
:10653000C046BD4602B080BD00100240482F00207A
:1065400000440140FFFF000080B582B000AF174B50
:106550001A6C164B8021C9020A431A64134B1A6C39
:106560008023DB0213407B607B68114B114A1A6069
:106570000F4B114A5A600E4B00229A600C4B0F4A87
:10658000DA600B4B00221A61094B00225A61084B5A
:1065900000229A61064B180008F0C5F8044B180059
:1065A00008F022F9C046BD4602B080BD001002408E
:1065B000942F0020004801407FBB0000FFFF000037
:1065C00080B584B000AF0200BB1D1A800023FB60C1
:1065D00001F006FBBB1D1B88002B0DD0094B1B686F
:1065E0005B6AFB60C046074B1B685A6AFB68D21A9D
:1065F000BB1D1B889A42F6D901F004FBC046BD467C
:1066000004B080BD482F002080B584B000AF0200E8
:10661000BB1D1A800023FB6001F0E2FABB1D1B8842
:10662000002B0DD0094B1B685B6AFB60C046074B13
:106630001B685A6AFB68D21ABB1D1B889A42F6D99E
:1066400001F0E0FAC046BD4604B080BD942F0020A2
:1066500080B500AF1B4B1C4A1A601A4BE122120393
:106660005A60184B00229A60164B0022DA60154BD4
:1066700000221A61134B0C225A61124B00229A61BC
:10668000104B0022DA610F4B00221A620D4B0022E0
:106690005A620C4B00229A620A4B180008F088F9E3
:1066A000084B002118000AF0EBFF064B00211800F0
:1066B0000BF026F8034B18000AF0A8FFC046BD46B1
:1066C00080BDC046CC2100200038014080B500AF1D
:1066D0001B4B1C4A1A601A4BE12212035A60184BDA
:1066E00000229A60164B0022DA60154B00221A61D4
:1066F000134B0C225A61124B00229A61104B00225C
:10670000DA610F4B00221A620D4B00225A620C4BC9
:1067100000229A620A4B180008F04AF9084B00213F
:1067200018000AF0ADFF064B002118000AF0E8FF40
:10673000034B18000AF06AFFC046BD4680BDC04644
:10674000602200200044004080B500AF1B4B1C4A73
:106750001A601A4BE12212035A60184B00229A6009
:10676000164B0022DA60154B00221A61134B0C22E3
:106770005A61124B00229A61104B0022DA610F4BD2
:1067800000221A620D4B00225A620C4B00229A62C0
:106790000A4B180008F00CF9084B002118000AF009
:1067A0006FFF064B002118000AF0AAFF034B1800E8
:1067B0000AF02CFFC046BD4680BDC046F422002032
:1067C0000048004080B500AF124B134A1A60114BCD
:1067D000E12212035A600F4B00229A600D4B0022F7
:1067E000DA600C4B00221A610A4B0C225A61094BE9
:1067F00000229A61074B0022DA61064B00221A62DE
:10680000044B00229A62034B180008F0D1F8C046EE
:10681000BD4680BD88230020004C004080B500AFFD
:10682000144B154A1A60134BE12212035A60114BA4
:1068300000229A600F4B0022DA600E4B00221A6190
:106840000C4B0C225A610B4B00229A61094B00221F
:10685000DA61084B00221A62064B00225A62054B8D
:1068600000229A62034B180008F0A2F8C046BD4609
:1068700080BDC0461C2400200050004080B500AF01
:10688000144B154A1A60134BE12212035A60114B44
:1068900000229A600F4B0022DA600E4B00221A6130
:1068A0000C4B0C225A610B4B00229A61094B0022BF
:1068B000DA61084B00221A62064B00225A62054B2D
:1068C00000229A62034B180008F072F8C046BD46D9
:1068D00080BDC046B0240020003C0140B0B5A6B049
:1068E00000AF786084243B19180014231A0000219B
:1068F0000CF0EDFB38257B1918004C231A00002101
:106900000CF0E5FB7B681B68CB4A934200D081E02A
:106910007B1901221A607B1900225A607B1918002A
:1069200007F00CF9C54B1A6CC44B8021C9010A430E
:106930001A64C24B1A6C8023DB0113407B637B6BB0
:10694000BE4B5A6BBD4B01210A435A63BB4B5B6B79
:10695000012213403B633B6B3B19802292001A607B
:106960003B1902225A603B1900229A603B1900220F
:10697000DA603B1901221A613A19A023DB051100E4
:10698000180005F0E1FF21007B188022D2001A6078
:106990007B1802225A607B1800229A607B18002222
:1069A000DA607B1801221A617A18A023DB05110036
:1069B000180005F0C9FFA24BA24A1A60A04B322270
:1069C0005A609F4B00229A609D4B0022DA609C4BDC
:1069D00080221A619A4B00225A61994B00229A61D7
:1069E000974B2022DA61964B00221A62944B1800D2
:1069F00005F0B0FA7B688021914A5A50904B7A6832
:106A00009A62002200211B2005F016F81B2005F0D9
:106A100028F88CE27B681B688B4A934200D081E0A7
:106A200038217B1802221A607B1800229A607B189A
:106A3000180007F083F8814BDA6B804B80218902C4
:106A40000A43DA637D4BDA6B80239B021340FB62BF
:106A5000FB6A7A4B5A6B794B01210A435A63774B95
:106A60005B6B01221340BB62BB6A84243B19042286
:106A70001A603B1902225A603B1900229A603B19A6
:106A80000022DA603B1901221A613A19A023DB05C2
:106A90001100180005F058FF21007B1808221A6029
:106AA0007B1802225A607B1800229A607B18002211
:106AB000DA607B1801221A617A18A023DB05110025
:106AC000180005F041FF614B614A1A605F4B3422A8
:106AD0005A605E4B00229A605C4B0022DA605B4B8E
:106AE00080221A61594B00225A61584B00229A6148
:106AF000564B2022DA61554B00221A62534B180084
:106B000005F028FA7B688021504A5A504F4B7A682A
:106B10009A62002200211C2004F08EFF1C2004F049
:106B2000A0FF04E27B681B684A4A934200D099E0C8
:106B300038217B1804221A607B180022DA607B1847
:106B4000180006F0FBFF3D4BDA6B3C4B8021C9027D
:106B50000A43DA63394BDA6B8023DB0213407B6232
:106B60007B6A364B5A6B354B02210A435A63334BCF
:106B70005B6B022213403B623B6A84217B188022BC
:106B8000D2001A600C003B1902225A603B19002205
:106B90009A603B190022DA603B1904221A613B1902
:106BA0002D4A1900100005F0CFFE21007B1880222D
:106BB00012011A607B1802225A607B1800229A6028
:106BC0007B180022DA607B1804221A617B18224AA3
:106BD0001900100005F0B8FE204B214A1A601F4B27
:106BE00036225A601D4B00229A601C4B0022DA604C
:106BF0001A4B80221A61194B00225A61174B00224E
:106C00009A61164B2022DA61144B00221A62134B50
:106C1000180005F09FF97B688021104A5A500F4BED
:106C20007A689A62002200211D2004F005FF1D20D1
:106C300004F017FF7BE1C04600380140001002401D
:106C4000443000200800024000440040A4300020EE
:106C50001C000240004800400004005004310020A5
:106C6000300002407B681B68B34A93426AD1B34B41
:106C7000DA6BB24B802109030A43DA63AF4BDA6B5C
:106C800080231B031340FB61FB6984243B19012211
:106C90001A603B1902225A603B1900229A603B1984
:106CA0000022DA603B1904221A613A19A023DB059D
:106CB0001100180005F048FE21007B1802221A601E
:106CC0007B1802225A607B1800229A607B180022EF
:106CD000DA607B1804221A617A18A023DB05110000
:106CE000180005F031FE964B964A1A60944B3822F4
:106CF0005A60934B00229A60914B0022DA60904BCD
:106D000080221A618E4B00225A618D4B00229A61BB
:106D10008B4B2022DA618A4B00221A62884B1800C2
:106D200005F018F97B688021854A5A50844B7A68AF
:106D30009A62002200211D2004F07EFE1D2004F036
:106D400090FEF4E07B681B687F4A934274D17B4BD2
:106D5000DA6B7A4B802149000A43DA63774BDA6BAE
:106D600080235B001340BB61BB69744B5A6B734B50
:106D700008210A435A63714B5B6B082213407B6105
:106D80007B6984243B1908221A603B1902225A604D
:106D90003B1900229A603B190022DA603B1903225A
:106DA0001A613B19694A1900100005F0CDFD210058
:106DB0007B1804221A607B1802225A607B1800227A
:106DC0009A607B180022DA607B1803221A617B1814
:106DD0005E4A1900100005F0B7FD5D4B5D4A1A6070
:106DE0005B4B4A225A605A4B00229A60584B002251
:106DF000DA60574B80221A61554B00225A61544B7E
:106E000000229A61524B2022DA61514B00221A6211
:106E10004F4B180005F09EF87B6880214C4A5A5071
:106E20004B4B7A689A62002200211D2004F004FE78
:106E30001D2004F016FE7AE07B681B68464A9342E8
:106E400075D13E4BDA6B3D4B802189000A43DA63F2
:106E50003A4BDA6B80239B0013403B613B69374B15
:106E60005A6B364B01210A435A63344B5B6B012248
:106E70001340FB60FB6884243B1910221A603B1905
:106E800002225A603B1900229A603B190022DA6004
:106E90003B1903221A613A19A023DB0511001800DF
:106EA00005F052FD21007B1820221A607B18022277
:106EB0005A607B1800229A607B180022DA607B18E7
:106EC00003221A617A18A023DB051100180005F0CF
:106ED0003BFD224B224A1A60204B4C225A601F4B2A
:106EE00000229A601D4B0022DA601C4B80221A613E
:106EF0001A4B00225A61194B00229A61174B20222B
:106F0000DA61164B00221A62144B180005F022F8C1
:106F10007B688021114A5A50104B7A689A6200228D
:106F200000211D2004F088FD1D2004F09AFDC046BC
:106F3000BD4626B0B0BDC046004C00400010024027
:106F4000643100204400024000500040000C00501A
:106F5000C431002058000240003C0140243200208F
:106F60006C000240B0B586B000AFB96011007B6024
:106F70000F243B19021C1A700C23FB180A1C1A80E0
:106F80001723FB1801221A703B191B78180000F018
:106F90009BF8031E32D03B191A781C4B9200D35831
:106FA0007A681100180000F055FA031E26D113E08C
:106FB0000F23FB181B78180000F086F80500172334
:106FC000FC18B86A0C23FB181A88B968030028005B
:106FD00007F08CFD030023701722BB181B78002BD1
:106FE00003D0BB181B78032BE2D10F23FB181A78B0
:106FF000064B9200D358180000F076FA1723FB18BE
:107000001B781800BD4606B0B0BDC0466C1E0020FF
:10701000F0B587B000AFB96011007B600F243B1959
:10702000021C1A700C257B190A1C1A801726BB1922
:1070300001221A703B191B78180000F045F8031E56
:1070400019D03B191A780F4B9200D3587A68110067
:10705000180000F0FFF9031E0DD13B191B78180032
:1070600000F032F8BC197B191A88BB68190007F0C8
:10707000D9FD030023701723FB181B781800BD46A9
:1070800007B0F0BD6C1E002090B585B000AF0200C7
:107090003960FB1D1A700F243B1900221A70FB1D6A
:1070A0001B78180000F010F80300BB60BB683A685A
:1070B0005A60BB68180007F07BFC3B191B7818006E
:1070C000BD4605B090BD000080B582B000AF0200A3
:1070D000FB1D1A70FB1D1B78062B10D89A000A4B5B
:1070E000D3181B689F46094B0AE0094B08E0094B7F
:1070F00006E0094B04E0094B02E0084B00E00023E6
:107100001800BD4602B080BDDCAB02081C24002084
:1071100060220020B0240020F4220020CC21002096
:1071200080B582B000AF78600A00FB1C1A707B68E3
:10713000002B54D0FB1C1B78012B26D17B68180038
:10714000FBF77CF90300013B802212021A41110077
:10715000254B1B785A1E254B5200D35A1AB20BB23C
:10716000134319B2204B1B785A1E89B21F4B520091
:10717000D1527B6808229A627B68802212029A634D
:107180007B68180007F014FC29E0FB1C1B78002B1F
:1071900025D17B681800FBF751F90300013B8022E1
:1071A00012021A411300D9430F4B1B785A1E0F4B82
:1071B0005200D35A1BB20AB2134019B20A4B1B78C1
:1071C0005A1E89B2094B5200D1527B6808229A623A
:1071D0007B6800229A637B68180007F0E9FBC046D1
:1071E000BD4602B080BDC046A10000204030002056
:1071F00080B582B000AFFB1D00221A70BB1D0122BA
:107200001A7035E0204B1B78BA1D12789A4211D0C3
:10721000BB1D1B78002213211800F4F7BBF83220A5
:10722000FFF7F2F9194B1B78002B1CD0FB1D022233
:107230001A7018E07B1D01221A7010E0124B1B78A7
:10724000591E114B1B785A1E114B4900C95A104B3D
:107250005200D1527B1D1A787B1D01321A707B1DA2
:107260001B78062BEAD9BB1D1A78BB1D01321A7098
:10727000084B1B78BA1D12789A42C3D9FB1D1B78A4
:107280001800BD4602B080BDA10000202E140020D1
:1072900040300020A000002080B586B000AF020082
:1072A000FB1D1A700F23FB1800221A701623FB18FF
:1072B00000221A8001233B6118E03B69DBB2180011
:1072C000FFF702FF03009A6B80231B029A420AD148
:1072D0001622BB181B88BA18591C11801A003B696A
:1072E000D9B20C4B99543B6901333B613B69062B86
:1072F000E3DD1623FB181A88FB1D1B7814211800E8
:10730000F4F748F80F23FB181B781800BD4606B0A9
:1073100080BDC046FC1300201748854600F045F8A4
:1073200016481749174A002302E0D458C4500433C2
:10733000C4188C42F9D3144A144C002301E01360A2
:107340000432A242FBD312481249026800608A420A
:1073500005D000F02AF80BF0ABFF0AF095FA0E48C2
:107360000E4901600E480D4901600E4801688D46C6
:1073700040680047FEE700000040022000000020B7
:10738000F009002020B30208F8090020DC99012050
:10739000F03F0220EFBEADDE4010024001000000D1
:1073A000000001400000FF1FFEE780B500AFC046AF
:1073B000BD4680BD80B582B000AFEFF305837B6032
:1073C0007B685A1E9341DBB21800BD4602B080BDF7
:1073D00080B500AF01F0A4FD00231800BD4680BDBC
:1073E00080B584B000AF78607B68FB60FB68002BE1
:1073F00001D0FB6800E00123180001F069FC0023C4
:107400001800BD4604B080BD80B584B000AF786080
:1074100039603B68012B11D103220021012000F0CB
:1074200056FE0300FB60FB68002B05D0F8680023C4
:107430000022002100F0B3FEFB6806E03B683A68DA
:107440001100180000F093FE03001800BD4604B0C0
:1074500080BD000080B584B000AF78603960002343
:10746000BB607B68002B01D1802336E00023FB60EA
:107470003B68013303D101235B42FB6009E03B68B9
:10748000002B06D03B68FB60FB68002B01D1012379
:10749000FB60FFF78FFF031E13D00823FA187B68E9
:1074A0000021180001F0FEF80300012B01D0FF239A
:1074B00013E0BB68002B0FD00A4B802252051A60E4
:1074C0000AE0FA687B681100180001F02FF8030049
:1074D000012B01D0FF2300E000231800BD4604B0BB
:1074E00080BDC04604ED00E080B584B000AF786098
:1074F0000023FB600023BB60FFF75CFF031E13D07B
:107500000823FA187B681100180000F030FF030010
:10751000012B01D0FF2313E0BB68002B0FD00A4BD7
:10752000802252051A600AE07868002300220021B8
:1075300000F035FE0300012B01D0FF23FB60FB6848
:107540001800BD4604B080BD04ED00E080B500AF7A
:1075500002F01CFA0300012B01D000F095FBC0469D
:10756000BD4680BD80B584B000AF78600023FB606D
:10757000082000F0C5FB0300BB60BB68002B12D0E5
:1075800000F02EFBBB687A681A60BB6800225A6064
:10759000074B1B68BA685A60054BBA681A6000F05E
:1075A00031FB0123FB60FB681800BD4604B080BDC1
:1075B000A802002080B588B000AFF860B9607A609A
:1075C0000123FB613E4B1B68002B46D13C4B3D4ADF
:1075D0001A603CE03A4B1B681B681B68BB61BB69C7
:1075E0001800E8F79BFD03007B61FA687B69D318FC
:1075F0001B785BB2202B06D0FA687B69D3181B7806
:107600005BB2002B1ED17A69B969FB6818000BF0D8
:1076100081FD031E16D12A4B1B681B681B7B5BB2C6
:10762000002B19DBFB68180000F062F903001A0058
:10763000234B1B681B681B7B5BB29A420CD0002358
:10764000FB6109E01E4B1B685A681D4B1A601C4BFE
:107650001B68002BBED100E0C046194B1B68002BF5
:107660000CD0FB69002B09D17A681749BB68180058
:107670000BF061FD124B00221A601CE0104B1B68DE
:10768000002B10D00E4B1B681B689B68FA6879684A
:10769000B86898470300FB61FB69002B0BD1084BCE
:1076A00000221A6007E07A680849BB6818000BF0EE
:1076B00042FD0023FB61FB691800BD4608B080BD98
:1076C00038350020A0020020FCAC020854AD0208AE
:1076D00080B500AF014B1800BD4680BDD4320020FC
:1076E00080B586B000AFF860B9607A6000237B6136
:1076F00000233B617B6800221A6042E0FB68013393
:10770000FB60FB681B785BB2002B08D0FB681B7822
:107710005BB2202BF2D102E0FB680133FB60FB6817
:107720001B785BB2002B04D0FB681B785BB2202B6C
:10773000F2D0FB681B785BB2002B27D07B6901334A
:107740007B617A69BB689A421BD1FB683B6107E0A9
:107750007B681B685A1C7B681A60FB680133FB60FE
:10776000FB681B785BB2002B04D0FB681B785BB214
:10777000202BEDD17B681B68002B09D100233B61D6
:1077800006E07A69BB689A42BBD302E0C04600E0DB
:10779000C0463B691800BD4606B080BD80B586B0C6
:1077A00000AFF860B9607A6000233B611023FA18DB
:1077B0007B6801211800FFF793FF0200434B1A601A
:1077C000424B1B68002B2BD0404B1B6840490622C4
:1077D00018000BF09FFC031E22D13E4B1B78072B99
:1077E00002D13C4B00221A703A4B1B785A1CD1B282
:1077F000384A11701A00384B9200D158BA68FB68A9
:1078000018000BF098FC334B1B78072B05D1002395
:107810007B61304B00221A7052E001237B614FE004
:107820002A4B1B68002B4BD12C4B1B68002B05D11E
:107830002A4B2B4A1A602B4B01221A70294B1A78BB
:10784000294B1B789A421ED9FB6808331800234B3A
:107850001B681B685968BB68083B1A000BF06BFC7F
:10786000FB680133214A110018000BF054FDFB683E
:1078700028221A70FB68063329221A70FB68073326
:1078800020221A7008E0154B1B681B685968BA68FB
:10789000FB6818000BF04FFC104B1B685A680F4B2D
:1078A0001A60104B1B780133DAB20E4B1A700B4B77
:1078B0001B68002B02D100237B6101E001237B6167
:1078C0007B691800BD4606B080BDC0463C3500202F
:1078D000A4AD020840350020A4000020443500205B
:1078E000A002002048350020671100200A7F02080E
:1078F00080B584B000AF78600F23FB1800221A70A7
:107900000023BB6018E07B681B785BB2202B0ED194
:10791000BB68012B0DD00F217B181B785BB2DBB24B
:107920000133DAB27B181A700123BB6001E0002337
:10793000BB607B6801337B607B681B785BB2002B8C
:10794000E1D1BB68012B08D10F217B181B785BB2FA
:10795000DBB2013BDAB27B181A700F23FB181B78DD
:107960005BB21800BD4604B080BD80B582B000AFE8
:1079700078607B6808331A007B685A607B68012254
:1079800052429A607B6808331A007B68DA607B6831
:1079900008331A007B681A617B6800221A60C046AF
:1079A000BD4602B080BD80B582B000AF78607B6814
:1079B00000221A61C046BD4602B080BD80B584B0C9
:1079C00000AF786039607B685B68FB603B68FA6891
:1079D0005A60FB689A683B689A60FB689B683A68E3
:1079E0005A60FB683A689A603B687A681A617B68FB
:1079F0001B685A1C7B681A60C046BD4604B080BD37
:107A000080B584B000AF786039603B681B68BB60AC
:107A1000BB68013303D17B681B69FB600CE07B68AA
:107A20000833FB6002E0FB685B68FB60FB685B6837
:107A30001B68BA689A42F6D2FB685A683B685A607B
:107A40003B685B683A689A603B68FA689A60FB68D2
:107A50003A685A603B687A681A617B681B685A1CEE
:107A60007B681A60C046BD4604B080BD80B584B056
:107A700000AF78607B681B69FB607B685B687A6835
:107A800092689A607B689B687A6852685A60FB6863
:107A90005B687A689A4203D17B689A68FB685A608F
:107AA0007B6800221A61FB681B685A1EFB681A601B
:107AB000FB681B681800BD4604B080BD80B584B06B
:107AC00000AFF860B9607A60FB68043BFB60FB685C
:107AD000802252041A60FB68043BFB60BA68FB68B2
:107AE0001A60FB68043BFB60084AFB681A60FB688D
:107AF000143BFB607A68FB681A60FB68203BFB6004
:107B0000FB681800BD4604B080BDC046117B01086B
:107B100080B582B000AF00237B6072B6C0467B6840
:107B2000002BFCD0C046C046BD4602B080BD80B52B
:107B300000AFC046BD4680BD000000000000000050
:107B40000B4A13681868203080F30988022080F3FC
:107B50001488BFF36F8F3FBCAE4608BC04BC62B64E
:107B60001847C046C046C046C046C046C046C0468C
:107B70003C950120C046C04680B500AF0E4B1A6848
:107B80000D4BFF2109040A431A600B4B1A680A4B7C
:107B9000FF2109060A431A6000F090F8074B002203
:107BA0001A60FFF7CDFF01F0DDFBFFF7B1FF002307
:107BB0001800BD4680BDC04620ED00E0AC020020AC
:107BC00080B500AF054B802252051A60BFF34F8F7E
:107BD000BFF36F8FC046BD4680BDC04604ED00E0D8
:107BE00080B500AF72B6064B1B685A1C044B1A6076
:107BF000BFF34F8FBFF36F8FC046BD4680BDC046F9
:107C0000AC02002080B500AF064B1B685A1E054B26
:107C10001A60044B1B68002B00D162B6C046BD46FB
:107C200080BDC046AC020020EFF3108072B67047F2
:107C3000C046180080F310887047C046000000005E
:107C4000EFF309800E4B1A6820381060F0C04446EC
:107C50004D4656465F46F0C008B572B601F082FB4D
:107C600062B60CBC116808681030F0C8A046A9467E
:107C7000B246BB4680F309882038F0C81847C04692
:107C80003C950120C046C04680B582B000AFFFF7EA
:107C9000CBFF03007B6001F0BDFA031E03D0064B4F
:107CA000802252051A607B681800FFF7C3FFC046A8
:107CB000BD4602B080BDC04604ED00E080B500AF17
:107CC0000B4B00221A600B4B00221A600A4B1B68F8
:107CD000FA2291001800E8F73DFA03001A00074B5A
:107CE000013A1A60024B07221A60C046BD4680BDA9
:107CF00010E000E018E000E08002002014E000E066
:107D000080B586B000AF78600023FB6001F042F9D7
:107D1000454B1B68002B01D100F0D2F8434B1B6888
:107D20007A68134000D072E07B68002B0CD00822E8
:107D30007B689B187B607B680722134004D07B68BC
:107D40000722934308337B607B68002B5FD0384B5E
:107D50001B687A689A425AD8364B3B61354B1B6890
:107D60007B6104E07B693B617B691B687B617B69AC
:107D70005B687A689A4203D97B691B68002BF1D152
:107D8000294B1B687A699A4241D03B691B680822DB
:107D90009B18FB607B691A683B691A607B695A68AB
:107DA0007B68D21A08235B009A4210D97A697B68F3
:107DB000D318BB607B695A687B68D21ABB685A606B
:107DC0007B697A685A60BB68180000F0D9F8184BD4
:107DD0001A687B695B68D21A154B1A60144B1A68D3
:107DE000154B1B689A4203D2114B1A68124B1A604A
:107DF0007B695A680D4B1B681A437B695A607B6923
:107E000000221A600D4B1B685A1C0C4B1A6001F0C3
:107E1000CDF8FB68002B01D1FEF71AF9FB681800BA
:107E2000BD4606B080BDC046E4940120F894012010
:107E3000E8940120DC940120EC940120F0940120CE
:107E400080B584B000AF78607B68FB607B68002BF6
:107E50002CD008235B42FA68D318FB60FB68BB6038
:107E6000BB685A68134B1B6813401FD0BB681B6864
:107E7000002B1BD1BB685A680E4B1B68DB431A40B2
:107E8000BB685A6001F086F8BB685A680A4B1B68E9
:107E9000D218094B1A60BB68180000F071F8074B44
:107EA0001B685A1C054B1A6001F080F8C046BD469D
:107EB00004B080BDF8940120E8940120F4940120DE
:107EC00080B584B000AF274BBB60274BFB60FB68DD
:107ED000072213400CD0FB680733FB60FB680722C6
:107EE0009343FB60BA68FB68D21A1F4BD318BB6080
:107EF000FB687B601D4B7A681A601C4B00225A603D
:107F00007B68BA68D318FB600822FB689B1AFB6089
:107F1000FB6807229343FB60FA68154B1A60144B09
:107F20001B6800225A60124B1B6800221A607B6893
:107F30003B603B68FA68D21A3B685A600C4B1A687F
:107F40003B681A603B685A680A4B1A603B685A687B
:107F5000094B1A60094B802212061A60C046BD46C2
:107F600004B080BD905F01004C350020DC940120FE
:107F7000E4940120EC940120E8940120F89401207D
:107F800080B584B000AF7860274BFB6002E0FB68EF
:107F90001B68FB60FB681B687A689A42F7D8FB682D
:107FA000BB60FB685B68BA68D3187A689A4208D1EC
:107FB000FB685A687B685B68D218FB685A60FB688C
:107FC0007B607B68BB607B685B68BA68D218FB68C3
:107FD0001B689A4218D1FB681A68144B1B689A42B6
:107FE0000DD07B685A68FB681B685B68D2187B6899
:107FF0005A60FB681B681A687B681A6008E00B4BC4
:108000001A687B681A6003E0FB681A687B681A606C
:10801000FA687B689A4202D0FB687A681A60C046A8
:10802000BD4604B080BDC046DC940120E49401202C
:1080300080B584B000AF786039607B68FB60FFF783
:10804000CFFDFB681A68FB68D96BFB681B6C4B4360
:10805000D218FB689A60FB6800229A63FB681A6872
:10806000FB685A60FB681A68FB68DB6B591EFB688B
:108070001B6C4B43D218FB68DA60FB684422FF217B
:108080009954FB684522FF2199543B68002B0DD180
:10809000FB681B69002B13D0FB681033180001F03C
:1080A0002FFA031E0CD0FFF78BFD09E0FB6810339D
:1080B0001800FFF75AFCFB6824331800FFF755FC43
:1080C000FFF7A0FD01231800BD4604B080BD90B5A8
:1080D0008BB002AFF860B960FB1D1A70FB68BA681C
:1080E0005343FB61FB6950331800FFF709FE03009F
:1080F000BB61BB69002B0ED0BB697B617B695033D0
:108100007B61FB1D1C787A69B968F868BB690093CC
:10811000230000F005F8BB691800BD4609B090BD0A
:1081200080B584B000AFF860B9607A601A00FB1CBB
:108130001A70BB68002B03D1BB69BA691A6002E0F0
:10814000BB697A681A60BB69FA68DA63BB69BA68A6
:108150001A64BB6901211800FFF76AFFBB69FA1CAA
:108160004C2112785A54C046BD4604B080BD80B53B
:1081700084B000AF786039607B680222002118006B
:10818000FFF7A5FF0300FB60FB68002B02D0FB6834
:108190003A689A63FB681800BD4604B080BD80B59C
:1081A0008AB000AFF860B9607A603B6000237B6200
:1081B000FB683B62FFF714FD3B6A9A6B3B6ADB6B23
:1081C0009A4202D33B68022B1ED13A68B9683B6AD7
:1081D000180000F0CDFA0300FB613B6A5B6A002BDC
:1081E00009D03B6A2433180001F08AF9031E07D036
:1081F000FFF7E6FC04E0FB69002B01D0FFF7E0FC91
:10820000FFF700FD01235BE07B68002B03D1FFF744
:10821000F9FC002354E07B6A002B06D11423FB18E1
:10822000180001F0C5F901237B62FFF7EBFC00F0B9
:10823000B1FEFFF7D5FC3B6A44229B5C5BB2013385
:1082400003D13B6A4422002199543B6A45229B5C3E
:108250005BB2013303D13B6A452200219954FFF7F9
:10826000D1FC3A1D1423FB181100180001F0B4F9D9
:10827000031E1ED13B6A180000F07FFB031E11D0C5
:108280003B6A10337A681100180001F0FDF83B6A70
:10829000180000F0FEFA00F089FE031E8AD1FFF7F5
:1082A0008FFC87E73B6A180000F0F3FA00F07EFECF
:1082B00080E73B6A180000F0ECFA00F077FE00233C
:1082C0001800BD460AB080BD90B58BB000AFF86015
:1082D000B9607A603B60FB683B62FFF7A5FC030076
:1082E000FB613B6A9A6B3B6ADB6B9A4202D33B6849
:1082F000022B31D11B243B193A6A4521525C1A707A
:108300003B6A9B6B7B613A68B9683B6A180000F076
:108310002FFA3B191B785BB2013311D13B6A5B6AC0
:10832000002B16D03B6A2433180001F0E9F8031E35
:108330000FD07B68002B0CD07B6801221A6008E00C
:108340001B23FB181B780133DBB259B23B6A452271
:10835000995401237B6201E000237B62FB691800D2
:10836000FFF768FC7B6A1800BD460BB090BD80B576
:1083700088B000AF786039607B68BB61FFF754FC60
:1083800003007B61BB699B6B3B61BB69DB6B3A693B
:108390009A422CD20F203B18BA694521525C1A70C0
:1083A0003B695A1CBB699A633B181B785BB201336B
:1083B00011D1BB695B6A002B16D0BB69243318004E
:1083C00001F09EF8031E0FD03B68002B0CD03B68D9
:1083D00001221A6008E00F23FB181B780133DBB27F
:1083E00059B2BB69452299540123FB6101E0002386
:1083F000FB617B691800FFF71DFCFB691800BD4697
:1084000008B080BD80B58AB000AFF860B9607A600E
:1084100000237B62FB683B62FFF7E2FB3B6A9B6BDE
:10842000FB61FB69002B1AD0BA683B6A1100180087
:1084300000F009FAFB695A1E3B6A9A633B6A1B69A2
:10844000002B08D03B6A1033180001F059F8031EC6
:1084500001D0FFF7B5FBFFF7D5FB012362E07B6896
:10846000002B03D1FFF7CEFB00235BE07B6A002BE0
:1084700006D11423FB18180001F09AF801237B623F
:10848000FFF7C0FB00F086FDFFF7AAFB3B6A442222
:108490009B5C5BB2013303D13B6A442200219954B7
:1084A0003B6A45229B5C5BB2013303D13B6A4522A8
:1084B00000219954FFF7A6FB3A1D1423FB18110065
:1084C000180001F089F8031E1ED13B6A180000F065
:1084D0003EFA031E11D03B6A24337A68110018005B
:1084E00000F0D2FF3B6A180000F0D3F900F05EFD07
:1084F000031E91D1FFF764FB8EE73B6A180000F082
:10850000C8F900F053FD87E73B6A180000F0C1F995
:1085100000F04CFD3B6A180000F019FA031E00D170
:108520007AE700231800BD460AB080BD80B58AB046
:1085300000AF7860396000237B627B68FB610023B9
:108540003B62FFF74DFBFB699B6BBB61BB69002B7B
:108550001DD0BB695A1EFB699A63FB691B68002B1F
:1085600004D101F09FFC0200FB699A60FB691B6962
:10857000002B08D0FB691033180000F0C1FF031E68
:1085800001D0FFF71DFBFFF73DFB012386E03B68B1
:10859000002B03D1FFF736FB00237FE07B6A002B23
:1085A00006D10C23FB18180001F002F801237B62AE
:1085B000FFF728FB00F0EEFCFFF712FBFB694422FB
:1085C0009B5C5BB2013303D1FB69442200219954C7
:1085D000FB6945229B5C5BB2013303D1FB694522F9
:1085E00000219954FFF70EFB3A000C23FB181100F1
:1085F000180000F0F1FF031E2ED1FB69180000F0F7
:10860000A6F9031E21D0FB691B68002B0AD1FFF7D6
:10861000E7FAFB699B68180001F0D4F903003B629C
:10862000FFF7F0FAFB6924333A681100180000F0F4
:108630002BFFFB69180000F02CF900F0B7FC031EBB
:1086400000D07EE7FFF7BCFA7BE7FB69180000F07B
:1086500020F900F0ABFC74E7FB69180000F019F991
:1086600000F0A4FCFB69180000F071F9031E00D1B2
:1086700067E73B6A002B10D0FFF7B2FAFB691800DE
:1086800000F060F803007B61FB699B687A69110068
:10869000180001F04BFAFFF7B5FA00231800BD46A9
:1086A0000AB080BD90B58BB000AFF860B9607A6059
:1086B000FB683B62FFF7B8FA0300FB613B6A9B6B08
:1086C000BB61BB69002B32D017243B193A6A4421A5
:1086D000525C1A70BA683B6A1100180000F0B3F8D7
:1086E000BB695A1E3B6A9A633B191B785BB2013324
:1086F00011D13B6A1B69002B16D03B6A103318005E
:1087000000F0FEFE031E0FD07B68002B0CD07B68B0
:1087100001221A6008E01723FB181B780133DBB233
:1087200059B23B6A4422995401237B6201E0002341
:108730007B62FB691800FFF77DFA7B6A1800BD4673
:108740000BB090BD80B584B000AF78607B685B6A89
:10875000002B06D07B681B6B1B680722D31AFB60BB
:1087600001E00023FB60FB681800BD4604B080BD3B
:1087700080B586B000AFF860B9607A6000237B6195
:10878000FB689B6B3B61FB681B6C002B0ED1FB688D
:108790001B68002B4ED1FB689B68180001F07AF92A
:1087A00003007B61FB6800229A6043E07B68002B3A
:1087B00019D1FB685868FB681A6CBB6819000AF08D
:1087C000B2FDFB685A68FB681B6CD218FB685A60E4
:1087D000FB685A68FB689B689A422BD3FB681A684F
:1087E000FB685A6026E0FB68D868FB681A6CBB68B7
:1087F00019000AF098FDFB68DA68FB681B6C5B42A5
:10880000D218FB68DA60FB68DA68FB681B689A427A
:1088100007D2FB689A68FB681B6C5B42D218FB6846
:10882000DA607B68022B05D13B69002B02D03B69E3
:10883000013B3B613B695A1CFB689A637B691800EA
:10884000BD4606B080BD80B582B000AF78603960AB
:108850007B681B6C002B18D07B68DA687B681B6C0C
:10886000D2187B68DA607B68DA687B689B689A421A
:1088700003D37B681A687B68DA607B68D9687B6899
:108880001A6C3B6818000AF04EFDC046BD4602B0A7
:1088900080BD80B584B000AF7860FFF7A1F90F23E9
:1088A000FB187A684521525C1A7013E07B685B6A9A
:1088B000002B16D07B682433180000F021FE031E25
:1088C00001D000F0CFFE0F217B181B78013BDAB2FC
:1088D0007B181A700F23FB181B785BB2002BE5DCAA
:1088E00000E0C0467B684522FF219954FFF78AF9D2
:1088F000FFF776F90E23FB187A684421525C1A7050
:1089000013E07B681B69002B16D07B6810331800BE
:1089100000F0F6FD031E01D000F0A4FE0E217B182E
:108920001B78013BDAB27B181A700E23FB181B78F8
:108930005BB2002BE5DC00E0C0467B684422FF21EF
:108940009954FFF75FF9C046BD4604B080BD80B5BD
:1089500084B000AF7860FFF743F97B689B6B002B16
:1089600002D10123FB6001E00023FB60FFF74AF91D
:10897000FB681800BD4604B080BD80B584B000AF70
:108980007860FFF72DF97B689A6B7B68DB6B9A4206
:1089900002D10123FB6001E00023FB60FFF732F905
:1089A000FB681800BD4604B080BD000080B584B0EF
:1089B00000AF786039600023FB6015E00E4BFA6869
:1089C000D200D358002B0CD10B4BFA68D200396877
:1089D000D150094AFB68DB00D31804337A681A6067
:1089E00006E0FB680133FB60FB68072BE6D9C04655
:1089F000C046BD4604B080BDFC94012080B586B061
:108A000000AFF860B9607A60FB687B61FFF7E8F857
:108A10007B6944229B5C5BB2013303D17B694422B6
:108A2000002199547B6945229B5C5BB2013303D1E1
:108A30007B69452200219954FFF7E4F87B699B6B21
:108A4000002B06D17B6924337A68B968180000F0DE
:108A500035FD7B691800FFF71CFFC046BD4606B018
:108A600080BD90B58DB004AFF860B9603B60BB1DB0
:108A70001A80BB1D1B889B001800FFF741F90300FB
:108A80007B617B69002B10D06020FFF739F9030070
:108A9000FB61FB69002B03D0FB697A691A6306E06E
:108AA0007B691800FFF7CCF901E00023FB61FB694B
:108AB000002B16D0BB1D1A883C68B968F8680023E3
:108AC0000393FB6902937B6B01933B6B0093230041
:108AD00000F010F8FB69180000F092F80123BB6168
:108AE00002E001235B42BB61BB691800BD4609B0CF
:108AF00090BD000080B586B000AFF860B9607A60C4
:108B00003B60BB6A186B7B689B001A00A5210AF0CA
:108B1000DEFABB6A1A6B7B6838498C4663449B005B
:108B2000D3183B613B69072293433B61BB68002B31
:108B300020D000237B6113E0BA687B69D3181878D2
:108B4000BA6A34217B69D3185B18021C1A70BA68A0
:108B50007B69D3181B78002B06D07B6901337B61BE
:108B60007B690C2BE8D900E0C046BB6A402200219B
:108B7000995403E0BB6A3422002199543B6A062BC6
:108B800001D906233B62BB6A3A6ADA62BB6A3A6A77
:108B9000DA64BB6A00221A65BB6A04331800FEF768
:108BA00002FFBB6A18331800FEF7FDFEBB6ABA6A03
:108BB0001A613B6A0722D21ABB6A9A61BB6ABA6A17
:108BC0005A62BB6A00225A65BB6A00229A65BB6A78
:108BD0005C22002199543A68F9683B691800FEF755
:108BE0006DFF0200BB6A1A607B6A002B02D07B6AB1
:108BF000BA6A1A60C046BD4606B080BDFFFFFF3F9F
:108C000080B582B000AF7860FEF7EAFF2A4B1B68A0
:108C10005A1C294B1A60294B1B68002B09D1274B82
:108C20007A681A60244B1B68012B10D100F034FDC8
:108C30000DE0234B1B68002B09D1204B1B68DA6A1F
:108C40007B68DB6A9A4202D81C4B7A681A601D4B1B
:108C50001B685A1C1B4B1A601A4B1A687B685A64B3
:108C60007B68DA6A184B1B689A4203D97B68DA6A18
:108C7000154B1A607B68DA6A13009B009B189B00F7
:108C8000124A9A187B68043319001000FEF796FE0A
:108C9000FEF7B8FF0A4B1B68002B08D0074B1B6878
:108CA000DA6A7B68DB6A9A4201D2FEF789FFC04626
:108CB000BD4602B080BDC0463C9601203C950120D7
:108CC00048960120589601204496012040950120A5
:108CD00080B584B000AF78600023FB607B68002B18
:108CE0000AD000F057F97B680021180001F050FA13
:108CF00000F05CF90300FB60FB68002B01D1FEF77C
:108D00005FFFC046BD4604B080BD000080B588B09E
:108D100000AF78607B68BB612B4B1B68BA699A42D5
:108D200004D11F23FB1800221A7046E0FEF758FFFB
:108D3000BB695B697B61254B1B683B61244B1B68EE
:108D4000FB60FEF75FFF7A693B699A4203D07A695C
:108D5000FB689A4204D11F23FB1802221A702CE0F0
:108D60007A691C4B9A4218D1BB699B6A002B0FD1C0
:108D7000BB695C229B5CDBB2012B04D11F23FB1877
:108D800002221A7019E01F23FB1803221A7014E044
:108D90001F23FB1802221A700FE07A690E4B9A42C9
:108DA00002D07B69002B04D11F23FB1804221A7008
:108DB00003E01F23FB1801221A701F23FB181B78E6
:108DC0001800BD4608B080BD3C950120F4950120F7
:108DD000F8950120289601201096012080B584B0D6
:108DE00000AF7860FEF7FCFE7B68002B02D1074BDA
:108DF0001B6800E07B68FB60FB68DB6ABB60FEF71A
:108E000001FFBB681800BD4604B080BD3C95012041
:108E100080B586B000AF7860396000237B613B6825
:108E2000062B01D906233B60FEF7DAFE7B68002B98
:108E300002D1384B1B6800E07B683B613B69DB6C0F
:108E4000FB60FA683B689A425DD03A68FB689A42D8
:108E50000DD9304B1B683A699A420FD02D4B1B68D5
:108E6000DB6A3A689A4209D301237B6106E0294B09
:108E70001B683A699A4201D101237B613B69DB6A35
:108E8000BB603B69DA6C3B69DB6A9A4202D13B69A1
:108E90003A68DA623B693A68DA643B699B69002B9D
:108EA00004DB3B680722D21A3B699A613B69596926
:108EB000BA6813009B009B189B00174A9B189942A5
:108EC0001CD13B6904331800FEF7D0FD3B69DA6A18
:108ED000124B1B689A4203D93B69DA6A0F4B1A603E
:108EE0003B69DA6A13009B009B189B000A4A9A1898
:108EF0003B69043319001000FEF760FD7B69002B0D
:108F000001D0FEF75DFEFEF77DFEC046BD4606B011
:108F100080BDC0463C95012040950120449601202B
:108F200080B584B002AF144A14491548154B01931B
:108F3000002300930023FFF794FD03007B607B6810
:108F4000012B03D101F078F903007B607B68012BD2
:108F50000ED172B60C4B012252421A600B4B012209
:108F60001A600B4B00221A60F1F74EFFFEF704FE69
:108F7000C046BD4602B080BDC4090000ACAD0208C9
:108F800079960108609601205C96012048960120A0
:108F90004096012080B500AF034B1B685A1C024B62
:108FA0001A60C046BD4680BD6496012080B584B07D
:108FB00000AF0023FB600023BB60FEF711FE364BC1
:108FC0001B685A1E344B1A60334B1B68002B5BD155
:108FD000324B1B68002B57D02FE0314BDB68DB682E
:108FE000FB60FB6818331800FEF740FDFB68043394
:108FF0001800FEF73BFDFB68DA6A2A4B1B689A42B1
:1090000003D9FB68DA6A274B1A60FB68DA6A130037
:109010009B009B189B00244A9A18FB680433190094
:109020001000FEF7CBFCFB68DA6A204B1B68DB6A9A
:109030009A4202D31E4B01221A60194B1B68002B67
:10904000CBD1FB68002B01D000F082FC194B1B68D0
:109050007B607B68002B0FD000F0DCF8031E02D091
:10906000134B01221A607B68013B7B607B68002BFD
:10907000F2D1104B00221A600D4B1B68002B03D05D
:109080000123BB60FEF79CFDFEF7BCFDBB6818002A
:10909000BD4604B080BDC046649601203C960120C8
:1090A000FC95012044960120409501203C9501202B
:1090B000509601204C96012080B582B000AF044B41
:1090C0001B687B607B681800BD4602B080BDC0464F
:1090D0004096012080B582B000AF00237B60044B36
:1090E0001B683B603B681800BD4602B080BDC046AF
:1090F0004096012080B586B000AFF860B9607A6014
:1091000000237B6107233B61FFF744FF3B4B1B6858
:10911000BA689A426AD33B69013B3B617A691300A2
:10912000DB009B189B001A00FB6898183A69130033
:109130009B009B189B00324A9B180122190000F0EB
:1091400089FB02007B699B187B613B69002BE2D1A4
:109150007A691300DB009B189B001A00FB689818C3
:10916000284B1B680222190000F074FB02007B6987
:109170009B187B617A691300DB009B189B001A0027
:10918000FB689818204B1B680222190000F062FB54
:1091900002007B699B187B617A691300DB009B18D6
:1091A0009B001A00FB689B1818490422180000F065
:1091B00051FB02007B699B187B617A691300DB001D
:1091C0009B189B001A00FB689B181149032218008A
:1091D00000F040FB02007B699B187B617B68002BE1
:1091E00004D0F1F727FE02007B681A60FFF7DEFE6D
:1091F0007B691800BD4606B080BDC0463C96012084
:1092000040950120F4950120F89501201096012049
:109210002896012080B586B000AF00237B61464BC5
:109220001B68002B00D07DE0444B1B6801333B6181
:10923000424B3A691A603B69002B10D1404B1B68C6
:10924000FB60404B1A683E4B1A603E4BFA681A604E
:109250003D4B1B685A1C3C4B1A6000F079FB3B4BA2
:109260001B683A699A4249D3354B1B681B68002B2F
:1092700004D1364B012252421A603FE0304B1B684A
:10928000DB68DB68BB60BB685B687B603A697B68F6
:109290009A4203D22D4B7A681A602FE0BB680433E0
:1092A0001800FEF7E3FBBB689B6A002B04D0BB6889
:1092B00018331800FEF7DAFBBB68DA6A244B1B6828
:1092C0009A4203D9BB68DA6A214B1A60BB68DA6A32
:1092D00013009B009B189B001E4A9A18BB6804331E
:1092E00019001000FEF76AFBBB68DA6A1A4B1B68AC
:1092F000DB6A9A42B8D301237B61B5E7164B1B6842
:10930000DA6A144913009B009B189B005B58012BE1
:1093100001D901237B61114B1B68002B07D001236E
:109320007B6104E00E4B1B685A1C0D4B1A607B6975
:109330001800BD4606B080BD64960120409601200D
:10934000F4950120F8950120549601205C960120A7
:1093500044960120409501203C9501205096012023
:109360004C96012080B584B000AF3F4B1B68002BAA
:1093700003D03E4B01221A6071E03C4B00221A6080
:10938000F1F758FD02003A4B1A60394B1A68394B15
:109390001B689A4209D9384B1B68596D344A1068CA
:1093A000344A1268821A8A185A65314B1A68314B4E
:1093B0001A60314B1B681B6BBB60304B7B60BB681A
:1093C0001B687A689A4211D1BB6804331B687A68BB
:1093D0009A420BD1BB6808331B687A689A4205D160
:1093E000BB680C331B687A689A4208D0224B1A6813
:1093F000214B1B68343319001000FCF707FE204B8B
:109400001B68FB6002E0FB68013BFB601D49FA68DA
:1094100013009B009B189B005B58002BF3D0FA684D
:1094200013009B009B189B00164A9B183B603B68EF
:109430005B685A683B685A603B685A683B68083307
:109440009A4204D13B685B685A683B685A603B6843
:109450005B68DA68084B1A60094BFA681A60C04604
:10946000BD4604B080BDC0466496012050960120E0
:109470006C960120689601203C950120A5A5A5A524
:10948000449601204095012080B582B000AF7860FD
:109490003960094B1B6818331A007B6811001800EB
:1094A000FEF7AEFA3B680121180000F071FEC046DD
:1094B000BD4602B080BDC0463C95012080B584B059
:1094C00000AFF860B9607A600C4B1B6818331A0063
:1094D000FB6811001800FEF771FA7B68002B02D0C0
:1094E00001235B42BB607A68BB681100180000F082
:1094F0004FFEC046BD4604B080BDC0463C9501202D
:1095000080B584B000AF78607B68DB68DB68BB60E7
:10951000BB6818331800FEF7A9FA1F4B1B68002B15
:109520001DD1BB6804331800FEF7A0FABB68DA6AE5
:109530001A4B1B689A4203D9BB68DA6A174B1A6048
:10954000BB68DA6A13009B009B189B00144A9A18A8
:10955000BB68043319001000FEF730FA07E0BB685F
:1095600018331A000F4B11001800FEF727FABB68DA
:10957000DA6A0D4B1B68DB6A9A4205D90123FB604E
:109580000A4B01221A6001E00023FB60FB6818000F
:10959000BD4604B080BDC0466496012044960120BB
:1095A00040950120FC9501203C950120509601201A
:1095B00080B582B000AF7860054B1A687B681A608E
:1095C000044B1A687B685A60C046BD4602B080BD35
:1095D000549601204096012080B586B000AF786097
:1095E0003960FEF7FDFA1D4B1B683B617B685B68C9
:1095F0003A69D31AFB603B681B68013302D1002330
:109600007B6124E07B681A68154B1B689A4207D07F
:109610007B685B683A699A4202D301237B6116E05A
:109620003B681B68FA689A420CD23B681A68FB6870
:10963000D21A3B681A607B681800FFF7B9FF002355
:109640007B6104E03B6800221A6001237B61FEF726
:10965000D9FA7B691800BD4606B080BD409601204E
:109660005496012080B500AF024B01221A60C0461B
:10967000BD4680BD5096012080B582B000AF7860B5
:1096800000F04EF8034B1B68012BF9D9FEF798FA4E
:10969000F6E7C0464095012080B582B000AF0023B8
:1096A0007B600CE07A6813009B009B189B00144AB7
:1096B0009B181800FEF759F97B6801337B607B68C3
:1096C000062BEFD90F4B1800FEF74FF90E4B180081
:1096D000FEF74BF90D4B1800FEF747F90C4B18003D
:1096E000FEF743F90B4B1800FEF73FF90A4B054A0A
:1096F0001A600A4B044A1A60C046BD4602B080BDDB
:1097000040950120CC950120E0950120FC95012099
:109710001096012028960120F4950120F89501204B
:1097200080B582B000AF1AE0FEF75AFA104BDB6842
:10973000DB687B607B6804331800FEF797F90D4BFC
:109740001B685A1E0B4B1A600B4B1B685A1E0A4BA8
:109750001A60FEF757FA7B68180000F0E8F8064B2D
:109760001B68002BE0D1C046C046BD4602B080BD9C
:10977000109601203C9601202496012080B586B0E9
:1097800000AFF860B9607A601A00FB1C1A70FB68C1
:10979000002B02D12E4B1B6800E0FB687B61BB688D
:1097A0007A691A607B6934331A00BB685A607B6936
:1097B000DA6ABB681A617B691A6BBB68DA617B691C
:1097C0005A6CBB689A607B69DA6CBB685A617B69CA
:1097D0005A6DBB689A61FB1C1B78052B1CD01C4B77
:1097E0001B687A699A4203D1BB6800221A731BE096
:1097F000BB68FA1C12781A73FB1C1B78032B13D15D
:10980000FFF7C8FB7B699B6A002B02D0BB68022272
:109810001A73FFF7CBFB07E07B691800FFF776FAB6
:1098200003001A00BB681A737B68002B09D07B69A0
:109830001B6B180000F061F803001A00BB681A8463
:1098400002E0BB6800221A84C046BD4606B080BD57
:109850003C95012080B58AB000AFF860B960FB1D6F
:109860001A7000237B62BB681B68002B40D0BB686A
:109870003B623B6A5B685A683B6A5A603B6A5A685B
:109880003B6A08339A4204D13B6A5B685A683B6A78
:109890005A603B6A5B68DB68FB61BB68BB61BB69A4
:1098A0005B685A68BB695A60BB695A68BB69083310
:1098B0009A4204D1BB695B685A68BB695A60BB694C
:1098C0005B68DB687B617A6A1300DB009B189B0096
:1098D0001A00FB689918FB1D1B7878690122FFF7B5
:1098E0004DFF7B6A01337B627A69FB699A42D4D16E
:1098F0007B6A1800BD460AB080BD80B584B000AF59
:1099000078600023FB6005E07B6801337B60FB68C7
:109910000133FB607B681B78A52BF5D0FB689B08A7
:10992000FB60FB689BB21800BD4604B080BD80B5EB
:1099300082B000AF78607B681B6B1800FEF780FA7E
:109940007B681800FEF77CFAC046BD4602B080BDB9
:1099500080B582B000AF0B4B1B681B68002B04D195
:10996000094B012252421A6008E0064B1B68DB6873
:10997000DB687B607B685A68034B1A60C046BD4653
:1099800002B080BDF49501205C96012080B582B0C4
:1099900000AF0A4B1B68002B02D101237B6008E05B
:1099A000074B1B68002B02D102237B6001E00023E0
:1099B0007B607B681800BD4602B080BD48960120E0
:1099C0006496012080B584B000AF78607B68BB608E
:1099D0000023FB607B68002B51D0BB68DA6A2A4BFE
:1099E0001B68DB6A9A4241D2BB689B69002B06DB8D
:1099F000254B1B68DB6A0722D21ABB689A61BB68D9
:109A00005969BB68DA6A13009B009B189B001F4AC8
:109A10009B18994222D1BB6804331800FEF726F840
:109A2000194B1B68DA6ABB68DA62BB68DA6A184BE2
:109A30001B689A4203D9BB68DA6A154B1A60BB6887
:109A4000DA6A13009B009B189B00104A9A18BB68A7
:109A5000043319001000FDF7B1FF04E00A4B1B6846
:109A6000DA6ABB68DA620123FB6008E0BB68DA6C83
:109A7000054B1B68DB6A9A4201D20123FB60FB683D
:109A80001800BD4604B080BD3C95012040950120E2
:109A90004496012080B584B000AF78607B68BB60DD
:109AA0000023FB607B68002B37D0BB681B6D5A1E00
:109AB000BB681A65BB68DA6ABB68DB6C9A422CD05B
:109AC000BB681B6D002B28D1BB6804331800FDF761
:109AD000CDFFBB68DA6CBB68DA62BB68DB6A072261
:109AE000D21ABB689A61BB68DA6A0E4B1B689A424D
:109AF00003D9BB68DA6A0B4B1A60BB68DA6A1300D9
:109B00009B009B189B00084A9A18BB6804331900F5
:109B10001000FDF753FF0123FB60FB681800BD46F2
:109B200004B080BD449601204095012080B586B0E8
:109B300000AF786039607B683B610123FB607B6824
:109B4000002B4BD03B69DB6C3A689A4202D93B68E8
:109B50007B6102E03B69DB6C7B613B69DB6A7A69B4
:109B60009A423BD03B691B6DFA689A4236D13B69F9
:109B7000DB6ABB603B697A69DA623B699B69002BEF
:109B800004DB7B690722D21A3B699A613B695969F8
:109B9000BA6813009B009B189B00124A9B189942BD
:109BA0001CD13B6904331800FDF760FF3B69DA6A9A
:109BB0000D4B1B689A4203D93B69DA6A0A4B1A605B
:109BC0003B69DA6A13009B009B189B00054A9A18B0
:109BD0003B69043319001000FDF7F0FEC046BD4696
:109BE00006B080BD409501204496012080B584B028
:109BF00000AF786039603A687B681100180009F09E
:109C00008AFB7B681800E6F789FA0300FB6007E02F
:109C10007A68FB68D31820221A70FB680133FB6056
:109C2000FB680B2BF4D97A68FB68D31800221A70F2
:109C30007A68FB68D3181800BD4604B080BD0000E8
:109C4000F0B589B002AF78607B6800221A704C4B87
:109C50001B68FB604A4B1A681300DB009B189B00D3
:109C60001800FEF74DF80300BB60BB68002B00D165
:109C700082E0F968BB6800221800FFF73BFA030096
:109C8000FB6000237B616FE07A691300DB009B18A7
:109C90009B001A00BB689B181B7B042B1DD89A00E5
:109CA000384BD3181B689F461323FB1858221A7091
:109CB00018E01323FB1852221A7013E01323FB1829
:109CC00042221A700EE01323FB1853221A7009E087
:109CD0001323FB1844221A7004E01323FB180022FC
:109CE0001A70C0467A691300DB009B189B001A00AB
:109CF000BB689B185A687B6811001800FFF776FF55
:109D000003007B601323FB181C787A691300DB00C7
:109D10009B189B001A00BB689B181D697A69130089
:109D2000DB009B189B001A00BB689B181B8C1E0055
:109D30007A691300DB009B189B001A00BB689B1814
:109D40009B6811497868019300962B00220009F066
:109D50003FF97B681800E6F7E1F902007B689B1881
:109D60007B607B6901337B617A69FB689A428BD3A4
:109D7000BB681800FEF764F8C046BD4607B0F0BDEA
:109D80003C960120C4AD0208B4AD020880B588B08D
:109D900000AF78607B6800221A703F4B1B68BB6184
:109DA0003D4B1A681300DB009B189B001800FDF761
:109DB000A7FF03007B617B69002B68D00C23FA1896
:109DC000B9697B691800FFF795F90300BB61FB686F
:109DD00064211800E6F7BEF90300FB60FB68002B66
:109DE00051D00023FB614AE0FA691300DB009B18A5
:109DF0009B001A007B699B189B69FA681100180088
:109E0000E6F7A8F903003B61FA691300DB009B1831
:109E10009B001A007B699B185A687B681100180028
:109E2000FFF7E4FE03007B603B69002B0ED0FA696C
:109E30001300DB009B189B001A007B699B189A6932
:109E40003B691649786809F0C3F80DE0FA69130018
:109E5000DB009B189B001A007B699B189A691049CC
:109E60007B68180009F0B4F87B681800E6F756F92B
:109E700002007B689B187B60FB690133FB61FA6918
:109E8000BB699A42B0D37B691800FDF7D9FFC04681
:109E9000BD4608B080BDC0463C960120D8AD020842
:109EA000E4AD020880B500AF064B1B68002B04D060
:109EB000044B1B681A6D01321A65024B1B681800AF
:109EC000BD4680BD3C95012080B584B000AF786070
:109ED0003960FDF785FE1C4B1B689B6D002B0ED176
:109EE000194B1B685C22012199543B68002B06D05A
:109EF0003B680121180000F04BF9FDF761FEFDF70A
:109F000081FEFDF76DFE104B1B689B6DFB60FB68CF
:109F1000002B0CD07B68002B04D00B4B1B6800225D
:109F20009A6504E0084B1B68FA68013A9A65064B8B
:109F30001B685C2200219954FDF764FEFB68180041
:109F4000BD4604B080BDC0463C95012080B588B0B8
:109F500000AFF860B9603B60FB1D1A700123FB6124
:109F6000FB68BB61FDF73CFE3B68002B03D0BB697F
:109F70009A6D3B681A601723FB18BA695C21525C22
:109F80001A70BB695C2202219954FB1D1B78042BBB
:109F900021D89A002A4BD3181B689F46BB699A6D3B
:109FA000BB681A43BB699A6518E0BB699B6D5A1C74
:109FB000BB699A6512E0BB69BA689A650EE017231F
:109FC000FB181B78022B03D0BB69BA689A6505E0C1
:109FD0000023FB6102E0C04600E0C0461723FB18E7
:109FE0001B78012B25D1BB6904331800FDF73EFD1A
:109FF000BB69DA6A134B1B689A4203D9BB69DA6AF8
:10A00000104B1A60BB69DA6A13009B009B189B0017
:10A010000D4A9A18BB69043319001000FDF7CEFCF5
:10A02000BB69DA6A094B1B68DB6A9A4201D9FDF702
:10A03000C7FDFDF7E7FDFB691800BD4608B080BD10
:10A04000F0AD020844960120409501203C95012086
:10A0500080B588B000AFF860B9603B60FB1D1A7036
:10A060000123FB61FB68BB61FDF7DEFD03007B6143
:10A070003B68002B03D0BB699A6D3B681A601323C1
:10A08000FB18BA695C21525C1A70BB695C22022120
:10A090009954FB1D1B78042B21D89A00354BD318FB
:10A0A0001B689F46BB699A6DBB681A43BB699A657A
:10A0B00018E0BB699B6D5A1CBB699A6512E0BB69CD
:10A0C000BA689A650EE01323FB181B78022B03D0A5
:10A0D000BB69BA689A6505E00023FB6102E0C046EF
:10A0E00000E0C0461323FB181B78012B39D1224B0B
:10A0F0001B68002B1DD1BB6904331800FDF7B6FCAB
:10A10000BB69DA6A1D4B1B689A4203D9BB69DA6ADC
:10A110001A4B1A60BB69DA6A13009B009B189B00FC
:10A12000174A9A18BB69043319001000FDF746FC62
:10A1300007E0BB6918331A00124B11001800FDF735
:10A140003DFCBB69DA6A104B1B68DB6A9A4208D98E
:10A15000BB6A002B02D0BB6A01221A600B4B0122A2
:10A160001A607B691800FDF765FDFB691800BD46A4
:10A1700008B080BD04AE0208649601204496012018
:10A1800040950120FC9501203C950120509601202E
:10A1900080B584B000AF78603960214B1B68FB60EC
:10A1A000204B1B6804331800FDF760FC7B6801330B
:10A1B0000BD13B68002B08D01A4B1B681A1D1A4B99
:10A1C00011001800FDF7FAFB26E0FA687B68D31847
:10A1D000BB60144B1B68BA685A60BA68FB689A4245
:10A1E00009D2124B1A680F4B1B6804331900100078
:10A1F000FDF706FC10E00E4B1A680A4B1B6804338F
:10A2000019001000FDF7FCFB0A4B1B68BA689A4264
:10A2100002D2084BBA681A60C046BD4604B080BD81
:10A22000409601203C95012028960120F8950120B8
:10A23000F49501205C96012080B584B002AF002324
:10A240007B6000F0E3FA0A4B1B68002B0BD0094A35
:10A2500009490A480A4B0193032300930023FEF7A0
:10A2600000FC03007B607B681800BD4602B080BD27
:10A27000A0960120C409000018AE020831A401080C
:10A28000A496012090B589B002AFF860B9607A60F9
:10A290003B602C20FDF734FD03007B617B69002BC4
:10A2A0000ED07B692822002199543C687A68B968ED
:10A2B000F8687B690193BB6A0093230000F005F8FE
:10A2C0007B691800BD4607B090BD80B584B000AF73
:10A2D000F860B9607A603B60FB69002B1ED000F02B
:10A2E00095FAFB69FA681A60FB69BA689A61FB69BA
:10A2F0003A68DA61FB69BA691A62FB6904331800CB
:10A30000FDF751FB7B68002B08D0FB6928229B5C82
:10A3100004221343D9B2FB6928229954C046BD4692
:10A3200004B080BD90B58BB000AFF860B9607A60C2
:10A330003B6000237B621D4B1B68002B30D0142434
:10A340003B19BA681A603B197A685A603B19FA6877
:10A350009A60BB68052B19DCFFF718FB0300022B82
:10A3600009D1124B1868BA6B39190023FDF717FF92
:10A3700003007B6214E00D4B18681423F9180023C6
:10A380000022FDF70CFF03007B6209E0074B186811
:10A390003A681423F9180023FDF796FF03007B6247
:10A3A0007B6A1800BD460BB090BDC046A096012048
:10A3B00080B586B002AF786039601C4B1B68DB68E3
:10A3C000DB68FB60FB6804331800FDF74FFBFB689C
:10A3D00028229B5C1A000423134015D0FB689A695D
:10A3E0007B68D1187B683A68F86800F0BFF8031EF4
:10A3F00013D07A68F8680023009300230021FFF748
:10A4000091FF0300BB6008E0FB6828229B5C0122EF
:10A410009343D9B2FB6828229954FB681B6AFA68F7
:10A4200010009847C046BD4604B080BD98960120F4
:10A4300080B584B000AF78600823FB18180000F0E6
:10A4400053F80300FB60BA68FB681100180000F0C5
:10A4500003F800F0CDF8EFE780B584B000AF786086
:10A460003960FEF797FD0823FB18180000F05EF82E
:10A470000300FB60BB68002B2BD13B68002B0CD189
:10A480007A68FB689A4208D8FEF790FDFA687B6804
:10A4900011001800FFF78CFF1DE03B68002B08D06F
:10A4A0000F4B1B681B68002B01D1012300E0002328
:10A4B0003B600C4B18687A68FB68D31A3A6819003D
:10A4C000FEF79CFAFEF772FD031E04D1FDF778FB40
:10A4D00001E0FEF76BFDC046BD4604B080BDC0463E
:10A4E0009C960120A096012080B584B000AF7860D2
:10A4F0000D4B1B681B68002B01D1012200E00022DC
:10A500007B681A607B681B68002B05D1064B1B68B3
:10A51000DB681B68FB6001E00023FB60FB68180040
:10A52000BD4604B080BDC0469896012080B584B079
:10A5300000AF7860FEF7C0FD0300FB600A4B1B68AC
:10A54000FA689A4205D200F009F97B6801221A6084
:10A5500002E07B6800221A60034BFA681A60FB680D
:10A560001800BD4604B080BDA896012080B586B015
:10A5700000AFF860B9607A603B6000237B61FB68E4
:10A58000BA685A60FB68FA681A61BA687B689A42CE
:10A5900012D87A683B68D21AFB689B699A4202D348
:10A5A00001237B611BE0104B1A68FB680433190020
:10A5B0001000FDF725FA12E07A683B689A4206D24D
:10A5C000BA683B689A4202D301237B6107E0074BDC
:10A5D0001A68FB68043319001000FDF711FA7B6953
:10A5E0001800BD4606B080BD9C96012098960120BB
:10A5F00090B58DB002AF9CE00822BB181B68002B01
:10A600000ADABB1804337B627B6A1A687B6A586873
:10A610007B6A9B68190090470822BB181B68002BB7
:10A6200000DA86E0BB189B683B623B6A5B69002BE3
:10A6300004D03B6A04331800FDF718FA3B1D1800DC
:10A64000FFF774FF0300FB610823FB181B68092B4D
:10A650006ED89A003F4BD3181B689F463B6A28224E
:10A660009B5C01221343D9B23B6A282299540824E7
:10A670003B195A683B6A9B69D1183B195B68FA69B8
:10A68000386AFFF773FF031E53D03B6A1B6A3A6AAE
:10A69000100098473B6A28229B5C1A000423134051
:10A6A00047D03B195A683B6A9B69D218386A002325
:10A6B000009300230021FFF735FE0300BB6138E063
:10A6C0003B6A28229B5C01229343D9B23B6A282231
:10A6D00099542EE03B6A28229B5C01221343D9B295
:10A6E0003B6A282299540823FB185A683B6A9A61EE
:10A6F0003B6A9A69FB69D118FB69FA69386AFFF706
:10A7000035FF16E03B6A28229B5C1A0002231340A7
:10A7100004D13B6A1800FDF793FB0AE03B6A28224C
:10A720009B5C01229343D9B23B6A2822995400E0F2
:10A73000C046094B1B680822B91800221800FDF713
:10A7400061FE031E00D057E7C046C046BD460BB0B1
:10A7500090BDC04620AE0208A096012080B588B00A
:10A7600002AF3CE0274B1B68DB681B683B61254B55
:10A770001B68DB68DB68FB60FB6804331800FDF7CF
:10A7800075F9FB681B6AFA6810009847FB68282275
:10A790009B5C1A000423134021D0FB689B693A6933
:10A7A000D318BB60BA683B699A420ED9FB68BA6895
:10A7B0005A60FB68FA681A61124B1A68FB68043326
:10A7C00019001000FDF71CF909E03A69F868002348
:10A7D000009300230021FFF7A5FD03007B60094BD8
:10A7E0001B681B68002BBDD1064B1B687B61064BA9
:10A7F0001A68044B1A60044B7A691A60C046BD4659
:10A8000006B080BD989601209C96012080B500AFCF
:10A81000FDF7E6F9144B1B68002B20D1134B1800F1
:10A82000FDF7A3F8124B1800FDF79FF8114B0F4AE4
:10A830001A60114B0E4A1A60002210210420FDF705
:10A8400046FC0200084B1A60074B1B68002B06D021
:10A85000054B1B68094A11001800FEF7A7F8FDF721
:10A86000D1F9C046BD4680BDA0960120709601205A
:10A8700084960120989601209C96012048AE0208FB
:10A8800080B584B000AF78607B68FB60FDF7A8F905
:10A89000FB68DB69BB60FDF7B5F9BB681800BD4616
:10A8A00004B080BD80B582B000AFFB1D00221A70DD
:10A8B0000B4B1A680A4B802149000A431A60032097
:10A8C00000F010F8031E03D0FB1D01221A7001E0F6
:10A8D00002F036FBFB1D1B781800BD4602B080BDA0
:10A8E0000020024090B585B000AF78600F23FB18C0
:10A8F00000221A701D4B1B78002B2BD01C4B1C68A0
:10A900001A4B1B781900FA239800E5F723FC030083
:10A9100019002000E5F71EFC0300180001F0C1F843
:10A92000031E12D17B68032B0AD8796801235B428E
:10A930000022180001F080F80E4B7A681A600DE0D2
:10A940000F23FB1801221A7008E00F23FB180122C5
:10A950001A7003E00F23FB1801221A700F23FB1853
:10A960001B781800BD4605B090BDC046B40200205B
:10A9700080020020B002002080B500AF054B1B789C
:10A980001A00054B1B68D218034B1A60C046BD461F
:10A9900080BDC046B4020020AC96012080B500AF57
:10A9A000024B1B681800BD4680BDC046AC96012016
:10A9B00080B584B000AF7860FFF7F0FF0300BB60A4
:10A9C0007B68FB60FB68013305D00A4B1B781A00DB
:10A9D000FB689B18FB60C046FFF7E0FF0200BB6806
:10A9E000D31AFA689A42F7D8C046C046BD4604B0AA
:10A9F00080BDC046B402002080B500AF034B1B6889
:10AA00001B0C1B041B0C1800BD4680BD00580140E8
:10AA100080B500AF034B1B681B051B0D1800BD461E
:10AA200080BDC0460058014080B582B000AF78605C
:10AA300039607B681B68054A1A403B681A437B688B
:10AA40001A60C046BD4602B080BDC046FFFF3FFE53
:10AA500080B582B000AF78607B681A68E0235B0441
:10AA600013401800BD4602B080BD80B584B000AF71
:10AA7000F860B9607A60FB685B69BA6804210A40D3
:10AA8000072191400A00D2431A40BB6804210B40C1
:10AA9000796899400B001A43FB685A61C046BD466D
:10AAA00004B080BD80B582B000AF786039607B684B
:10AAB0005B693A6804210A40072191400A001A4064
:10AAC0003B6804210B40DA4013001800BD4602B079
:10AAD00080BD80B582B000AF78607B68DA68C02343
:10AAE0001B01134001D1012300E000231800BD46E3
:10AAF00002B080BD80B584B000AFF860B9607A6004
:10AB0000FB689B6ABA681F210A400F2191400A0026
:10AB1000D2431A407B689B0E0F211940BB681F204F
:10AB2000034099400B001A43FB689A62C046BD4639
:10AB300004B080BD80B582B000AF786039607B68BA
:10AB40009A6A3B685B035B0B1A437B689A62C04658
:10AB5000BD4602B080BD80B582B000AF786039607C
:10AB60007B689B6A3A685203520BD2431A407B6857
:10AB70009A62C046BD4602B080BD000080B584B078
:10AB800000AFF860B9607A60FB685B69BA6812026E
:10AB9000D2431A40BB681B0279680B4004490B4042
:10ABA0001A43FB685A61C046BD4604B080BDC0462A
:10ABB00000FFFF0780B582B000AF78607B689B68BC
:10ABC000054A1340802252051A437B689A60C046AA
:10ABD000BD4602B080BDC046E8FFFF6F80B582B0C1
:10ABE00000AF78607B689A6880235B051A408023F9
:10ABF0005B059A4201D1012300E000231800BD4605
:10AC000002B080BD80B582B000AF78607B689B6881
:10AC1000044A134001221A437B689A60C046BD462D
:10AC200002B080BDE8FFFF7F80B582B000AF7860E2
:10AC30007B689B68044A134002221A437B689A602F
:10AC4000C046BD4602B080BDE8FFFF7F80B582B040
:10AC500000AF78607B689B6801221340012B01D113
:10AC6000012300E000231800BD4602B080BD80B57E
:10AC700082B000AF78607B689B6802221340022B91
:10AC800001D1012300E000231800BD4602B080BDC1
:10AC900080B582B000AF78607B689B68044A13403F
:10ACA00004221A437B689A60C046BD4602B080BD4C
:10ACB000E8FFFF7F80B582B000AF78607B689B685B
:10ACC000044A134010221A437B689A60C046BD466E
:10ACD00002B080BDE8FFFF7F80B582B000AF786032
:10ACE0007B689B6804221340042B01D1012300E000
:10ACF00000231800BD4602B080BD000080B588B0BA
:10AD000000AF78601F23FB1800221A700023BB617C
:10AD100000237B610023FB607B68002B01D10123B2
:10AD20007FE17B689B6D002B0AD17B681800FAF7E6
:10AD3000DFFB7B680022DA657B685422002199548E
:10AD40007B681B681800FFF749FF031E15D17B685D
:10AD50001B681800FFF72EFFB44B1B68B44918009E
:10AD6000E5F7F8F9030001335B00FB6002E0FB68E4
:10AD7000013BFB60FB68002BF9D17B681B68180066
:10AD8000FFF72CFF031E0FD17B689B6D10221A4327
:10AD90007B689A657B68DB6D01221A437B68DA6504
:10ADA0001F23FB1801221A707B681B681800FFF72D
:10ADB00093FF03003B617B689B6D1022134000D022
:10ADC00022E13B69002B00D01EE17B689B6D994A14
:10ADD000134002221A437B689A657B681B6818003F
:10ADE000FFF734FF031E00D0ADE07B689A687B68F4
:10ADF0001B7E9B031A437B685B7EDB031A437B68E5
:10AE00009B7E5B031A437B681B6B002B02D0802365
:10AE10005B0100E000231A437B68DB681A437B6810
:10AE20001B69002B04DA7B681B695B005B0801E08F
:10AE300080239B031A437B682C215B5C5B001343DC
:10AE4000BA691343BB617B6820229B5C012B15D13F
:10AE50007B689B7E002B05D1BB6980225202134385
:10AE6000BB610BE07B689B6D20221A437B689A656F
:10AE70007B68DB6D01221A437B68DA657B685B6A5D
:10AE8000002B0AD07B685A6AE0235B001A407B687B
:10AE90009B6A1343BA691343BB617B681B68DB6819
:10AEA000654A134019007B681B68BA690A43DA6077
:10AEB0007B685B689B0F9A077B68DB6C13437A693E
:10AEC00013437B617B683C229B5C012B11D17B6827
:10AED0005B689B0F9A077B681B6C1A437B685B6CF3
:10AEE0001A437B689B6C1A437B691343012213430B
:10AEF0007B617B681B681B69504A134019007B68A3
:10AF00001B687A690A431A617B685A68C0231B066A
:10AF10009A4218D07B685A688023DB059A4212D087
:10AF20007B685A6880231B069A420CD0444B1B68EE
:10AF3000444A134019007B685A68F0239B031A4067
:10AF40003F4B0A431A607B6818687B685B6B1A008A
:10AF50000021FFF78AFD7B6818687B689B6B3A4984
:10AF60001A00FFF782FD7B681B69002B09D17B6803
:10AF70001B689A6A7B681B68102149420A439A62DF
:10AF800018E07B681A6980239B039A4212D17B6880
:10AF90001B689B6A7B68DB69013B9B001C2213409A
:10AFA000102252429A4011007B681A6E7B681B681F
:10AFB0000A439A627B681B6800211800FFF772FD44
:10AFC00002007B685B6B9A420BD17B680022DA65DA
:10AFD0007B689B6D0322934301221A437B689A6529
:10AFE0001CE07B689B6D1222934310221A437B68FE
:10AFF0009A657B68DB6D01221A437B68DA651F2343
:10B00000FB1801221A7009E07B689B6D10221A431D
:10B010007B689A651F23FB1801221A701F23FB18F7
:10B020001B781800BD4608B080BDC04680020020D5
:10B03000400D0300FDFEFFFF0102FEFF02FCFF1FAB
:10B0400008270140FFFFC3FF04FFFF07B0B584B02E
:10B0500000AF78607B681B681800FFF73DFE031E99
:10B0600035D17B6854229B5C012B01D1022335E052
:10B070007B685422012199540F257C197B681800A4
:10B0800000F028FB030023707B191B78002B19D1DB
:10B090007B689B6D134A1340802252001A437B68E1
:10B0A0009A657B680022DA657B681B681C221A603F
:10B0B0007B685422002199547B681B681800FFF7B5
:10B0C000E7FD08E07B6854220021995403E00F2338
:10B0D000FB1802221A700F23FB181B781800BD46BC
:10B0E00004B0B0BDFEF0FFFFB0B584B000AF786033
:10B0F0007B6854229B5C012B01D1022329E07B68F1
:10B100005422012199540F257C197B68180000F006
:10B110009FFA030023707B191B78002B12D17C1936
:10B120007B68180000F05CFB030023707B191B7820
:10B13000002B07D17B689B6D084A134001221A43FC
:10B140007B689A657B685422002199540F23FB1871
:10B150001B781800BD4604B0B0BDC046FEFEFFFF20
:10B1600080B584B000AF786039607B685B69082B7C
:10B1700002D10823FB600FE07B681B68DB680122BB
:10B18000134007D07B689B6D20221A437B689A6529
:10B19000012372E00423FB60FFF700FC0300BB60A7
:10B1A0001FE03B6801331CD0FFF7F8FB0200BB68CF
:10B1B000D31A3A689A4202D33B68002B11D17B68BC
:10B1C0001B681B68FA6813400BD17B689B6D0422D7
:10B1D0001A437B689A657B685422002199540323A3
:10B1E0004BE07B681B681B68FA681340D9D07B680A
:10B1F0009B6D802292001A437B689A657B681B686E
:10B200001800FFF766FC031E2ED07B689B7E002B88
:10B210002AD17B681B681B6808221340082B23D1A6
:10B220007B681B681800FFF757FD031E10D17B6871
:10B230001B685A687B681B680C218A435A607B68CC
:10B240009B6D104A134001221A437B689A650BE0FC
:10B250007B689B6D20221A437B689A657B68DB6D57
:10B2600001221A437B68DA657B681B7E002B03D1C1
:10B270007B681B680C221A6000231800BD4604B0CE
:10B2800080BDC046FEFEFFFF80B582B000AF786093
:10B290007B681B681B6C1800BD4602B080BD0000B7
:10B2A00080B586B000AF786039601723FB180022A4
:10B2B0001A700023FB607B6854229B5C012B01D138
:10B2C0000223C0E17B685422012199547B681B68EA
:10B2D0001800FFF701FD031E00D0A3E13B685B6887
:10B2E000022B00D143E17B681A6980231B069A4236
:10B2F00004D07B681B69C14A934208D17B681A68F5
:10B300003B681B6819001000FFF714FCC9E07B685C
:10B310001A6E3B685B681F210B400F2199400B00A0
:10B32000DB43134019003B681B685B035B0B05D1D3
:10B330003B681B689B0E1F22134098E03B681B680C
:10B340000122134000D091E03B681B6802221340A9
:10B3500000D089E03B681B680422134000D081E0E4
:10B360003B681B680822134000D079E03B681B68EB
:10B370001022134000D071E03B681B68202213406C
:10B3800000D069E03B681B684022134000D061E0B8
:10B390003B681B688022134000D059E03B681A6864
:10B3A00080235B00134051D13B681A6880239B00C7
:10B3B000134049D13B681A688023DB00134041D118
:10B3C0003B681A6880231B01134039D13B681A6817
:10B3D00080235B01134031D13B681A6880239B01B5
:10B3E000134029D13B681A688023DB01134021D127
:10B3F0003B681A6880231B02134019D13B681A6806
:10B4000080235B02134011D13B681A6880239B02A2
:10B41000134009D13B681A688023DB02134001D036
:10B42000122324E0002322E0112320E010231EE059
:10B430000F231CE00E231AE00D2318E00C2316E066
:10B440000B2314E00A2312E0092310E008230EE086
:10B4500007230CE006230AE0052308E0042306E0A6
:10B46000032304E0022302E0012300E000233A6802
:10B4700052681F20024093400A001A437B681A66F4
:10B480003B685B689B085A1C7B68DB699A4208D85A
:10B490007B6818683B6859683B681B681A00FFF7AF
:10B4A00029FB7B6818683B6819683B689B681A0031
:10B4B000FFF764FB3B681B68002B00DBBCE0504BD4
:10B4C0001800FFF7C5FA03003B613B681B684D4A53
:10B4D000934222D13A6980231B0413401DD13B695A
:10B4E000802212041343464A19001000FFF79CFA09
:10B4F000454B1B6845491800E4F72CFE03005A1C15
:10B5000013005B009B189B00FB6002E0FB68013BA3
:10B51000FB60FB68002BF9D18EE03B681B683C4A5E
:10B5200093420ED13A6980235B04134009D13B69F1
:10B53000802252041343324A19001000FFF774FAB4
:10B540007AE03B681B68334A934200D074E03A6962
:10B550008023DB03134000D06EE03B698022D203DE
:10B560001343274A19001000FFF75EFA64E07B6876
:10B570001A6980231B069A4204D07B681B691F4A04
:10B58000934207D17B681A683B681B68190010005A
:10B59000FFF7E1FA3B681B68002B4DDA184B1800E7
:10B5A000FFF756FA03003B613B681B68154A93425C
:10B5B00008D13B69184A1340114A19001000FFF7DF
:10B5C00033FA39E03B681B68114A934208D13B6962
:10B5D000124A13400A4A19001000FFF725FA2BE01F
:10B5E0003B681B680B4A934226D13B690C4A1340C7
:10B5F000034A19001000FFF717FA1DE0040000804D
:10B6000008270140001000B080020020400D030018
:10B61000004000B8002000B4FFFF7FFFFFFFFFFEE7
:10B62000FFFFBFFF7B689B6D20221A437B689A65F2
:10B630001723FB1801221A707B68542200219954A9
:10B640001723FB181B781800BD4606B080BDC04606
:10B6500080B584B000AF78607B681B681800FFF786
:10B660003BFB031E31D07B681B681800FFF7FFFA15
:10B67000031E04D17B681B681800FFF71BFBFFF754
:10B680008DF90300FB601AE0FFF788F90200FB6800
:10B69000D31A022B13D97B681B689B6804221340C2
:10B6A0000DD07B689B6D10221A437B689A657B687E
:10B6B000DB6D01221A437B68DA65012306E07B68B3
:10B6C0001B689B6804221340DED100231800BD468E
:10B6D00004B080BD80B584B000AF78600023BB604B
:10B6E0007B681B681800FFF7B1FA031E00D069E001
:10B6F0007B681B689B68364A13400DD07B689B6D46
:10B7000010221A437B689A657B68DB6D01221A431D
:10B710007B68DA65012356E07B681B681800FFF739
:10B7200071FA2C4B1800FFF793F9020080231B04D9
:10B7300013400FD0284B1B6828491800E4F70AFD76
:10B7400003000133BB6002E0BB68013BBB60BB6828
:10B75000002BF9D17B685B7E012B33D0FFF71EF9FC
:10B760000300FB6027E07B681B681800FFF76EFA98
:10B77000031E04D17B681B681800FFF743FAFFF72C
:10B780000DF90200FB68D31A022B14D97B681B68E1
:10B790001B6801221340012B0DD07B689B6D10228A
:10B7A0001A437B689A657B68DB6D01221A437B68CC
:10B7B000DA65012307E07B681B681B6801221340E0
:10B7C000012BD0D100231800BD4604B080BDC04677
:10B7D000170000800827014080020020400D030070
:10B7E00080B584B000AF78607B681B681800FFF7F5
:10B7F0003EFA0300FB607B681B681800FFF726FA1F
:10B80000031E46D0FB68002B43D17B681B689B68F6
:10B8100005221340012B0DD17B681B681800FFF730
:10B8200003FA7B681B6803221A60FFF7B7F803006E
:10B83000BB6028E07B689B6D10221A437B689A6589
:10B840007B68DB6D01221A437B68DA65012321E006
:10B85000FFF7A4F80200BB68D31A022B13D97B6848
:10B860001B689B68012213400DD07B689B6D1022E2
:10B870001A437B689A657B68DB6D01221A437B68FB
:10B88000DA65012306E07B681B689B680122134090
:10B89000DED100231800BD4604B080BD80B582B063
:10B8A00000AF0200FB1D1A70FB1D1B787F2B09D80F
:10B8B000FB1D1B781A001F231A40044B01219140E5
:10B8C0000A001A60C046BD4602B080BD00E100E03B
:10B8D00080B582B000AF0200FB1D1A70FB1D1B7803
:10B8E0007F2B10D8FB1D1B781A001F23134008491B
:10B8F00001229A40130080228B50BFF34F8FC04625
:10B90000BFF36F8FC046C046BD4602B080BDC04683
:10B9100000E100E090B583B000AF02003960FB1D8C
:10B920001A70FB1D1B787F2B28D82F4AFB1D1B7814
:10B930005BB29B08C0339B009B58FA1D1278110024
:10B9400003220A40D200FF2191400A00D2431A404C
:10B9500011003B689B01FF221A40FB1D1B78180059
:10B9600003230340DB009A401F48FB1D1B785BB29A
:10B970009B080A43C0339B001A5031E01B4AFB1D51
:10B980001B7819000F230B40083B9B0806339B00D4
:10B99000D31804331B68FA1D1278110003220A40E1
:10B9A000D200FF2191400A00D2431A4011003B68A7
:10B9B0009B01FF221A40FB1D1B7818000323034044
:10B9C000DB009A400948FB1D1B781C000F23234015
:10B9D000083B9B080A4306339B00C31804331A60D4
:10B9E000C046BD4603B090BD00E100E000ED00E0C0
:10B9F00080B582B000AF78607B685A1E80235B04FC
:10BA00009A4201D3012310E00A4B7A68013A5A6046
:10BA100001235B4203211800FFF77CFF054B002246
:10BA20009A60044B07221A6000231800BD4602B03A
:10BA300080BDC04610E000E080B584B000AFB960C2
:10BA40007A600F217B18021C1A70BA687B181B7869
:10BA50005BB211001800FFF75DFFC046BD4604B0A1
:10BA600080BD80B582B000AF0200FB1D1A70FB1DC7
:10BA70001B785BB21800FFF711FFC046BD4602B04D
:10BA800080BD80B582B000AF0200FB1D1A70FB1DA7
:10BA90001B785BB21800FFF71BFFC046BD4602B023
:10BAA00080BD80B582B000AF78607B681800FFF77A
:10BAB0009FFF03001800BD4602B080BD80B582B074
:10BAC00000AF78607B68042B06D1084B1A68074BDF
:10BAD00004210A431A6005E0044B1A68034B042151
:10BAE0008A431A60C046BD4602B080BD10E000E047
:10BAF00080B582B000AF78607B68002B01D1012354
:10BB000056E07B685B7FDBB2002B06D17B680022AE
:10BB10001A777B681800F7F783F87B6802225A7758
:10BB20007B681B79002B0CD17B681B68224A5A6109
:10BB30007B681B689A687B681B6818218A439A6037
:10BB40000BE07B6899687B68DA687B68180000F016
:10BB500093F9031E01D001232AE07B685B79002B57
:10BB600005D17B681B68012252421A6104E07B68A0
:10BB70001B687A6812691A617B681B689B6860227F
:10BB8000934319007B685A697B681B680A439A6073
:10BB90007B681B689B688022934319007B689A69C5
:10BBA0007B681B680A439A607B6801225A770023EE
:10BBB0001800BD4602B080BDB71DC10480B586B077
:10BBC00000AFF860B9607A6000233B61FB68022235
:10BBD0005A77FB681B6A032B05D02DD8012B19D08F
:10BBE000022B20D028E000237B610AE07B699B00C8
:10BBF000BA68D218FB681B6812681A607B69013347
:10BC00007B617A697B689A42F0D3FB681B681B688A
:10BC10003B6112E07A68B968FB68180000F064F8CC
:10BC200003003B6109E07A68B968FB68180000F01E
:10BC3000ECF803003B6100E0C046FB6801225A7744
:10BC40003B691800BD4606B080BD80B586B000AF28
:10BC5000F860B9607A6000233B61FB6802225A7782
:10BC6000FB681B689A68FB681B6801210A439A609D
:10BC7000FB681B6A032B05D02DD8012B19D0022B92
:10BC800020D028E000237B610AE07B699B00BA6832
:10BC9000D218FB681B6812681A607B6901337B61EC
:10BCA0007A697B689A42F0D3FB681B681B683B612A
:10BCB00012E07A68B968FB68180000F015F8030014
:10BCC0003B6109E07A68B968FB68180000F09DF8EC
:10BCD00003003B6100E0C046FB6801225A773B69E4
:10BCE0001800BD4606B080BD80B588B000AFF860D2
:10BCF000B9607A600023FB6123E0FB699B00BA68AE
:10BD0000D3181B781A06FB699B000133B968CB185E
:10BD10001B781B041A43FB699B000233B968CB18DC
:10BD20001B781B021A43FB699B000333B968CB18CD
:10BD30001B781900FB681B680A431A60FB69013312
:10BD4000FB617B689B08FA699A42D6D37B68032221
:10BD5000134053D07B6803221340012B07D1FB69AA
:10BD60009B00BA68D218FB681B6812781A707B684F
:10BD700003221340022B19D1FB699B00BA68D31828
:10BD80001B781B021AB2FB699B000133B968CB1800
:10BD90001B781BB213431AB21A217B181A80FB6856
:10BDA0001B687B617B697A1812881A807B68032282
:10BDB0001340032B22D1FB699B00BA68D3181B7870
:10BDC0001B021AB2FB699B000133B968CB181B78C0
:10BDD0001BB213431AB21A217B181A80FB681B6826
:10BDE0007B617B697A1812881A80FB699B00023399
:10BDF000BA68D218FB681B6812781A70FB681B6857
:10BE00001B681800BD4608B080BD80B586B000AF85
:10BE1000F860B9607A6000237B6113E07B699B0066
:10BE2000BA68D3181B881A047B699B000233B9686F
:10BE3000CB181B881900FB681B680A431A607B69D2
:10BE400001337B617B685B087A699A42E6D37B6841
:10BE50000122134009D0FB681B683B617B699B0092
:10BE6000BA68D3181A883B691A80FB681B681B687C
:10BE70001800BD4606B080BD80B586B000AFF86042
:10BE8000B9607A601723FB1800221A701F233B61E8
:10BE9000C0463B695A1E3A61002B08D03B691F22FD
:10BEA0001340BA68DA40130001221340F1D07B68D6
:10BEB000182B0FD07B68182B24D87B68102B11D03F
:10BEC0007B68102B1ED87B68002B20D07B68082B4A
:10BED00010D017E03B69062B1BD91723FB18012252
:10BEE0001A7016E03B69072B15D91723FB1801229E
:10BEF0001A7010E03B690F2B0FD91723FB18012292
:10BF00001A700AE01723FB1801221A7006E0C046D7
:10BF100004E0C04602E0C04600E0C0461723FB181C
:10BF20001B78002B0ED1FB681B68BA685A61FB684E
:10BF30001B689B68182293431900FB681B687A688A
:10BF40000A439A601723FB181B781800BD4606B0F9
:10BF500080BD000080B582B000AF78607B68002BA8
:10BF600001D1012391E07B681B681A00494B9A427A
:10BF700010D87B681B68484A944663441421180013
:10BF8000E4F7E8F803009A007B685A647B68434A48
:10BF90001A640FE07B681B68414A9446634414218D
:10BFA0001800E4F7D7F803009A007B685A647B68AE
:10BFB0003C4A1A647B682522022199547B681B68DD
:10BFC0001A687B681B6838490A401A607B681B68DE
:10BFD00019687B689A687B68DB681A437B681B6911
:10BFE0001A437B685B691A437B689B691A437B68C9
:10BFF000DB691A437B681B6A1A437B681B680A4328
:10C000001A607B68180000F0E5F97B689A68802365
:10C01000DB019A4202D17B6800225A607B685A6831
:10C020007B689B6C7F210A401A607B68DB6C7A68B6
:10C03000126D5A607B685B68002B11D07B685B686F
:10C04000042B0DD87B68180000F00EFA7B685B6D3E
:10C0500000221A607B689B6D7A68D26D5A6008E096
:10C060007B6800225A657B6800229A657B68002203
:10C07000DA657B680022DA637B6825220121995406
:10C080007B6824220021995400231800BD4602B089
:10C0900080BDC04607040240F8FFFDBF000002401B
:10C0A000F8FBFDBF000402400F80FFFF80B586B0A3
:10C0B00000AFF860B9607A603B601723FB1800227C
:10C0C0001A70FB6824229B5C012B01D102236FE0D4
:10C0D000FB68242201219954FB6825229B5CDBB27A
:10C0E000012B57D1FB68252202219954FB680022BD
:10C0F000DA63FB681B681A68FB681B6801218A43C6
:10C100001A603B687A68B968F86800F027F9FB683C
:10C110001B6B002B08D0FB681B681A68FB681B6848
:10C120000E210A431A600FE0FB681B681A68FB685F
:10C130001B6804218A431A60FB681B681A68FB6845
:10C140001B680A210A431A60FB689B6C1A688023EB
:10C150005B02134008D0FB689B6C1A68FB689B6C01
:10C16000802149000A431A60FB685B6D002B08D0F0
:10C17000FB685B6D1A68FB685B6D802149000A43B0
:10C180001A60FB681B681A68FB681B6801210A4378
:10C190001A600AE0FB688022DA63FB68242200212F
:10C1A00099541723FB1801221A701723FB181B78C8
:10C1B0001800BD4606B080BD80B582B000AF786083
:10C1C0007B68002B01D101234FE07B6825229B5C1B
:10C1D000DBB2022B08D07B680422DA637B6824225E
:10C1E00000219954012340E07B681B681A687B6832
:10C1F0001B680E218A431A607B689B6C1A687B68F7
:10C200009B6C1C490A401A607B681B681A687B6833
:10C210001B6801218A431A607B685B6C1C221A40F0
:10C220007B681B6C012191400A005A607B68DB6CC3
:10C230007A68126D5A607B685B6D002B0CD07B684E
:10C240005B6D1A687B685B6D0A490A401A607B68FF
:10C250009B6D7A68D26D5A607B68252201219954C2
:10C260007B6824220021995400231800BD4602B0A7
:10C2700080BDC046FFFEFFFF80B584B000AF786090
:10C280000F217B1800221A707B6825229B5CDBB291
:10C29000022B06D07B680422DA637B1801221A7015
:10C2A00048E07B681B681A687B681B680E218A431C
:10C2B0001A607B681B681A687B681B6801218A43C7
:10C2C0001A607B689B6C1A687B689B6C1D490A40EE
:10C2D0001A607B685B6C1C221A407B681B6C012116
:10C2E00091400A005A607B68DB6C7A68126D5A6074
:10C2F0007B685B6D002B0CD07B685B6D1A687B687C
:10C300005B6D10490A401A607B689B6D7A68D26D3C
:10C310005A607B682522012199547B6824220021E0
:10C3200099547B689B6B002B04D07B689B6B7A686D
:10C33000100098470F23FB181B781800BD4604B067
:10C3400080BDC046FFFEFFFF80B582B000AF7860C1
:10C350007B68DB6B1800BD4602B080BD80B584B041
:10C3600000AFF860B9607A603B60FB68DB6CFA682C
:10C37000126D5A60FB685B6D002B04D0FB689B6DEF
:10C38000FA68D26D5A60FB685B6C1C221A40FB682D
:10C390001B6C012191400A005A60FB681B683A68D7
:10C3A0005A60FB689B68102B08D1FB681B687A6891
:10C3B0009A60FB681B68BA68DA6007E0FB681B6874
:10C3C000BA689A60FB681B687A68DA60C046BD4646
:10C3D00004B080BD80B584B000AF78607B681B6816
:10C3E0001A001D4B9A4214D87B685B6C9B089B001B
:10C3F0001A4A9A187B689A647B681B681A00FF23A4
:10C400001340083B14211800E3F7A4FE0300FB606F
:10C4100014E07B685B6C9B089B00114A9A187B6850
:10C420009A647B681B681A00FF231340083B1421A1
:10C430001800E3F78FFE03000733FB607B68094AAF
:10C44000DA64FB681F22134001229A407B681A6558
:10C45000C046BD4604B080BD07040240000802404B
:10C460001C0802408008024080B584B000AF7860AC
:10C470007B685B687F221340FB60FB680A4A944636
:10C4800063449B001A007B685A657B68074A9A657B
:10C49000FB68013B0322134001229A407B68DA6566
:10C4A000C046BD4604B080BD3F8200104009024036
:10C4B000B0B586B000AFF860B9603A607B60214BE0
:10C4C0001B78012B01D1022338E01E4B01221A7088
:10C4D0001C4B00225A6017257C19FA239B00180078
:10C4E00000F074F8030023707B191B78002B1FD118
:10C4F000FB68012B06D13A687B68B968080000F038
:10C50000B3F805E03A68BB68110018000BF0ACFC0A
:10C510001723FC18FA239B00180000F057F80300BB
:10C520002370094B5A69FB68D943074B0A405A618B
:10C53000044B00221A701723FB181B781800BD4605
:10C5400006B0B0BDB09601200020024080B582B098
:10C5500000AFFB1D00221A700B4B5B69002B0CDA3D
:10C56000094B0A4A9A60084B094A9A60064B5B6974
:10C57000002B02DAFB1D01221A70FB1D1B7818002C
:10C58000BD4602B080BDC046002002402301674581
:10C59000AB89EFCD80B582B000AFFB1D01221A70D0
:10C5A000094B5A69084B802109060A435A61064B18
:10C5B0005B69002B02DAFB1D00221A70FB1D1B7841
:10C5C0001800BD4602B080BD0020024080B584B096
:10C5D00000AF7860FEF7E2F902007B689B18FB6011
:10C5E000C0239B02BB6007E0FEF7D8F90200FB689E
:10C5F000934201D803232AE0174B1B69BA68134002
:10C60000F2D1154B1B69154A1340BB60124B144AFB
:10C610001A61BB68002B04D0124BBA685A60012320
:10C6200015E0FEF7BBF902007B689B18FB6007E092
:10C63000FEF7B4F90200FB68934201D8032306E039
:10C64000054B1A698023DB021340F1D10023180047
:10C65000BD4604B080BDC04600200240FAC30000C1
:10C66000FBC30800B0960120B0B584B000AFF860FD
:10C670003A607B600B4B5A690A4B01210A435A61AD
:10C68000FB683A681A60BFF36F8FC0467B681C0076
:10C6900000231D00FB68043322001A60C046BD461B
:10C6A00004B0B0BD00200240B0B584B000AF7860E7
:10C6B0003960334B1B78012B01D102235CE0304BF6
:10C6C00001221A702E4B00225A600F257C19FA2382
:10C6D0009B001800FFF77AFF030023702C003B1922
:10C6E0001B78002B42D17B681B68042B0DD17B6823
:10C6F0005B68180000F048F83C19FA239B0018000A
:10C70000FFF764FF0300237030E03B6801225242D0
:10C710001A607B689B68BB601AE07B685B68BA68DC
:10C720001100180000F044F80F257C19FA239B0033
:10C730001800FFF74BFF030023707B191B78002BB9
:10C7400003D03B68BA681A600AE0BB680133BB607B
:10C750007B689A687B68DB68D318BA689A42DCD336
:10C76000084B5A69074B02218A435A61044B002245
:10C770001A700F23FB181B781800BD4604B0B0BD1B
:10C78000B09601200020024080B582B000AF7860F2
:10C79000064B5A697B681A43044B802149020A43BD
:10C7A0005A61C046BD4602B080BDC046002002406E
:10C7B00080B584B000AF786039600023FB60C0466C
:10C7C000594B1A6980239B021340F9D1564B1A69C1
:10C7D000554B01210A431A61534B1A69524B1021E0
:10C7E0000A431A61504B1A694F4B08210A431A61D8
:10C7F0004D4B5A694C4B02210A435A614B4B1A6804
:10C80000C0239B0413400ED0484B1A68C0239B04DE
:10C810001A4080235B049A420FD1454B1A6880234B
:10C820009B03134009D1434B1B689B02424A1340B0
:10C83000802212059446634409E03E4B1B689B022C
:10C840005B083E4A134080221205944663443A68CE
:10C8500093420DD93B68F822120694466344DB0AE2
:10C86000FB60314B5A69304B35490A405A6133E01D
:10C870002E4B1A68C0239B0413400ED02B4B1A6812
:10C88000C0239B041A4080235B049A420FD1284B9B
:10C890001A6880239B03134009D1264B1B689B0217
:10C8A000254A1340802212059446634409E0214B37
:10C8B0001B689B025B08214A1340802212059446A4
:10C8C00063443A68D31ADB0AFB60174B5A69164B6C
:10C8D000802189010A435A61134B5969FB68DB00C7
:10C8E000184A1A40104B0A435A610F4B5A690E4BB3
:10C8F000802149020A435A61C0460B4B1A698023C2
:10C900009B021340F9D1084B5A69074B02218A4315
:10C910005A61054B5A69044B920F92075A61C046FF
:10C92000BD4604B080BDC046002002400075FF1F18
:10C9300020200240E075FF1F00FC0F0000FE0700F2
:10C94000FFDFFFFFF81F000080B586B000AF786002
:10C95000396000237B614DE13B681B6801217A69E6
:10C9600091400A001340FB60FB68002B00D13EE1C0
:10C970003B685B6803221340012B05D03B685B6872
:10C9800003221340022B30D17B689B683B617B699B
:10C990005B0003229A401300DA433B6913403B617A
:10C9A0003B68DA687B695B009A4013003A6913437D
:10C9B0003B617B683A699A607B685B683B610122F6
:10C9C0007B699A401300DA433B6913403B613B6843
:10C9D0005B681B0901221A407B699A4013003A697F
:10C9E00013433B617B683A695A603B685B6803228A
:10C9F0001340032B17D07B68DB683B617B695B00CE
:10CA000003229A401300DA433B6913403B613B68C1
:10CA10009A687B695B009A4013003A6913433B6153
:10CA20007B683A69DA603B685B6803221340022B3B
:10CA300023D17B69DA087B6808329200D3583B61C6
:10CA40007B69072213409B000F229A401300DA43B0
:10CA50003B6913403B613B681A697B6907210B40C6
:10CA60009B009A4013003A6913433B617B69DA08E3
:10CA70007B68083292003969D1507B681B683B6142
:10CA80007B695B0003229A401300DA433B69134041
:10CA90003B613B685B6803221A407B695B009A40FC
:10CAA00013003A6913433B617B683A691A603B683B
:10CAB0005A68C0239B02134000D198E0534A7B6917
:10CAC0009B0818339B009B583B617B6903221340F2
:10CAD000DB000F229A401300DA433B6913403B61AD
:10CAE0007A68A023DB059A4219D07B68484A9342B2
:10CAF00013D07B68474A93420DD07B68464A9342E5
:10CB000007D07B68454A934201D1042308E00523FE
:10CB100006E0032304E0022302E0012300E00023F7
:10CB20007A6903210A40D20093403A6913433B617A
:10CB300036497B699B0818339B003A695A50334B3E
:10CB40001B683B61FB68DA433B6913403B613B6810
:10CB50005A6880235B03134003D03A69FB68134390
:10CB60003B612A4B3A691A60284B5B683B61FB6862
:10CB7000DA433B6913403B613B685A6880239B035F
:10CB8000134003D03A69FB6813433B611F4B3A697A
:10CB90005A601E4A8423D3583B61FB68DA433B69E1
:10CBA00013403B613B685A6880239B02134003D0CB
:10CBB0003A69FB6813433B61144984223B698B50FB
:10CBC000124A8023D3583B61FB68DA433B69134028
:10CBD0003B613B685A6880235B02134003D03A698B
:10CBE000FB6813433B61094980223B698B507B6999
:10CBF00001337B613B681A687B69DA40131E00D001
:10CC0000AAE6C046C046BD4606B080BD0018024038
:10CC10000004005000080050000C005000100050AC
:10CC200080B586B000AF7860396000237B61BAE0E0
:10CC300001227B699A403B6813403B613B69002BB2
:10CC400000D1ADE05D4A7B699B0818339B009B587F
:10CC5000FB607B6903221340DB000F229A40FB68D4
:10CC60001340FB607A68A023DB059A4219D07B68E9
:10CC7000534A934213D07B68524A93420DD07B684B
:10CC8000514A934207D07B68504A934201D1042312
:10CC900008E0052306E0032304E0022302E0012369
:10CCA00000E000237A6903210A40D2009340FA6829
:10CCB0009A4236D1414A8023D3583A69D2433F49F8
:10CCC000134080228B503D4A8423D3583A69D24383
:10CCD0003A49134084228B50384B5A683B69D943F8
:10CCE000364B0A405A60354B1A683B69D943334B7F
:10CCF0000A401A607B6903221340DB000F229A402E
:10CD00001300FB602D4A7B699B0818339B009A58DF
:10CD1000FB68D94329487B699B080A4018339B006C
:10CD20001A507B681A687B695B00032199400B00ED
:10CD30001A437B681A607B69DA087B6808329200C4
:10CD4000D3587A6907210A4092000F2191400A00C6
:10CD5000D1437A69D20819407B6808329200D150D9
:10CD60007B689B687A695200032191400A00D24394
:10CD70001A407B689A607B685B6801217A69914000
:10CD80000A00D2431A407B685A607B68DB687A6984
:10CD90005200032191400A00D2431A407B68DA60B6
:10CDA0007B6901337B613A687B69DA40131E00D0EE
:10CDB0003EE7C046C046BD4606B080BD00180240F2
:10CDC0000004005000080050000C005000100050FB
:10CDD00080B584B000AF78600A00BB1C1A807B6805
:10CDE0001B69BA1C1288134004D00F23FB180122C0
:10CDF0001A7003E00F23FB1800221A700F23FB1890
:10CE00001B781800BD4604B080BD80B582B000AF6D
:10CE1000786008001100BB1C021C1A807B1C0A1CD5
:10CE20001A707B1C1B78002B04D0BB1C1A887B68F3
:10CE30009A6103E0BB1C1A887B689A62C046BD46B3
:10CE400002B080BD80B584B000AF78600A00BB1C22
:10CE50001A807B685B69FB60BB1C1B88FA68134007
:10CE60001A04FB68DB43B91C09880B401A437B6832
:10CE70009A61C046BD4604B080BD000080B584B054
:10CE800000AF78607B68002B01D101233DE07B6817
:10CE90001B68204A1A607B681B681F4A1A607B68FF
:10CEA0001B687A6852685A607B681B687A68926867
:10CEB0009A60FDF773FD0300FB600EE0FDF76EFD69
:10CEC0000200FB68D31A312B07D97B681B68DB682B
:10CED0000722134001D0032317E07B681B68DB683F
:10CEE00007221340EAD17B681B681A697B68DB68FC
:10CEF0009A4205D07B681B687A68D2681A6103E0A1
:10CF00007B681B68054A1A6000231800BD4604B000
:10CF100080BDC046CCCC000055550000AAAA000038
:10CF200080B582B000AF78607B681B68034A1A60E6
:10CF300000231800BD4602B080BDC046AAAA00006A
:10CF400080B500AFC046BD4680BD000080B500AFD3
:10CF5000044B1A68034B802149000A431A60C046FB
:10CF6000BD4680BD0070004080B582B000AF7860E3
:10CF70000C4BDB687A683F210A40D2431A4011000B
:10CF80007B681A0A074B0A43DA60064B99687B688C
:10CF90003F221A40034B0A439A60C046BD4602B086
:10CFA00080BDC0460070004080B582B000AF7860A0
:10CFB000064B9A687B683F210B40D943034B0A40DC
:10CFC0009A60C046BD4602B080BDC04600700040B9
:10CFD00080B582B000AF78600A00FB1C1A707B68D5
:10CFE000002B09D0144B1B68072293431A00124BE5
:10CFF00001210A431A6005E00F4B1A680E4B072106
:10D000008A431A600D4B1A690C4B04210A431A61BA
:10D01000FB1C1B78012B01D130BF02E040BF20BFB9
:10D0200020BF064B1A69054B04218A431A61C0468A
:10D03000BD4602B080BDC0460070004000ED00E07B
:10D0400080B500AF094B1B68072293431A00074BBA
:10D0500003210A431A60064B1A69054B04210A434F
:10D060001A6130BFC046BD4680BDC046007000405A
:10D0700000ED00E080B500AF044B9A68034B8021BF
:10D0800049000A439A60C046BD4680BD007000401A
:10D0900080B584B000AF7860194B1B68194A134003
:10D0A0001900174B7A680A431A607A6880239B003C
:10D0B0009A421FD1144B1A6813005B009B185B0047
:10D0C00012491800E3F746F803000133FB6008E05B
:10D0D000FB68002B03D0FB68013BFB6001E00323EE
:10D0E00009E0074B5A698023DB001A408023DB00EC
:10D0F0009A42EDD000231800BD4604B080BDC04662
:10D1000000700040FFF9FFFF8002002040420F0046
:10D1100080B500AF034B9A68E023DB011340180091
:10D12000BD4680BD0010024080B588B000AF786079
:10D130007B68002B02D1012300F050FB7B681B6849
:10D140000122134000D17CE0C34B9B68382213407E
:10D15000BB61C14BDB68032213407B61BB69102BB1
:10D1600002D17B69032B02D0BB69082B0BD1BA4BD0
:10D170001A6880239B02134062D07B685B68002B97
:10D180005ED101232AE37B685A6880235B029A42BE
:10D1900007D1B14B1A68B04B802149020A431A608B
:10D1A00020E07B685A68A023DB029A420ED1AA4B8A
:10D1B0001A68A94B8021C9020A431A60A64B1A6853
:10D1C000A54B802149020A431A600BE0A24B1A6862
:10D1D000A14BA2490A401A609F4B1A689E4BA04976
:10D1E0000A401A607B685B68002B14D0FDF7D6FB01
:10D1F00003003B6108E0FDF7D1FB02003B69D31A55
:10D20000642B01D90323E9E2934B1A6880239B0224
:10D210001340F0D015E0FDF7C1FB03003B6108E0CF
:10D22000FDF7BCFB02003B69D31A642B01D9032331
:10D23000D4E2894B1A6880239B021340F0D100E0AE
:10D24000C0467B681B680222134000D199E0824BE4
:10D250009B6838221340BB617F4BDB68032213407D
:10D260007B61BB69102B02D17B69022B02D0BB69A9
:10D27000002B35D1784B1A688023DB00134005D092
:10D280007B68DB68002B01D10123A7E2724B5B684E
:10D29000744A134019007B685B691A026E4B0A439B
:10D2A0005A60BB69002B12D16B4B1B686E4A13404E
:10D2B00019007B681A69684B0A431A60664B1B6841
:10D2C000DB0A07221340694ADA40694B1A60694B4E
:10D2D0001B681800FDF706FB031E51D001237DE2F9
:10D2E0007B68DB68002B30D05B4B1B685E4A1340C9
:10D2F00019007B681A69584B0A431A60564B1A6822
:10D30000554B802149000A431A60FDF747FB030093
:10D310003B6108E0FDF742FB02003B69D31A022B98
:10D3200001D903235AE24C4B1A688023DB001340D7
:10D33000F0D0494B5B684B4A134019007B685B692E
:10D340001A02454B0A435A601BE0434B1A68424B92
:10D3500049490A401A60FDF721FB03003B6108E0E0
:10D36000FDF71CFB02003B69D31A022B01D90323F2
:10D3700034E2394B1A688023DB001340F0D100E01F
:10D38000C0467B681B680822134047D0324B9B681D
:10D3900038221340182B0AD12F4B1B6E0222134048
:10D3A0003CD07B689B69002B38D1012316E27B6857
:10D3B0009B69002B19D0284B1A6E274B01210A4379
:10D3C0001A66FDF7EBFA03003B6108E0FDF7E6FAA9
:10D3D00002003B69D31A022B01D90323FEE11E4B45
:10D3E0001B6E02221340F1D018E01B4B1A6E1A4B31
:10D3F00001218A431A66FDF7D1FA03003B6108E078
:10D40000FDF7CCFA02003B69D31A022B01D90323A2
:10D41000E4E1114B1B6E02221340F1D17B681B68C3
:10D420000422134000D1C7E01F23FB1800221A700A
:10D43000094B9B6838221340202B1FD1064BDB6D14
:10D440000222134000D1B7E07B689B68002B00D01C
:10D45000B2E00123C2E1C04600100240FFFFFEFF20
:10D46000FFFFFBFFFF80FFFFFFC7FFFF0024F4006B
:10D4700080020020B0020020FFFEFFFFB54BDA6BF8
:10D4800080235B05134001D1012300E00023002B22
:10D4900011D0B04BDA6BAF4B802149050A43DA63F8
:10D4A000AC4BDA6B80235B051340FB60FB681F23EA
:10D4B000FB1801221A70A84B1A6880235B001340E6
:10D4C0001AD1A54B1A68A44B802149000A431A605F
:10D4D000FDF764FA03003B6108E0FDF75FFA020024
:10D4E0003B69D31A022B01D9032377E19A4B1A68BF
:10D4F00080235B001340F0D07B689B68012B06D132
:10D50000944BDA6D934B01210A43DA651CE07B688A
:10D510009B68052B0CD18F4BDA6D8E4B04210A438F
:10D52000DA658C4BDA6D8B4B01210A43DA650BE02F
:10D53000884BDA6D874B01218A43DA65854BDA6DBA
:10D54000844B04218A43DA657B689B68002B14D0E6
:10D55000FDF724FA03003B6109E0FDF71FFA020022
:10D560003B69D31A7D4A934201D9032336E1794BB3
:10D57000DB6D02221340F0D013E0FDF70FFA030039
:10D580003B6109E0FDF70AFA02003B69D31A734ACE
:10D59000934201D9032321E16E4BDB6D022213403C
:10D5A000F0D11F23FB181B78012B05D1694BDA6BD7
:10D5B000684B6B490A40DA637B681B682022134082
:10D5C00039D07B68DB69002B1BD0624B1A68614B3A
:10D5D0008021C9030A431A60FDF7E0F903003B61AB
:10D5E00008E0FDF7DBF902003B69D31A022B01D9F1
:10D5F0000323F3E0574B1A6880231B041340F0D039
:10D6000019E0544B1A68534B56490A401A60FDF70B
:10D61000C5F903003B6108E0FDF7C0F902003B6972
:10D62000D31A022B01D90323D8E04A4B1A6880236E
:10D630001B041340F0D17B681B6A002B00D1CCE0A7
:10D64000444B9B6838221340102B00D17BE07B6851
:10D650001B6A022B56D13F4B1A683E4B42490A4087
:10D660001A60FDF79BF903003B6108E0FDF796F9AE
:10D6700002003B69D31A022B01D90323AEE0354BDC
:10D680001A6880239B041340F0D1324BDB68374A81
:10D69000134019007B685A6A7B689B6A1A437B684F
:10D6A000DB6A1B021A437B681B6B1A437B685B6B4C
:10D6B0001A437B689B6B1A43264B0A43DA60254B5F
:10D6C0001A68244B802149040A431A60214BDA6806
:10D6D000204B802149050A43DA60FDF75FF903001A
:10D6E0003B6108E0FDF75AF902003B69D31A022BAF
:10D6F00001D9032372E0174B1A6880239B0413405F
:10D70000F0D06AE0134B1A68124B17490A401A60AE
:10D71000FDF744F903003B6108E0FDF73FF9020023
:10D720003B69D31A022B01D9032357E0094B1A682E
:10D7300080239B041340F0D1064BDA68054B0C495B
:10D740000A40DA6049E07B681B6A012B12D1012391
:10D7500044E0C04600100240007000408813000002
:10D76000FFFFFFEFFFFFBFFFFFFFFFFE8C80C11138
:10D77000FCFFFEEE1B4BDB687B617B6903221A40DA
:10D780007B685B6A9A4226D17B6970221A407B686B
:10D790009B6A9A421FD17A69FE23DB011A407B689B
:10D7A000DB6A1B029A4216D17A69F8239B031A405E
:10D7B0007B681B6B9A420ED17A69E0231B051A40E5
:10D7C0007B685B6B9A4206D17B695B0F5A077B686B
:10D7D0009B6B9A4201D0012300E000231800BD4654
:10D7E00008B080BD0010024080B584B000AF786002
:10D7F00039607B68002B01D10123E9E0764B1B687F
:10D80000072213403A689A421ED9734B1B680722BD
:10D8100093431900704B3A680A431A60FDF7BEF84B
:10D820000300FB6009E0FDF7B9F80200FB68D31ABA
:10D830006A4A934201D90323CAE0674B1B68072257
:10D8400013403A689A42EED17B681B68022213406B
:10D8500015D07B681B680422134006D0604B9A6881
:10D860005F4BE021C9010A439A605D4B9B685D4AAA
:10D87000134019007B689A68594B0A439A607B6889
:10D880001B680122134057D07B685B68012B07D1CE
:10D89000534B1A6880239B0213402BD1012397E03E
:10D8A0007B685B68022B07D14D4B1A6880239B0471
:10D8B00013401FD101238BE07B685B68002B07D1ED
:10D8C000474B1A688023DB00134013D101237FE00C
:10D8D0007B685B68032B06D1414B1B6E0222134011
:10D8E00008D1012374E03E4BDB6D0222134001D1CD
:10D8F00001236DE03A4B9B680722934319007B6834
:10D900005A68374B0A439A60FDF748F80300FB60FA
:10D9100009E0FDF743F80200FB68D31A2F4A93424F
:10D9200001D9032354E02E4B9B6838221A407B68B0
:10D930005B68DB009A42ECD1274B1B68072213403F
:10D940003A689A421ED2244B1B680722934319005F
:10D95000214B3A680A431A60FDF720F80300FB6088
:10D9600009E0FDF71BF80200FB68D31A1B4A93423B
:10D9700001D903232CE0184B1B68072213403A6897
:10D980009A42EED17B681B680422134009D0144BE5
:10D990009B68154A134019007B68DA68104B0A43EC
:10D9A0009A6000F029F801000D4B9B681B0A0F22BA
:10D9B0001A400E4B9200D3581F2213400A00DA403F
:10D9C0000B4B1A600B4B1B681800FCF78BFF030016
:10D9D0001800BD4604B080BD00200240881300003E
:10D9E00000100240FFF0FFFFFF8FFFFF00AC0208B6
:10D9F00080020020B002002080B586B000AF3C4B12
:10DA00009B68382213400FD1394B1B68DB0A072271
:10DA1000134001229A4013003B6039683548E2F711
:10DA200099FB03003B615DE0314B9B68382213405A
:10DA3000082B02D1304B3B6154E02D4B9B683822C0
:10DA40001340102B38D12A4BDB6803221340FB60B4
:10DA5000274BDB681B09072213400133BB60FB68BF
:10DA6000032B0DD1B9682448E2F774FB03001900B9
:10DA70001F4BDB681B0A7F2213404B437B610DE089
:10DA8000B9681C48E2F766FB03001900184BDB6815
:10DA90001B0A7F2213404B437B61C046144BDB685B
:10DAA0005B0F0722134001337B6079687869E2F7E6
:10DAB00051FB03003B6115E00D4B9B68382213407E
:10DAC000202B03D180231B023B610BE0084B9B689A
:10DAD00038221340182B03D1FA23DB013B6101E00C
:10DAE00000233B613B691800BD4606B080BDC046BF
:10DAF000001002400024F40000127A0080B500AF4C
:10DB0000024B1B681800BD4680BDC0468002002045
:10DB1000B0B500AFFFF7F2FF0400FFF7F9FA03001A
:10DB20001A0B054B9200D3581F221340DC402300F0
:10DB30001800BD46B0BDC04640AC020880B586B0F6
:10DB400000AF78601323FB1800221A701223FB1811
:10DB500000221A707B681A6880239B02134000D150
:10DB6000ADE011203B1800221A70474BDA6B80237E
:10DB70005B05134010D1444BDA6B434B80214905C0
:10DB80000A43DA63404BDA6B80235B051340BB60CA
:10DB9000BB683B1801221A703C4B1A683B4B802132
:10DBA00049000A431A60FCF7F9FE0300FB600BE032
:10DBB000FCF7F4FE0200FB68D31A022B04D91323EE
:10DBC000FB1803221A7005E0304B1A6880235B00B3
:10DBD0001340EDD01323FB181B78002B5ED12A4B8A
:10DBE000DA6DC0239B0013407B617B69002B19D049
:10DBF0007B681B6C7A699A4214D0234BDB6D244AF4
:10DC000013407B61204BDA6D1F4B802149020A4390
:10DC1000DA651D4BDA6D1C4B1E490A40DA651A4B5A
:10DC20007A69DA657B690122134016D0FCF7B6FEEB
:10DC30000300FB600CE0FCF7B1FE0200FB68D31AA6
:10DC4000154A934204D91323FB1803221A7004E0E7
:10DC50000D4BDB6D02221340EDD01323FB181B7814
:10DC6000002B0AD1084BDB6D094A134019007B6871
:10DC70001A6C054B0A43DA6516E01223FB181322CF
:10DC8000BA1812781A700FE00010024000700040BD
:10DC9000FFFCFFFFFFFFFEFF881300001223FB18AD
:10DCA0001322BA1812781A701123FB181B78012B53
:10DCB00005D1B64BDA6BB54BB5490A40DA637B68E0
:10DCC0001B680122134009D0B04B5B6D03229343C4
:10DCD00019007B685A68AD4B0A435A657B681B681C
:10DCE0000222134009D0A94B5B6D0C22934319000B
:10DCF0007B689A68A54B0A435A657B681B680422B7
:10DD0000134009D0A14B5B6D3022934319007B680F
:10DD1000DA689E4B0A435A657B681B6810221340E1
:10DD200009D09A4B5B6D9B4A134019007B681A69B6
:10DD3000964B0A435A657B681A6880235B0113403F
:10DD400009D0924B5B6D944A134019007B685A6965
:10DD50008E4B0A435A657B681A6880239B001340E8
:10DD600009D08A4B5B6D8D4A134019007B689A6A13
:10DD7000864B0A435A657B681A688023DB00134090
:10DD800009D0824B5B6D864A134019007B68DA6AC2
:10DD90007E4B0A435A657B681B682022134009D0DA
:10DDA0007A4B5B6D7F4A134019007B689A69774B09
:10DDB0000A435A657B681B684022134009D0734BA5
:10DDC0005B6D794A134019007B68DA696F4B0A432F
:10DDD0005A657B681A688023DB01134015D06B4BB2
:10DDE0005B6D9B0099087B681A6B684B0A435A6508
:10DDF0007B681A6B8023DB059A4206D1634BDA6895
:10DE0000624B802149020A43DA607B681A688023EA
:10DE10001B03134009D05D4B5B6D402293431900F7
:10DE20007B685A6B594B0A435A657B681A68802392
:10DE30009B03134016D0554B5B6D5C4A1340190091
:10DE40007B689A6B514B0A435A657B689A6B8023B7
:10DE5000DB039A4206D14D4BDA684C4B80214904D2
:10DE60000A43DA607B681A688023DB03134016D00C
:10DE7000464B5B6D4E4A134019007B68DA6B434B8F
:10DE80000A435A657B68DA6B80235B049A4206D1A9
:10DE90003E4BDA683D4B802149040A43DA607B68D7
:10DEA0001A6880231B01134014D0384B9B6D03224A
:10DEB000934319007B681A6A344B0A439A657B685E
:10DEC0001B6A012B06D1314BDA68304B80214902A5
:10DED0000A43DA607B681A6880239B01134014D0E0
:10DEE0002A4B9B6D0C22934319007B685A6A274B7F
:10DEF0000A439A657B685B6A042B06D1234BDA6878
:10DF0000224B802149020A43DA607B681A68802329
:10DF10005B04134016D01D4B9B6D224A1340190021
:10DF20007B685A6C194B0A439A657B685A6C80234C
:10DF30009B019A4206D1154BDA68144B80214904A3
:10DF40000A43DA607B681A6880239B04134016D06A
:10DF50000E4B9B6D104A134019007B689A6C0B4B5B
:10DF60000A439A657B689A6C80235B009A4206D1CB
:10DF7000064BDA68054B802149040A43DA60122314
:10DF8000FB181B781800BD4606B080BD001002408B
:10DF9000FFFFFFEFFFF3FFFFFFFCFFFFFFFFF3FFBC
:10DFA000FFFFCFFFFFCFFFFFFF3FFFFFFFFFBFFFE1
:10DFB000FFFFFFFEB0B584B000AF78600F23FB1801
:10DFC00001221A707B68002B00D18CE07B6829222B
:10DFD0009B5CDBB2002B0BD17B682822002199547B
:10DFE0007B68882212025A607B68180000F084F86F
:10DFF0007B682922022199547B681B68DB68102208
:10E000001340102B62D07B681B68CA225A627B685F
:10E010001B6853225A620F257C197B68180000F098
:10E020007EFA0300237028003B181B78002B2CD1AC
:10E030007B681B689A697B681B682E490A409A6155
:10E040007B681B6899697B689A687B685B691A437F
:10E050007B68DB691A437B681B680A439A617B68AB
:10E060001B687A6812691A617B681B6819697B688A
:10E07000DB681A047B681B680A431A613C187B68DA
:10E08000180000F08FFA030023700F23FB181B7891
:10E09000002B16D17B681B689A697B681B68D200CD
:10E0A000D2089A617B681B6899697B685A6A7B68A9
:10E0B0001B6A1A437B689B691A437B681B680A4387
:10E0C0009A617B681B68FF225A6203E00F23FB18EA
:10E0D00000221A700F23FB181B78002B03D17B68DA
:10E0E0002922012199540F23FB181B781800BD46E3
:10E0F00004B0B0BDBFFF8FFB80B582B000AF7860C9
:10E10000C046BD4602B080BDB0B586B000AFF86075
:10E11000B9607A60FB6828229B5C012B01D1022345
:10E1200092E0FB68282201219954FB6829220221F0
:10E130009954FB681B68CA225A62FB681B68532209
:10E140005A6213257C19FB68180000F0E8F90300F7
:10E1500023707B191B78002B62D17B68002B25D1A3
:10E16000FB681B689B694022134002D1BB680022F8
:10E17000DA70BB681B78180000F058FA03001C0422
:10E18000BB685B78180000F051FA03001B021C43C7
:10E19000BB689B78180000F049FA030022001A437C
:10E1A000BB68DB789B0513437B6117E0FB681B684A
:10E1B0009B694022134002D1BB680022DA70BB6821
:10E1C0001B781A04BB685B781B021343BA68927809
:10E1D0001A43BB68DB789B0513437B61FB681B68B4
:10E1E0007A691B490A401A60FB681B689A69FB68D8
:10E1F0001B6818490A409A61FB681B689969BB68EB
:10E20000DA68BB681B691A43FB681B680A439A619A
:10E210001323FC18FB68180000F0C4F903002370F6
:10E22000FB681B68FF225A621323FB181B78002B24
:10E2300003D1FB68292201219954FB68282200217F
:10E2400099541323FB181B781800BD4606B0B0BDC7
:10E250007F7F7F00FFFFFBFF80B586B000AFF860D7
:10E26000B9607A60FB681B689A68BB685A60FB6893
:10E270001B681B695B045A0CBB689A60FB681B68CF
:10E280001B68224A13407B617B691B0CDBB23F2277
:10E290001340DAB2BB681A707B691B0ADBB27F22BB
:10E2A0001340DAB2BB685A707B69DBB27F2213403D
:10E2B000DAB2BB689A707B699B0DDBB20122134016
:10E2C000DAB2BB68DA707B68002B1AD1BB681B78A6
:10E2D000180000F0D3F903001A00BB681A70BB687D
:10E2E0005B78180000F0CAF903001A00BB685A7086
:10E2F000BB689B78180000F0C1F903001A00BB68E6
:10E300009A7000231800BD4606B080BD7F7F7F0055
:10E31000B0B586B000AFF860B9607A60FB682822BB
:10E320009B5C012B01D102237EE0FB6828220121A6
:10E330009954FB682922022199547B68002B0ED145
:10E34000BB685B781A001023134008D0BB685B7869
:10E3500010229343DBB20A33DAB2BB685A707B688F
:10E36000002B1CD1BB68DB78180000F05FF90300BC
:10E370001C04BB685B78180000F058F903001B020E
:10E380001C43BB689B78180000F050F90300220082
:10E390001A43BB681B785B0313437B610EE0BB68C9
:10E3A000DB781A04BB685B781B021343BA68927867
:10E3B0001A43BB681B785B0313437B61FB681B68D4
:10E3C000CA225A62FB681B6853225A6213257C19C1
:10E3D000FB68180000F0A3F80300237028003B1826
:10E3E0001B78002B0CD1FB681B687A6910490A4026
:10E3F0005A603C18FB68180000F0D4F80300237042
:10E40000FB681B68FF225A621323FB181B78002B42
:10E4100003D1FB68292201219954FB68282200219D
:10E4200099541323FB181B781800BD4606B0B0BDE5
:10E430003FFFFF0080B586B000AFF860B9607A603A
:10E44000FB681B685B68214A13407B617B691B0C7E
:10E45000DAB2BB68DA707B691B0ADBB21F22134099
:10E46000DAB2BB685A707B69DBB23F221340DAB282
:10E47000BB689A707B695B0BDBB207221340DAB290
:10E48000BB681A707B68002B1AD1BB68DB78180058
:10E4900000F0F4F803001A00BB68DA70BB685B7820
:10E4A000180000F0EBF803001A00BB685A70BB6854
:10E4B0009B78180000F0E2F803001A00BB689A701D
:10E4C00000231800BD4606B080BDC0463FFFFF00D8
:10E4D00080B584B000AF78607B681B68DA687B68C1
:10E4E0001B68A0218A43DA60FCF758FA0300FB603E
:10E4F0000AE0FCF753FA0200FB68D21AFA239B00E9
:10E500009A4201D9032306E07B681B68DB6820225E
:10E510001340EED000231800BD4604B080BD80B586
:10E5200084B000AF78600F23FB1800221A707B685C
:10E530001B68DB68402213402CD17B681B68DA68BB
:10E540007B681B6880210A43DA60FCF727FA030026
:10E55000BB6014E0FCF722FA0200BB68D21A0F205D
:10E560003B18391809781970FA239B009A4206D98A
:10E570003B1803221A707B682922032199547B6877
:10E580001B68DB684022134004D10F23FB181B7863
:10E59000032BDFD10F23FB181B781800BD4604B0F6
:10E5A00080BD000090B585B000AF78600F243B19A6
:10E5B00000221A701C4BDA681B4B80218A43DA60F8
:10E5C000194B9B69202213400DD17B681800FFF77F
:10E5D0007FFF031E21D07B682922032199543B1918
:10E5E00003221A7019E0104B9A690F4B20218A43BD
:10E5F0009A617B681800FFF76BFF031E07D07B68EA
:10E600002922032199540F23FB1803221A70064B69
:10E610009A69054B20210A439A610F23FB181B7846
:10E620001800BD4605B090BD0028004080B584B0FC
:10E6300000AF0200FB1D1A700023FB600B23FB18C8
:10E64000FA1D12781A7008E0FB680133FB600B2298
:10E65000BB18BA1812780A3A1A700B217B181B786B
:10E66000092BF1D8FB68DBB21B01DAB27B181B78EF
:10E670001343DBB21800BD4604B080BD80B584B042
:10E6800000AF0200FB1D1A70FB1D1B781B09DBB2DB
:10E690001A0013009B009B185B00FB60FB68DAB25A
:10E6A000FB1D1B780F210B40DBB2D318DBB2180027
:10E6B000BD4604B080BD80B586B000AFF860B960DB
:10E6C0007A60FB681B681A00FB685B68D3187B6183
:10E6D0007B690133FF333B61BB689B003A69D31808
:10E6E0003B613B697A681A60C046BD4606B080BD92
:10E6F00080B584B000AF786039607B681B681A0011
:10E700007B685B68D318FB60FB680133FF33BB6039
:10E710003B689B00BA68D318BB60BB681B681800D5
:10E72000BD4604B080BD80B582B000AF78607B6824
:10E73000002B01D101234AE07B683D229B5CDBB2C8
:10E74000002B07D17B683C22002199547B6818007C
:10E7500000F041F87B683D22022199547B681A68D9
:10E760007B6804331900100000F098F87B68482299
:10E77000012199547B683E22012199547B683F22F4
:10E78000012199547B684022012199547B684122E0
:10E79000012199547B684222012199547B684322CC
:10E7A000012199547B684422012199547B684522B8
:10E7B000012199547B684622012199547B684722A4
:10E7C000012199547B683D220121995400231800AE
:10E7D000BD4602B080BD80B582B000AF7860C04653
:10E7E000BD4602B080BD000080B584B000AF786047
:10E7F0007B683D229B5CDBB2012B01D001233FE013
:10E800007B683D22022199547B681B681E4A934213
:10E8100014D07B681A688023DB059A420ED07B688F
:10E820001B681A4A934209D07B681B68184A9342B6
:10E8300004D07B681B68174A934216D17B681B681B
:10E840009B68154A1340FB60FB68062B16D0FA68DC
:10E8500080235B029A4211D07B681B681A687B6830
:10E860001B6801210A431A6008E07B681B681A686C
:10E870007B681B6801210A431A6000E0C046002340
:10E880001800BD4604B080BD002C014000040040CB
:10E8900000080040004001400700010080B584B03E
:10E8A00000AF786039607B681B68FB607B68384A22
:10E8B00093420CD07A688023DB059A4207D07B68AC
:10E8C000344A934203D07B68334A934208D1FB68B1
:10E8D00070229343FB603B685B68FA681343FB60FC
:10E8E0007B682B4A93421CD07A688023DB059A42CE
:10E8F00017D07B68274A934213D07B68264A9342FD
:10E900000FD07B68254A93420BD07B68244A934200
:10E9100007D07B68234A934203D07B68224A934204
:10E9200008D1FB68214A1340FB603B68DB68FA684A
:10E930001343FB60FB68802293431A003B685B69CA
:10E940001343FB607B68FA681A603B689A687B68CF
:10E95000DA623B681A687B689A627B680C4A934269
:10E960000BD07B680E4A934207D07B680D4A9342D6
:10E9700003D07B680C4A934203D13B681A697B68D9
:10E980001A637B6801225A61C046BD4604B080BD4F
:10E99000002C01400004004000080040002000401E
:10E9A000004001400044014000480140FFFCFFFFDF
:10E9B00080B582B000AF78607B68002B01D1012365
:10E9C00046E07B6888229B58002B07D17B68842215
:10E9D000002199547B681800F7F780FF7B68882234
:10E9E000242199507B681B681A687B681B68012189
:10E9F0008A431A607B68180000F056FE0300012B62
:10EA000001D1012324E07B689B6A002B03D07B6843
:10EA1000180001F09FF97B681B685A687B681B68C7
:10EA20000D490A405A607B681B689A687B681B68BE
:10EA30002A218A439A607B681B681A687B681B6876
:10EA400001210A431A607B68180001F037FA0300BD
:10EA50001800BD4602B080BDFFB7FFFF80B582B091
:10EA600000AF78607B68002B01D1012332E07B6826
:10EA70008822242199507B681B681A687B681B6870
:10EA800001218A431A607B681B6800221A607B6838
:10EA90001B6800225A607B681B6800229A607B68B2
:10EAA000180000F01BF87B689022002199507B68C9
:10EAB0008822002199507B688C22002199507B6824
:10EAC0000022DA667B6800221A677B6884220021B4
:10EAD000995400231800BD4602B080BD80B582B0B5
:10EAE00000AF7860C046BD4602B080BD80B58AB038
:10EAF00002AFF860B9603B60BB1D1A80FB688822DA
:10EB00009B58202B00D088E0BB68002B03D0BB1D96
:10EB10001B88002B01D1012380E0FB689A688023C9
:10EB20005B019A4209D1FB681B69002B05D1BB68C8
:10EB30000122134001D0012370E0FB6890220021E4
:10EB40009950FB68882221219950FBF727FF030089
:10EB50007B61FB68BA1D542112885A52FB68BA1DAA
:10EB6000562112885A52FB689A6880235B019A42A8
:10EB700008D1FB681B69002B04D10023FB61BB6833
:10EB8000BB6103E0BB68FB610023BB612CE07A69D9
:10EB9000F8683B68009313000022802101F0DCF943
:10EBA000031E01D0032339E0FB69002B0BD1BB69A5
:10EBB0001B881A00FB681B68D205D20D9A62BB69DC
:10EBC0000233BB6107E0FB691A78FB681B689A6235
:10EBD000FB690133FB61FB6856229B5A9BB2013BE8
:10EBE00099B2FB6856229952FB6856229B5A9BB2F7
:10EBF000002BCCD17A69F8683B680093130000229F
:10EC0000402101F0A9F9031E01D0032306E0FB68AF
:10EC1000882220219950002300E002231800BD46DD
:10EC200008B080BD80B58CB000AFF860B960BB1D86
:10EC30001A80FB6888229B58202B00D08DE0BB688F
:10EC4000002B03D0BB1D1B88002B01D1012385E0C5
:10EC5000FB689A6880235B019A4209D1FB681B69B3
:10EC6000002B05D1BB680122134001D0012375E0C0
:10EC7000FB68BA681A65FB68BA1D542112885A529B
:10EC8000FB68BA1D562112885A52FB6800229A6707
:10EC9000FB68902200219950FB688822212199501D
:10ECA000FB685A6E80239B059A422AD1FB689A68BA
:10ECB00080235B019A4207D1FB681B69002B03D1BB
:10ECC000FB68284A9A6702E0FB68274A9A67EFF3D5
:10ECD0001083FB61FB69BB6201233B623B6A83F3E8
:10ECE0001088C046FB681B689A68FB681B68802117
:10ECF00009040A439A60BB6A7B627B6A83F31088CB
:10ED000029E0FB689A6880235B019A4207D1FB687F
:10ED10001B69002B03D1FB68144A9A6702E0FB6869
:10ED2000134A9A67EFF310833B613B69FB6201234F
:10ED30007B617B6983F31088C046FB681B681A6897
:10ED4000FB681B6880210A431A60FB6ABB61BB69D0
:10ED500083F31088C046002300E002231800BD465C
:10ED60000CB080BD4D0A020861090208A308020820
:10ED7000EF07020880B588B000AFF860B960BB1D2E
:10ED80001A80FB688C229B58202B4FD1BB68002B2C
:10ED900003D0BB1D1B88002B01D1012347E0FB687A
:10EDA0009A6880235B019A4209D1FB681B69002B9A
:10EDB00005D1BB680122134001D0012337E0FB6875
:10EDC0000022DA66FB681B681B4A934225D0FB6869
:10EDD0001B681A4A934220D0FB681B685A6880233C
:10EDE0001B04134019D0EFF310833B613B69FB61B7
:10EDF00001237B617B6983F31088C046FB681B6835
:10EE00001A68FB681B688021C9040A431A60FB6901
:10EE1000BB61BB6983F31088C046BB1D1A88B96803
:10EE2000FB68180001F060F9030000E002231800FD
:10EE3000BD4608B080BDC046008000400084004050
:10EE400080B588B000AFF860B960BB1D1A80FB6860
:10EE50008C229B58202B4FD1BB68002B03D0BB1DAD
:10EE60001B88002B01D1012347E0FB689A688023AF
:10EE70005B019A4209D1FB681B69002B05D1BB6875
:10EE80000122134001D0012337E0FB680022DA663B
:10EE9000FB681B681B4A934225D0FB681B681A4A13
:10EEA000934220D0FB681B685A6880231B041340E0
:10EEB00019D0EFF310833B613B69FB6101237B6158
:10EEC0007B6983F31088C046FB681B681A68FB687F
:10EED0001B688021C9040A431A60FB69BB61BB69D6
:10EEE00083F31088C046BB1D1A88B968FB681800F8
:10EEF00001F01EFA030000E002231800BD4608B02E
:10EF000080BDC046008000400084004080B58CB0C9
:10EF100000AF78607B6888229B58FB627B688C22FC
:10EF20009B58BB627B681B689B6880221340802BC8
:10EF300038D1FB6A212B35D1EFF310837B617B69DC
:10EF40007B620123BB61BB6983F31088C0467B6889
:10EF50001B689A687B681B6880218A439A607B6A79
:10EF6000FB61FB6983F31088C0467B68DB6F002B75
:10EF700014D07B68DB6F1800FDF71EF9031E0DD05F
:10EF80007B68DB6F1800FDF7DFF90300202B05D14C
:10EF90007B68902210219950032347E07B6818007A
:10EFA00001F06CFA7B681B689B6840221340402B81
:10EFB0003BD1BB6A222B38D1EFF31083BB60BB6817
:10EFC0003B620123FB60FB6883F31088C0467B68CB
:10EFD0001B689A687B681B6840218A439A603B6A79
:10EFE0003B613B6983F31088C0467B6880229B5855
:10EFF000002B16D07B6880229B581800FDF7DCF8A8
:10F00000031E0ED07B6880229B581800FDF79CF9E8
:10F010000300202B05D17B689022102199500323F7
:10F0200004E07B68180001F069FA00231800BD466F
:10F030000CB080BDB0B5AAB000AF78607B681B682B
:10F04000DB69A422B9180B607B681B681B68A020D1
:10F0500039180B607B681B689B689C2439190B600E
:10F060001100BB181B68A24A13409822BD182B60E0
:10F07000BB181B68002B1AD17B181B682022134079
:10F0800015D03B181B682022134005D13B191A6884
:10F0900080235B0513400AD07B685B6F002B00D197
:10F0A000DCE27B685B6F7A6810009847D6E29823B1
:10F0B000FB181B68002B00D122E19C23FB181B6866
:10F0C0008C4A134006D1A023FB181B688A4A1340C0
:10F0D00000D115E1A423FB181B680122134012D0B4
:10F0E000A023FB181A6880235B0013400BD07B68B9
:10F0F0001B6801221A627B6890229B5801221A43E6
:10F100007B6890215A50A423FB181B6802221340ED
:10F1100011D09C23FB181B68012213400BD07B6885
:10F120001B6802221A627B6890229B5804221A43B1
:10F130007B6890215A50A423FB181B6804221340BB
:10F1400011D09C23FB181B68012213400BD07B6855
:10F150001B6804221A627B6890229B5802221A4381
:10F160007B6890215A50A423FB181B680822134087
:10F1700017D0A023FB181B682022134005D19C2325
:10F18000FB181B685B4A13400BD07B681B68082286
:10F190001A627B6890229B5808221A437B68902150
:10F1A0005A50A423FB181A6880231B01134013D064
:10F1B000A023FB181A688023DB0413400CD07B6863
:10F1C0001B68802212011A627B6890229B582022C1
:10F1D0001A437B6890215A507B6890229B58002BE1
:10F1E00000D13DE2A423FB181B682022134015D058
:10F1F000A023FB181B682022134006D19C23FB1878
:10F200001A6880235B05134008D07B685B6F002B76
:10F2100004D07B685B6F7A68100098477B68902207
:10F220009B5894217A1813607B681B689B68402266
:10F230001340402B04D07B181B68282213404CD06D
:10F240007B68180001F05AF97B681B689B684022B4
:10F250001340402B3CD1EFF310833B663B6E902074
:10F260003A18136001237B667B6E83F31088C046D7
:10F270007B681B689A687B681B6840218A439A6098
:10F280003B181B68BB66BB6E83F31088C0467B6867
:10F2900080229B58002B16D07B6880229B58174AEF
:10F2A0009A637B6880229B581800FCF7E5FF031ED9
:10F2B0001CD07B6880229B589B6B7A6880215258B7
:10F2C0001000984712E07B681800F6F7FFFD0DE08C
:10F2D0007B681800F6F7FAFD08E07B681800F6F77F
:10F2E000F5FD7B68902200219950B9E1C046B7E155
:10F2F0000F0800000100001020010004C1070208EF
:10F300007B68DB6E012B00D03EE1A423FB181B6859
:10F310001022134000D137E1A023FB181B681022F4
:10F32000134000D130E17B681B6810221A627B68B1
:10F330001B689B6840221340402B00D0A4E07B68F0
:10F3400080229B581B685A687E217B181A807B1884
:10F350001B88002B00D185E17B685C229B5A7A18C0
:10F3600012889A4200D37DE17B687A185E21128868
:10F370005A527B6880229B581B681B6820221340CE
:10F3800070D1EFF310833B633B6BBB6701237B635F
:10F390007B6B83F31088C0467B681B681A687B68A8
:10F3A0001B68B4490A401A60BB6FBB63BB6B83F335
:10F3B0001088C046EFF31083FB63FB6B7B67012370
:10F3C0003B643B6C83F31088C0467B681B689A687B
:10F3D0007B681B6801218A439A607B6F7B647B6C2E
:10F3E00083F31088C046EFF31083BB64BB6C3B67AC
:10F3F0000123FB64FB6C83F31088C0467B681B68A9
:10F400009A687B681B6840218A439A603B6F3B6522
:10F410003B6D83F31088C0467B688C222021995075
:10F420007B680022DA66EFF310837B657B6DFB66F9
:10F430000123BB65BB6D83F31088C0467B681B68E6
:10F440001A687B681B6810218A431A60FB6EFB6593
:10F45000FB6D83F31088C0467B6880229B581800A0
:10F46000FCF7AAFE7B6802221A677B685C229A5A24
:10F470007B685E215B5A9BB2D31A9AB27B681100FB
:10F48000180000F005F9EDE07B685C22995A7B6872
:10F490005E229B5A9AB28E203B188A1A1A807B6889
:10F4A0005E229B5A9BB2002B00D1DDE03B181B88EB
:10F4B000002B00D1D8E0EFF31083FB60FB688824B9
:10F4C0003A19136001233B613B6983F31088C046FE
:10F4D0007B681B681A687B681B6867490A401A606A
:10F4E0003B191B687B617B6983F31088C046EFF38F
:10F4F0001083BB61BB6984243A1913600123FB614B
:10F50000FB6983F31088C0467B681B689A687B6838
:10F510001B685A490A409A603B191B683B623B6A68
:10F5200083F31088C0467B688C22202199507B6829
:10F530000022DA667B6800225A67EFF310837B6251
:10F540007B6A80243A1913600123BB62BB6A83F390
:10F550001088C0467B681B681A687B681B6810218E
:10F560008A431A603B191B68FB62FB6A83F31088AD
:10F57000C0467B6802221A673B181A887B68110014
:10F58000180000F085F86FE0A423FB181A688023A8
:10F590005B03134010D09C23FB181A688023DB0305
:10F5A000134009D07B681B68802252031A627B6873
:10F5B0001800F6F7FDFC5AE0A423FB181B68802214
:10F5C000134016D0A023FB181B688022134006D1DD
:10F5D0009C23FB181A6880231B04134009D07B6806
:10F5E0009B6F002B42D07B689B6F7A681000984716
:10F5F0003CE0A423FB181B68402213400AD0A02340
:10F60000FB181B684022134004D07B68180001F0EF
:10F6100097FA2CE0A423FB181A6880231B041340DC
:10F620000BD0A023FB181A688023DB05134004D0FD
:10F630007B68180001F018FF19E0A423FB181A6872
:10F6400080235B04134012D0A023FB181B68002BFF
:10F650000DDA7B68180001F0FFFE08E0C04606E006
:10F66000C04604E0C04602E0C04600E0C046BD46D9
:10F670002AB0B0BDFFFEFFFFDFFEFFFFFEFFFFEF82
:10F6800080B582B000AF7860C046BD4602B080BD94
:10F6900080B582B000AF78600A00BB1C1A80C046FB
:10F6A000BD4602B080BD0000B0B590B000AF78623A
:10F6B0001A2320229B18DB1900221A707B6A9A6891
:10F6C0007B6A1B691A437B6A5B691A437B6ADB6945
:10F6D0001343FB637B6A1B681B68C14A1340190014
:10F6E0007B6A1A68FB6B0B4313607B6A1B685B6861
:10F6F000BC4A134018007B6AD9687B6A1A68030009
:10F700000B4353607B6A9B69FB637B6A1B68B64A49
:10F71000934209D07B6A1B68B44A934204D07B6A47
:10F720001B6AFA6B1343FB637B6A1B689B68B04AD6
:10F73000134019007B6A1A68FB6B0B4393607B6A6A
:10F740001B68DB6A0F22934318007B6A596A7B6A45
:10F750001A6803000B43D3627B6A1B68A54A934275
:10F7600031D1A54B5B6D03221340032B1DD023D851
:10F77000022B0CD020D8002B02D0012B0ED01BE086
:10F780001B2320229B18DB1900221A7054E11B2333
:10F7900020229B18DB1902221A704DE11B23202224
:10F7A0009B18DB1904221A7046E11B2320229B18A8
:10F7B000DB1908221A703FE11B2320229B18DB195A
:10F7C00010221A7038E17B6A1B688C4A934231D14F
:10F7D000894B5B6D0C2213400C2B1DD023D8082BBA
:10F7E0000CD020D8002B02D0042B0ED01BE01B2302
:10F7F00020229B18DB1900221A701DE11B232022F6
:10F800009B18DB1902221A7016E11B2320229B1879
:10F81000DB1904221A700FE11B2320229B18DB192D
:10F8200008221A7008E11B2320229B18DB191022E2
:10F830001A7001E17B6A1B68714A934231D16E4BA9
:10F840005B6D30221340302B1DD023D8202B0CD0E1
:10F8500020D8002B02D0102B0ED01BE01B2320221F
:10F860009B18DB1900221A70E6E01B2320229B184C
:10F87000DB1902221A70DFE01B2320229B18DB1900
:10F8800004221A70D8E01B2320229B18DB190822BF
:10F890001A70D1E01B2320229B18DB1910221A704A
:10F8A000CAE07B6A1B68574A934206D11B23202279
:10F8B0009B18DB1900221A70BEE07B6A1B68524A53
:10F8C000934206D11B2320229B18DB1900221A70B9
:10F8D000B2E07B6A1B684D4A934206D11B2320226B
:10F8E0009B18DB1900221A70A6E07B6A1B683E4A4F
:10F8F00093423ED1404B5A6DC0231B011340C0229E
:10F900001201934227D0C022120193422AD88022AA
:10F910001201934211D080221201934222D8002B6F
:10F9200004D08022D20093420ED01BE01B23202261
:10F930009B18DB1900221A707EE01B2320229B18E3
:10F94000DB1902221A7077E01B2320229B18DB1997
:10F9500004221A7070E01B2320229B18DB19082256
:10F960001A7069E01B2320229B18DB1910221A70E1
:10F9700062E07B6A1B681D4A934257D11E4B5A6D49
:10F98000C0239B001340C0229200934240D0C0226B
:10F990009200934243D880229200934211D0802259
:10F9A000920093423BD8002B04D080225200934215
:10F9B0000ED034E01B2320229B18DB1900221A7082
:10F9C0003AE01B2320229B18DB1902221A7033E035
:10F9D0001B2320229B18DB1904221A702CE0C0463E
:10F9E000F369FFCFFFCFFFFF00800040008400409D
:10F9F000FFF4FF11003801400010024000440040B5
:10FA000000480040004C004000500040003C0140D5
:10FA10001B2320229B18DB1908221A700CE01B23E1
:10FA200020229B18DB1910221A7005E01B232022CC
:10FA30009B18DB1910221A707B6A1B68C14A93421B
:10FA400005D07B6A1B68C04A934200D093E01B2319
:10FA500020229B18DB191B78082B15D018DC042BEF
:10FA60000DD015DC002B02D0022B05D010E0FEF7E4
:10FA70004FF803007B6314E0B44B7B6311E0FDF7A8
:10FA8000BBFF03007B630CE080231B027B6308E069
:10FA900000237B631A2320229B18DB1901221A7092
:10FAA000C0467B6B002B00D135E17B6A5A6AA84BBC
:10FAB0005200D35A1900786BE0F74CFB0300BB628D
:10FAC0007B6A5A6813005B009B18BA6A9A4205D396
:10FAD0007B6A5B681B03BA6A9A4206D91A23202202
:10FAE0009B18DB1901221A7044E07B6BBB61002379
:10FAF000FB617B6A5A6A964B5200D35A3B610023E2
:10FB00007B613A697B69B869F969E0F71BFD02001E
:10FB10000B00110E1D020D4314027B6A5B685B082B
:10FB2000BB600023FB60B868F968001969417B6A13
:10FB30005B683B6000237B603A687B68E0F702FD0E
:10FB400002000B0013003B633A6BC0239B009A42F8
:10FB500009D33A6B80235B039A4204D27B6A1B6809
:10FB60003A6BDA6006E01A2320229B18DB19012287
:10FB70001A70D0E0CFE07B6ADA6980231B029A42D8
:10FB800000D070E01B2320229B18DB191B78082B68
:10FB900015D018DC042B0DD015DC002B02D0022B65
:10FBA00005D010E0FDF7B4FF03007B6314E0674B62
:10FBB0007B6311E0FDF720FF03007B630CE08023F3
:10FBC0001B027B6308E000237B631A2320229B181F
:10FBD000DB1901221A70C0467B6B002B00D19AE022
:10FBE0007B6A5A6A5A4B5200D35A1900786BE0F775
:10FBF000B1FA03005A007B6A5B685B08D2187B6A23
:10FC00005B6819001000E0F7A5FA03003B633B6B4B
:10FC10000F2B21D93A6B80235B029A421CD23B6B9B
:10FC20009AB20E2020240319DB190F218A431A806F
:10FC30003B6B5B089BB20722134099B20319DB1997
:10FC40000219D21912880A431A807B6A1B680219AA
:10FC5000D2191288DA605EE01A2320229B18DB1981
:10FC600001221A7057E01B2320229B18DB191B78F6
:10FC7000082B15D018DC042B0DD015DC002B02D07E
:10FC8000022B05D010E0FDF743FF03007B6314E077
:10FC90002E4B7B6311E0FDF7AFFE03007B630CE0AE
:10FCA00080231B027B6308E000237B631A2320224E
:10FCB0009B18DB1901221A70C0467B6B002B2AD0DF
:10FCC0007B6A5A6A224B5200D35A1900786BE0F7CC
:10FCD00041FA03001A007B6A5B685B08D2187B6AF2
:10FCE0005B6819001000E0F735FA03003B633B6BDB
:10FCF0000F2B0AD93A6B80235B029A4205D23B6BE9
:10FD00009AB27B6A1B68DA6005E01A2320229B18EE
:10FD1000DB1901221A707B6A6A22012199527B6ADF
:10FD20006822012199527B6A00225A677B6A00226D
:10FD30009A671A2320229B18DB191B781800BD46EE
:10FD400010B0B0BD00800040008400400024F400EA
:10FD500058AE020880B582B000AF78607B689B6ABD
:10FD6000012213400BD07B681B685B684A4A134032
:10FD700019007B68DA6A7B681B680A435A607B68F3
:10FD80009B6A022213400BD07B681B685B68434A66
:10FD9000134019007B681A6B7B681B680A435A6022
:10FDA0007B689B6A042213400BD07B681B685B68EE
:10FDB0003B4A134019007B685A6B7B681B680A43F7
:10FDC0005A607B689B6A082213400BD07B681B68D3
:10FDD0005B68344A134019007B689A6B7B681B6828
:10FDE0000A435A607B689B6A102213400BD07B68E1
:10FDF0001B689B682C4A134019007B68DA6B7B6890
:10FE00001B680A439A607B689B6A202213400BD0D0
:10FE10007B681B689B68254A134019007B681A6C35
:10FE20007B681B680A439A607B689B6A4022134088
:10FE30001DD07B681B685B681D4A134019007B68F6
:10FE40005A6C7B681B680A435A607B685A6C802333
:10FE50005B039A420BD17B681B685B68154A1340B1
:10FE600019007B689A6C7B681B680A435A607B6840
:10FE70009B6A802213400BD07B681B685B680E4A2C
:10FE8000134019007B68DA6C7B681B680A435A6070
:10FE9000C046BD4602B080BDFFFFFDFFFFFFFEFF75
:10FEA000FFFFFBFFFF7FFFFFFFEFFFFFFFDFFFFF16
:10FEB000FFFFEFFFFFFF9FFFFFFFF7FF80B586B05B
:10FEC00002AF78607B68902200219950FAF766FDB6
:10FED0000300FB607B681B681B6808221340082B2B
:10FEE0000CD1FB688022910378681A4A00920022A4
:10FEF00000F032F8031E01D0032326E07B681B6864
:10FF00001B6804221340042B0CD1FB688022D10310
:10FF10007868104A0092002200F01EF8031E01D0FB
:10FF2000032312E07B688822202199507B688C2271
:10FF3000202199507B680022DA667B6800221A67CC
:10FF40007B6884220021995400231800BD4604B028
:10FF500080BDC046FFFFFF0180B594B000AFF860E0
:10FF6000B9603B60FB1D1A70A7E0BB6D013300D187
:10FF7000A3E0FAF713FD02003B68D31ABA6D9A4268
:10FF800002D3BB6D002B3FD1EFF31083BB62BB6A82
:10FF90007B640123FB62FB6A83F31088C046FB6825
:10FFA0001B681A68FB681B684E490A401A607B6C24
:10FFB0003B633B6B83F31088C046EFF310837B6396
:10FFC0007B6B3B640123BB63BB6B83F31088C04630
:10FFD000FB681B689A68FB681B6801218A439A606A
:10FFE0003B6CFB63FB6B83F31088C046FB68882285
:10FFF00020219950FB688C2220219950FB68842293
:020000040802F0
:1000000000219954032369E0FB681B681B680422E4
:10001000134052D0FB681B68DA6980231B011A4029
:1000200080231B019A4248D1FB681B688022120181
:100030001A62EFF310833B613B69FB6401237B6130
:100040007B6983F31088C046FB681B681A68FB68ED
:100050001B6824490A401A60FB6CBB61BB6983F3CF
:100060001088C046EFF31083FB61FB69BB6401237A
:100070003B623B6A83F31088C046FB681B689A6842
:10008000FB681B6801218A439A60BB6C7B627B6AB8
:1000900083F31088C046FB68882220219950FB68B2
:1000A0008C2220219950FB68902220219950FB68D6
:1000B000842200219954032310E0FB681B68DB694C
:1000C000BA681340BA68D31A5A425341DBB21A00D5
:1000D000FB1D1B789A4200D147E700231800BD465C
:1000E00014B080BD5FFEFFFF80B598B000AFF86030
:1000F000B960BB1D1A80FB68BA689A65FB68BA1DB7
:100100005C2112885A52FB68BA1D5E2112885A522D
:10011000FB6800225A67FB689A6880235B019A4259
:100120000DD1FB681B69002B04D1FB6860227B4961
:1001300099522EE0FB686022FF21995229E0FB686A
:100140009B68002B0DD1FB681B69002B04D1FB6859
:100150006022FF2199521CE0FB6860227F219952A6
:1001600017E0FB689A6880235B059A420DD1FB6813
:100170001B69002B04D1FB6860227F21995208E0A3
:10018000FB6860223F21995203E0FB686022002156
:100190009952FB68902200219950FB688C22222101
:1001A0009950EFF310833B643B6CFB6501237B6448
:1001B0007B6C83F31088C046FB681B689A68FB68F9
:1001C0001B6801210A439A60FB6DBB64BB6C83F31F
:1001D0001088C046FB685A6E80239B059A4250D116
:1001E000FB6868229B5ABA1D12889A4249D3FB6861
:1001F0009A6880235B019A4207D1FB681B69002B38
:1002000003D1FB68464A5A6702E0FB68454A5A67D1
:10021000FB681B69002B19D0EFF310837B637B6BAA
:10022000BB650123BB63BB6B83F31088C046FB68CF
:100230001B681A68FB681B68802149000A431A6022
:10024000BB6DFB63FB6B83F31088C046EFF3108339
:10025000BB62BB6A7B650123FB62FB6A83F3108888
:10026000C046FB681B689A68FB681B6880214905CB
:100270000A439A607B6D3B633B6B83F31088C046F7
:1002800047E0FB689A6880235B019A4207D1FB68CC
:100290001B69002B03D1FB68234A5A6702E0FB6805
:1002A000224A5A67FB681B69002B19D0EFF31083B1
:1002B000FB61FB69FB6401233B623B6A83F31088AB
:1002C000C046FB681B681A68FB681B6890214900E0
:1002D0000A431A60FB6C7B627B6A83F3108818E028
:1002E000EFF310833B613B693B6501237B617B69D5
:1002F00083F31088C046FB681B681A68FB681B689C
:1003000020210A431A603B6DBB61BB6983F31088EF
:10031000C04600231800BD4618B080BDFF01000094
:100320006D110208810E02080D0D0208990B0208DA
:1003300080B590B000AFF860B960BB1D1A80FB6853
:10034000BA689A65FB68BA1D5C2112885A52FB682C
:10035000902200219950FB688C2222219950FB6841
:1003600080229B58002B2DD0FB6880229B58404A4E
:10037000DA62FB6880229B583E4A1A63FB6880223F
:100380009B583D4A5A63FB6880229B5800229A631F
:10039000FB6880229858FB681B6824331900FB68AF
:1003A0009B6D1A00BB1D1B88FBF780FE031E09D046
:1003B000FB68902210219950FB688C2220219950D3
:1003C000012350E0FB681B69002B19D0EFF3108369
:1003D000BB62BB6AFB630123FB62FB6A83F3108889
:1003E000C046FB681B681A68FB681B6880214900CF
:1003F0000A431A60FB6B3B633B6B83F31088C04678
:10040000EFF310833B613B69BB6301237B617B6935
:1004100083F31088C046FB681B689A68FB681B68FA
:1004200001210A439A60BB6BBB61BB6983F31088EF
:10043000C046EFF31083FB61FB697B6301233B62E2
:100440003B6A83F31088C046FB681B689A68FB68A8
:100450001B6840210A439A607B6B7B627B6A83F353
:100460001088C04600231800BD4610B080BDC046AD
:10047000C9050208F90602083B07020880B58AB0E0
:1004800000AF7860EFF31083BB60BB687B62012331
:10049000FB60FB6883F31088C0467B681B681A68A2
:1004A0007B681B68C0218A431A607B6A3B613B6999
:1004B00083F31088C046EFF310837B617B693B6256
:1004C0000123BB61BB6983F31088C0467B681B684E
:1004D0009A687B681B6808490A409A603B6AFB611E
:1004E000FB6983F31088C0467B68882220219950DD
:1004F000C046BD460AB080BDFFFF7FFF80B58EB00D
:1005000000AF7860EFF310837B617B697B6301232D
:10051000BB61BB6983F31088C0467B681B681A689F
:100520007B681B6826490A401A607B6BFB61FB698C
:1005300083F31088C046EFF310833B623B6A3B6352
:1005400001237B627B6A83F31088C0467B681B684B
:100550009A687B681B681B490A409A603B6BBB62C8
:10056000BB6A83F31088C0467B68DB6E012B18D111
:10057000EFF31083BB60BB68FB620123FB60FB6889
:1005800083F31088C0467B681B681A687B681B6809
:1005900010218A431A60FB6A3B613B6983F3108830
:1005A000C0467B688C22202199507B680022DA6645
:1005B0007B6800225A67C046BD460EB080BDC0466B
:1005C000DFFEFFFFFEFFFFEF80B594B000AF786065
:1005D0007B689B6AFB647B681B681B682022134056
:1005E0006FD1FB6C5E2200219952EFF31083BB6147
:1005F000BB69BB640123FB61FB6983F31088C046C0
:10060000FB6C1B681A68FB6C1B683A490A401A604D
:10061000BB6C3B623B6A83F31088C046EFF31083E8
:100620007B627B6A7B640123BB62BB6A83F31088B5
:10063000C046FB6C1B689A68FB6C1B6801218A43EF
:100640009A607B6CFB62FB6A83F31088C046EFF311
:1006500010833B633B6B3B6401237B637B6B83F3C6
:100660001088C046FB6C1B689A68FB6C1B684021B5
:100670008A439A603B6CBB63BB6B83F31088C046B4
:10068000FB6C8C2220219950FB6CDB6E012B18D166
:10069000EFF31083FB60FB68FB6301233B613B6965
:1006A00083F31088C046FB6C1B681A68FB6C1B68E0
:1006B00010218A431A60FB6B7B617B6983F310888E
:1006C000C046FB6C00221A67FB6CDB6E012B08D165
:1006D000FB6C5C229A5AFB6C11001800FEF7D8FFE5
:1006E00003E0FB6C1800F5F75BFCC046BD4614B098
:1006F00080BDC046FFFEFFFF80B584B000AF7860CC
:100700007B689B6AFB60FB6801221A67FB68DB6EF3
:10071000012B0AD1FB685C229B5A5B089AB2FB68EA
:1007200011001800FEF7B4FF03E0FB681800FEF7A5
:10073000A7FFC046BD4604B080BD80B586B000AFFF
:1007400078607B689B6A7B617B6988229B583B61F0
:100750007B698C229B58FB607B691B689B688022AD
:100760001340802B0AD13B69212B07D17B6956228C
:10077000002199527B691800FFF780FE7B691B6896
:100780009B6840221340402B0AD1FB68222B07D1E3
:100790007B695E22002199527B691800FFF7AEFE4B
:1007A0007B6990229B5810221A437B6990215A50F2
:1007B0007B691800F5F78AFBC046BD4606B080BDD0
:1007C00080B584B000AF78607B689B6AFB60FB6893
:1007D0005E2200219952FB68562200219952FB6843
:1007E0001800F5F773FBC046BD4604B080BD80B568
:1007F0008AB000AF78607B6888229B58212B4CD14F
:100800007B6856229B5A9BB2002B32D1EFF31083A8
:10081000BB60BB687B620123FB60FB6883F31088CD
:10082000C0467B681B681A687B681B6880218A4306
:100830001A607B6A3B613B6983F31088C046EFF323
:1008400010837B617B693B620123BB61BB6983F3DE
:100850001088C0467B681B681A687B681B6840214B
:100860000A431A603B6AFB61FB6983F31088C04648
:1008700013E07B681B6D1A787B681B689A627B6843
:100880001B6D5A1C7B681A657B6856229B5A9BB26B
:10089000013B99B27B6856229952C046BD460AB0C8
:1008A00080BD80B58CB000AF78607B6888229B5893
:1008B000212B51D17B6856229B5A9BB2002B32D1FF
:1008C000EFF31083FB60FB68BB6201233B613B6974
:1008D00083F31088C0467B681B681A687B681B68B6
:1008E00080218A431A60BB6A7B617B6983F310882D
:1008F000C046EFF31083BB61BB697B620123FB61E0
:10090000FB6983F31088C0467B681B681A687B68A4
:100910001B6840210A431A607B6A3B623B6A83F38F
:100920001088C04618E07B681B6DFB62FB6A1B8861
:100930001A007B681B68D205D20D9A627B681B6D1A
:100940009A1C7B681A657B6856229B5A9BB2013BB6
:1009500099B27B6856229952C046BD460CB080BD04
:1009600080B58CB000AF78607B6888229B58212BC3
:1009700065D12E23FB187A686A21525A1A8059E0F1
:100980007B6856229B5A9BB2002B33D1EFF3108326
:10099000FB60FB68BB6201233B613B6983F310880A
:1009A000C0467B681B689A687B681B6826490A40BA
:1009B0009A60BB6A7B617B6983F31088C046EFF362
:1009C0001083BB61BB697B620123FB61FB6983F31D
:1009D0001088C0467B681B681A687B681B684021CA
:1009E0000A431A607B6A3B623B6A83F31088C04605
:1009F000C04624E07B681B68DB698022134013D06B
:100A00007B681B6D1A787B681B689A627B681B6D1C
:100A10005A1C7B681A657B6856229B5A9BB2013B25
:100A200099B27B68562299522E217B181A887B181E
:100A3000013A1A802E23FB181B88002BA0D1C04638
:100A4000BD460CB080BDC046FFFF7FFF80B58CB0B7
:100A500000AF78607B6888229B58212B6AD12E23B7
:100A6000FB187A686A21525A1A805EE07B68562227
:100A70009B5A9BB2002B33D1EFF31083BB60BB6852
:100A80007B620123FB60FB6883F31088C0467B68B0
:100A90001B689A687B681B6828490A409A607B6AD1
:100AA0003B613B6983F31088C046EFF310837B61A1
:100AB0007B693B620123BB61BB6983F31088C0463D
:100AC0007B681B681A687B681B6840210A431A60B0
:100AD0003B6AFB61FB6983F31088C046C04629E08E
:100AE0007B681B68DB698022134018D07B681B6D14
:100AF000BB62BB6A1B881A007B681B68D205D20DDB
:100B00009A627B681B6D9A1C7B681A657B6856220B
:100B10009B5A9BB2013B99B27B68562299522E2177
:100B20007B181A887B18013A1A802E23FB181B8821
:100B3000002B9BD1C046BD460CB080BDFFFF7FFFA0
:100B400080B586B000AF7860EFF31083BB60BB6800
:100B50007B610123FB60FB6883F31088C0467B68E0
:100B60001B681A687B681B6840218A431A607B698E
:100B70003B613B6983F31088C0467B688822202153
:100B800099507B6800229A677B681800F5F77AF91C
:100B9000C046BD4606B080BD80B590B000AF78605D
:100BA0003E203B187A686021525A1A807B688C225A
:100BB0009B58222B00D09AE07B681B685A6A3C2124
:100BC0007B181A807B181B88DAB23B181B88D9B2B5
:100BD0007B689B6D0A40D2B21A707B689B6D5A1C71
:100BE0007B689A657B685E229B5A9BB2013B99B2F7
:100BF0007B685E2299527B685E229B5A9BB2002BD7
:100C000000D07CE0EFF31083BB61BB69BB630123C1
:100C1000FB61FB6983F31088C0467B681B681A6818
:100C20007B681B6838490A401A60BB6B3B623B6AB1
:100C300083F31088C046EFF310837B627B6A7B638B
:100C40000123BB62BB6A83F31088C0467B681B68C4
:100C50009A687B681B6801218A439A607B6BFB6200
:100C6000FB6A83F31088C0467B688C222021995050
:100C70007B6800225A677B6800221A677B68DB6EFC
:100C8000012B2FD17B680022DA66EFF31083FB6023
:100C9000FB683B6301233B613B6983F31088C046DB
:100CA0007B681B681A687B681B6810218A431A607E
:100CB0003B6B7B617B6983F31088C0467B681B6854
:100CC000DB6910221340102B03D17B681B681022B4
:100CD0001A627B685C229A5A7B6811001800FEF742
:100CE000D7FC0CE07B681800F5F75AF907E07B6841
:100CF0001B689A697B681B6808210A439A61C04691
:100D0000BD4610B080BDC046DFFEFFFF80B590B08D
:100D100000AF78603E203B187A686021525A1A80F2
:100D20007B688C229B58222B00D09AE07B681B6842
:100D30005A6A3C217B181A807B689B6DBB637B18C9
:100D40003A181B88128813409AB2BB6B1A807B68D2
:100D50009B6D9A1C7B689A657B685E229B5A9BB24E
:100D6000013B99B27B685E2299527B685E229B5A56
:100D70009BB2002B00D07CE0EFF310837B617B699A
:100D80007B630123BB61BB6983F31088C0467B682A
:100D90001B681A687B681B6838490A401A607B6BBD
:100DA000FB61FB6983F31088C046EFF310833B625D
:100DB0003B6A3B6301237B627B6A83F31088C046F6
:100DC0007B681B689A687B681B6801218A439A606C
:100DD0003B6BBB62BB6A83F31088C0467B688C2286
:100DE000202199507B6800225A677B6800221A678D
:100DF0007B68DB6E012B2FD17B680022DA66EFF374
:100E00001083BB60BB68FB620123FB60FB6883F35C
:100E10001088C0467B681B681A687B681B681021B5
:100E20008A431A60FB6A3B613B6983F31088C046C2
:100E30007B681B68DB6910221340102B03D17B6891
:100E40001B6810221A627B685C229A5A7B68110028
:100E50001800FEF71DFC0CE07B681800F5F7A0F801
:100E600007E07B681B689A697B681B6808210A4356
:100E70009A61C046BD4610B080BDC046DFFEFFFF90
:100E800080B59CB000AF78606A23FB187A68602157
:100E9000525A1A807B681B68DB69FB667B681B689B
:100EA0001B687B667B681B689B683B667B688C2243
:100EB0009B58222B00D044E15E23FB187A686821FE
:100EC000525A1A80EBE07B681B685A6A5C217B18D7
:100ED0001A807B181B88DAB26A23FB181B88D9B2E8
:100EE0007B689B6D0A40D2B21A707B689B6D5A1C5E
:100EF0007B689A657B685E229B5A9BB2013B99B2E4
:100F00007B685E2299527B681B68DB69FB66FB6E1F
:100F10000722134049D0FB6E0122134010D07A6E95
:100F200080235B0013400BD07B681B6801221A6290
:100F30007B6890229B5801221A437B6890215A506B
:100F4000FB6E022213400FD03B6E012213400BD0E8
:100F50007B681B6802221A627B6890229B580422DD
:100F60001A437B6890215A50FB6E042213400FD025
:100F70003B6E012213400BD07B681B6804221A626F
:100F80007B6890229B5802221A437B6890215A501A
:100F90007B6890229B58002B07D07B681800F4F7E1
:100FA00095FF7B689022002199507B685E229B5AB6
:100FB0009BB2002B73D1EFF31083FB62FB6ABB651E
:100FC00001233B633B6B83F31088C0467B681B683F
:100FD0001A687B681B6861490A401A60BB6D7B63B5
:100FE0007B6B83F31088C046EFF31083BB63BB6B4E
:100FF0007B650123FB63FB6B83F31088C0467B6832
:101000001B689A687B681B6855490A409A607B6D2B
:101010003B643B6C83F31088C0467B688C222021A4
:1010200099507B6800225A677B6800221A677B68A8
:10103000DB6E012B2FD17B680022DA66EFF3108381
:101040003B623B6A3B6501237B627B6A83F31088CA
:10105000C0467B681B681A687B681B6810218A433E
:101060001A603B6DBB62BB6A83F31088C0467B6825
:101070001B68DB6910221340102B03D17B681B68AF
:1010800010221A627B685C229A5A7B681100180051
:10109000FEF7FEFA03E07B681800F4F781FF5E2399
:1010A000FB181B88002B04D0FB6E2022134000D0BD
:1010B00009E74E203B187A685E21525A1A800100D7
:1010C0007B181B88002B44D07B6868229B5A7A18B7
:1010D00012889A423DD2EFF31083BB60BB68BB64B9
:1010E0000123FB60FB6883F31088C0467B681B68A4
:1010F0009A687B681B681B490A409A60BB6C3B611D
:101100003B6983F31088C0467B68174A5A67EFF340
:1011100010837B617B697B640123BB61BB6983F3C3
:101120001088C0467B681B681A687B681B68202192
:101130000A431A607B6CFB61FB6983F31088C0462D
:1011400007E07B681B689A697B681B6808210A4373
:101150009A61C046BD461CB080BDC046FFFEFFFF81
:10116000FEFFFFEFFFFFFFEF990B020880B59EB077
:1011700000AF78607223FB187A686021525A1A8097
:101180007B681B68DB697B677B681B681B68FB6689
:101190007B681B689B68BB667B688C229B58222BF4
:1011A00000D044E16623FB187A686821525A1A80FD
:1011B000EBE07B681B685A6A64217B181A807B68A5
:1011C0009B6D3B667B187222BA181B8812881340ED
:1011D0009AB23B6E1A807B689B6D9A1C7B689A65FD
:1011E0007B685E229B5A9BB2013B99B27B685E2270
:1011F00099527B681B68DB697B677B6F0722134012
:1012000049D07B6F0122134010D0FA6E80235B001F
:1012100013400BD07B681B6801221A627B68902206
:101220009B5801221A437B6890215A507B6F0222FF
:1012300013400FD0BB6E012213400BD07B681B689C
:1012400002221A627B6890229B5804221A437B6810
:1012500090215A507B6F042213400FD0BB6E0122A5
:1012600013400BD07B681B6804221A627B689022B3
:101270009B5802221A437B6890215A507B68902227
:101280009B58002B07D07B681800F4F71FFE7B6883
:101290009022002199507B685E229B5A9BB2002BC2
:1012A00073D1EFF310833B633B6BFB6501237B63DF
:1012B0007B6B83F31088C0467B681B681A687B6869
:1012C0001B6861490A401A60FB6DBB63BB6B83F30B
:1012D0001088C046EFF31083FB63FB6BBB650123F3
:1012E0003B643B6C83F31088C0467B681B689A683C
:1012F0007B681B6855490A409A60BB6D7B647B6CB8
:1013000083F31088C0467B688C22202199507B682B
:1013100000225A677B6800221A677B68DB6E012B0C
:101320002FD17B680022DA66EFF310837B627B6A41
:101330007B650123BB62BB6A83F31088C0467B6870
:101340001B681A687B681B6810218A431A607B6DD2
:10135000FB62FB6A83F31088C0467B681B68DB690D
:1013600010221340102B03D17B681B6810221A62D5
:101370007B685C229A5A7B6811001800FEF788F996
:1013800003E07B681800F4F70BFE6623FB181B884C
:10139000002B04D07B6F2022134000D009E752209D
:1013A0003B187A685E21525A1A8001007B181B880C
:1013B000002B44D07B6868229B5A7A1812889A4284
:1013C0003DD2EFF31083FB60FB68FB6401233B61BC
:1013D0003B6983F31088C0467B681B689A687B680A
:1013E0001B681B490A409A60FB6C7B617B6983F335
:1013F0001088C0467B68174A5A67EFF31083BB61B9
:10140000BB69BB640123FB61FB6983F31088C046A1
:101410007B681B681A687B681B6820210A431A6076
:10142000BB6C3B623B6A83F31088C04607E07B6875
:101430001B689A697B681B6808210A439A61C04649
:10144000BD461EB080BDC046FFFEFFFFFEFFFFEFA2
:10145000FFFFFFEF0D0D020880B582B000AF78608E
:10146000C046BD4602B080BD80B582B000AF786096
:10147000C046BD4602B080BD80B588B002AFF860FE
:101480003B1D19605A601723FB1800221A70FB6875
:1014900084229B5C012B01D102234CE0FB68842257
:1014A00001219954FB68882224219950FB681B680C
:1014B0001A68FB681B6801218A431A60FB681B6875
:1014C0009B681F4A134019003B1D1A68FB681B6884
:1014D0000A439A603B1D1B68002B05D13B1DF86831
:1014E00019685A6800F04EF9FB681B681A68FB68B7
:1014F0001B6801210A431A60F9F750FA03003B61A7
:101500003B698022D103F8680E4A00920022FEF760
:1015100023FD031E04D01723FB1803221A7003E0D7
:10152000FB68882220219950FB688422002199546D
:101530001723FB181B781800BD4606B080BDC046B7
:10154000FFFFCFFFFFFFFF0180B586B000AF7860DF
:101550007B6884229B5C012B01D1022321E07B6804
:10156000842201219954EFF31083BB60BB687B6137
:101570000123FB60FB6883F31088C0467B681B680F
:101580001A687B681B6802210A431A607B693B6109
:101590003B6983F31088C0467B68842200219954FC
:1015A00000231800BD4606B080BD80B586B000AFF0
:1015B00078607B6884229B5C012B01D1022321E0AF
:1015C0007B68842201219954EFF31083BB60BB68D0
:1015D0007B610123FB60FB6883F31088C0467B6856
:1015E0001B681A687B681B6802218A431A607B6942
:1015F0003B613B6983F31088C0467B6884220021ED
:10160000995400231800BD4606B080BD80B584B053
:1016100000AF78607B6884229B5C012B01D10223A0
:1016200027E07B688422012199547B688822242149
:1016300099507B681B681B68FB607B681B681A6895
:101640007B681B6801218A431A60FB680B4A1340C0
:10165000FB607B6800225A667B681B68FA681A6028
:101660007B688822202199507B688422002199542C
:1016700000231800BD4604B080BDC046FFFFFFDF59
:1016800080B584B000AF786039607B6884229B5C51
:10169000012B01D102232EE07B6884220121995481
:1016A0007B688822242199507B681B681B68FB603B
:1016B0007B681B681A687B681B6801218A431A6073
:1016C0007B681B689B68DB00D9087B681B683A68ED
:1016D0000A439A607B68180000F078F87B681B6802
:1016E000FA681A607B688822202199507B688422DE
:1016F0000021995400231800BD4604B080BD0000AD
:1017000080B584B000AF786039607B6884229B5CD0
:10171000012B01D102232FE07B68842201219954FF
:101720007B688822242199507B681B681B68FB60BA
:101730007B681B681A687B681B6801218A431A60F2
:101740007B681B689B680E4A134019007B681B6806
:101750003A680A439A607B68180000F037F87B68A3
:101760001B68FA681A607B688822202199507B6880
:1017700084220021995400231800BD4604B080BD86
:10178000FFFFFFF180B584B000AFF8603B1D19602A
:101790005A60FB681B685B68102293431A003B1D6C
:1017A0009B881900FB681B680A435A60FB681B682A
:1017B0005B681B02190A3B1D9B791A06FB681B68B4
:1017C0000A435A60C046BD4604B080BDF0B585B03E
:1017D00000AF78607B685B6E002B08D17B686A2263
:1017E000012199527B6868220121995243E00F261A
:1017F000BB1908221A700E203B1808221A707B6849
:101800001B689B685B0EDAB20D243B1907210A4066
:101810001A707B681B689B685B0FDAB20C257B191A
:1018200007210A401A703B181B787A19127814495C
:101830008A5C5A4310007B191B78124AD35C19004A
:10184000DEF712FD030099B27B686A229952BB1938
:101850001B783A1912780A498A5C5A4310003B19DE
:101860001B78084AD35C1900DEF7FEFC030099B22E
:101870007B6868229952C046BD4605B0F0BDC0469F
:1018800078AE020880AE020880B500AFE2F7B8FD7E
:10189000FEE780B582B000AF7860FEE710B50021AA
:1018A00001F032FA10BD10B50A22002101F0C0FA91
:1018B00010BD10B50A22002101F0BAFA10BD0000D7
:1018C00010B5034B0100186800F00EF810BDC046BB
:1018D0006009002010B5034B0100186801F09AFD63
:1018E00010BDC04660090020F0B50D0087B00B3573
:1018F0000190162D08D90722954306D50C23019A8D
:101900001360002007B0F0BD1025A942F6D8019859
:1019100000F0FEF9FC23BE4E5B009D4219D22A0066
:101920000832B218110054680839EB088C4203D110
:10193000D4680233A24222D003226368A168934391
:10194000E268E318CA609160012259680A435A604C
:101950002AE03F236A0A03D0042A2BD8AB09383384
:1019600003229446D9008919CC688C4206D060467F
:1019700062688243571B0F2F34DD013B013334690A
:10198000A4498C4255D0032062688243501B0F2823
:1019900036DD012367191D430343656077613761B5
:1019A000F960B9607B60A050019800F0B9F920009F
:1019B0000830A7E7142A02D813005B33D0E7542A73
:1019C00002D82B0B6E33CBE7AA235B009A4202D8D6
:1019D000EB0B7733C4E790497E238A42C0D8AB0C27
:1019E0007C33BDE7E068002F08DBA368D860836024
:1019F0000123A21851680B435360D5E70400B4E7F4
:101A0000716131610028F3DA71688C4680218900A8
:101A10008A4200D38CE0D1085009012282406046FE
:101A200002437260CA0092199168E260A1609460FA
:101A3000CC600122764899108A404168914228D3AF
:101A40000A4205D10324A343520004330A42FBD0C7
:101A50006F490491D90041188C460F000293FC682D
:101A6000BC4200D09BE00324029908370131029167
:101A70002142F4D103210B4200D0B7E043689343E5
:101A80004360049B52005968914202D3002A00D05F
:101A9000BBE00322836802935B6893430393AB42EA
:101AA00003D3591B0F2900DD23E1029B039A082071
:101AB0009E185A4B1F6801F023FC594B10371B68C6
:101AC0007F190490013303D07B1E1B1847421F402F
:101AD0003900019801F0C0FB0400431C00D1DEE096
:101AE000864204D94A4B029A9A4200D0D7E04D4A26
:101AF0001368FB181360049A013AA64200D097E0DD
:101B0000164200D094E0424B9A68039BDF190123F0
:101B10003B435360434B444A1B6811688B4200D9D6
:101B20001360424A11688B4200D8B8E01360B6E0F7
:101B3000500A042811D891093831CF00BF19B8686C
:101B4000874225D1012289108A4061460A4372608A
:101B5000E760A060BC60C4606BE7142802D8010095
:101B60005B31EAE7542802D8110B6E31E5E7AA2170
:101B70004900884202D8D10B7731DEE7264F7E211B
:101B8000B842DAD8910C7C31D7E78068874204D01C
:101B900003264168B1439142F7D8C768D8E70326C6
:101BA0006168B1430391E668491B0F2910DD0122EA
:101BB000631915436560A5680A43EE60B56043612B
:101BC000036114485A60D8609860039BE150EBE6CB
:101BD000002909DB039BE11801234A6813434B608A
:101BE000A368DE60B360DFE6340039E708214942CC
:101BF0008C4461468968013B614500D13AE740E782
:101C0000043352000A42FBD024E7029BFAE7C046A5
:101C1000B8020020C002002054050000FC960120FC
:101C2000C0060020CC960120F4960120F8960120F1
:101C300034490868013040D10C6007212600002398
:101C40000E400C4202D008339B1BE418E1190591A9
:101C5000059F04991740CB18DF1B174039000198E6
:101C600001F0FAFA431C07D1371E059804D0300062
:101C70000027059B08381818234A001B1368C01951
:101C8000DB1913600122214B029910439C606060B4
:101C9000994200D13EE7039B0F2B13D862600322C9
:101CA0001A4B9B685B689343591BAB4201D30F29C6
:101CB0001FDC019800F034F823E61349A61BF61840
:101CC0000E60BAE70721039B0C3B8B4302994968DE
:101CD0000A4002991A434A60CA180521516091606E
:101CE0000F2B00D816E702990198083101F092FBFA
:101CF00010E70122130005482B43846863606319D1
:101D0000836023E6C0060020CC960120B8020020A4
:101D100010B5024801F0F2FA10BDC046419801200A
:101D200010B5024801F0EBFA10BDC0464198012001
:101D3000094B10B51C68094A983420686168084B43
:101D4000DEF720FC012200238018594120606160E9
:101D50004800400810BDC046600900202D7F954C0A
:101D60002DF4515810B5034B0A000100186800F01B
:101D700003F810BD60090020F0B587B00C1E01907B
:101D8000059206D11100FFF7AFFD0700380007B03C
:101D9000F0BD0198FFF7BCFF2300083B5F68049388
:101DA000059B0B33162B08D907229343009306D5C6
:101DB0000C23019A00271360E8E710230093009B8F
:101DC000059A9342F4D3049B3A00029303239A4367
:101DD000009B0392934200DC69E1049BB8489B1886
:101DE000826894465A689C4506D001251100A94393
:101DF00059184968294244D103218A4303998E180E
:101E000000999C4517D11031B1423CDC009A012168
:101E10009446B61A2200049B0E4363448360083A3A
:101E20005E60536801980B4061460B435360FFF7B7
:101E300077FF2700AAE7B14225DCDA689B68DA6001
:101E40009360009B029AF41A029B9219586801232E
:101E500018400F2C00D82CE1009D02992843491905
:101E6000029D1C4368604C60506808310343536016
:101E7000019801F0CFFA0198FFF752FF029F08374F
:101E800084E700221300FF0700D5C6E021000320ED
:101E900008390D6804994D1B6968814303980F1830
:101EA000002B00D184E0D6199C4548D1009B10330B
:101EB000B3427DDCAA68EB682F00D3609A60020011
:101EC000043A0837242A35D83B00132A08D9236856
:101ED000AB606368EB601B2A1AD82B000834103300
:101EE00022681A6062685A60A2689A60009B744A0D
:101EF000EB189360009AB61A012216435E606B6875
:101F00001340009A13436B600198FFF709FF3DE708
:101F1000A3682B61E3686B61242A03D02B00103483
:101F20001833DDE72369AB612B0062692033EA6176
:101F30001834D5E72100380001F0B6F8D6E7009A4A
:101F4000B24235DC2800DA689B680830DA609360BA
:101F5000AA68EB68D3609A60039A043A242A23D8CB
:101F6000132A07D92368AB606368EB601B2A09D882
:101F7000083408302368036063684360A3688360A3
:101F800002955EE7A3682B61E3686B61242A03D0A6
:101F9000280010341830EDE7280023692030AB61A9
:101FA00063691834EB61E5E7210001F07DF8E7E7AC
:101FB000009BBB4231DC2800AA68EB680830D36084
:101FC0009A60039A043A242A23D8132A07D923684B
:101FD000AB606368EB601B2A09D8083408302368BB
:101FE000036063684360A36883603E00C8E7A3683A
:101FF0002B61E3686B61242A03D028001034183069
:10200000EDE7280023692030AB6163691834EB6188
:10201000E5E7210001F048F8E7E705990198FFF7A7
:1020200063FC071E00D16FE723000122083B5B68B9
:102030009343049AD3180200083A934205D15E688C
:1020400003239E43039BF618FBE6039A043A242AD3
:1020500029D803002100132A08D923680360636884
:1020600043601B2A0DD80300083108330A681A6040
:102070004A685A608A689A602100019801F0CAF99A
:1020800042E7A3688360E368C360242A03D00300A7
:1020900010311033EAE723691831036103006269E4
:1020A00018334261E2E7210000F0FEFFE4E7039EFF
:1020B000C7E6029906434E6051680B435360DAE667
:1020C000B802002070B516000D0002F0F9F8002EDD
:1020D0000DD06B236A00520D9B1A002B07DD0024E4
:1020E000034A1B059D182B002200DFF72DFF70BD52
:1020F0000000F03FF0B5A1B01992002200260027A1
:10210000049007911C921B910A782B2A55D041D834
:102110000D2A3BD8082A3BD8002A44D000220F922F
:1021200000211B9D09912A78302A00D085E06A7829
:1021300020318A43582A00D075E002930F9B974ABA
:1021400001931CAB009304981DAB1BA901F07EFA10
:102150000F2302001A4004000592184205D0062AF7
:102160002DD16B1C1B9300230F93199B002B02D0C6
:102170001B9B199A13600F9B002B1BD080233200EE
:102180001B06FB181000190021B0F0BD202AC5D194
:102190000131B8E72D2AC1D12C3A0F924A1C1B926B
:1021A0004A78002ABCD1079B1B9300230F93199BED
:1021B000002BDDD132003B00E4E70022EDE71C9A62
:1021C000002A07D035211EA802F06BF91C9904984B
:1021D00001F068FD05981D9B0138042806D8DDF73D
:1021E000A5FF12031C1E12001E9E1F9FE40502D5B0
:1021F00080231B061F436A4B3B42B6D101F052F8C5
:1022000022230360B1E767491F9A1E9E0A40664970
:102210005B181B051A431700E8E7614FE6E7012644
:10222000624F7642E2E71B9B5A1C1B925B78302B75
:10223000F9D0002B99D00123099300250A221B9B7A
:102240000D95109308951B9804782300303BD9B264
:10225000092927D90122564900F05CFF002831D016
:10226000002023008446089A0C9005922022190031
:1022700091430A0000210691452A00D0C2E0059B47
:10228000099A034313438B428DD01B9B0793013361
:102290001B93079B5B782B2B71D00C002D2B74D1DB
:1022A00001246DE00899082909DC0D9951435B1858
:1022B0000D93089B0130013308931B90C3E75543EE
:1022C0005D19F6E71B9B5A1C1B92089A5B78002A43
:1022D0003AD00C9005921A00303A092A12D90122FC
:1022E0009446C3E71B9B01305A1C1B925B78302B32
:1022F000F8D01A00313A082A3CD80C9000201B9ADA
:10230000059010921A00411C303A302B16D00C9BCD
:102310005B180C93059B0A219C468444634515D1A8
:102320000599059B013109181B180591082B19DC2B
:102330000A230D994B430021D3180D931B9B0800D2
:102340005A1C1B925B78C6E70898D0E75C1C082BE8
:1023500004DC0D9B4B430D932300DFE7102CFBDCCB
:102360004D43F9E7059B0021102BE7DC0A235D4371
:102370005519E3E700220C9205920132B0E70024E0
:10238000079B02331B93079B9B781A00303A092A5C
:1023900014D9079A1B92002233E0C046CCAE020843
:1023A0000000F07FFFFFEFFF33040000FFFFFF7F1F
:1023B000C8AE02081B9B5A1C1B925B78302BF9D0CD
:1023C000002206921A00313A082A1BD8303B0E939D
:1023D0001B9B06931B9B591C1B915B781A00303A80
:1023E000092A3AD9069A8A1AB2490691082A04DCBF
:1023F0000E9A06928A4200DD0691002C02D0069ABF
:1024000052420692059A002A4DD1099A104300D0F3
:10241000ABE66246002A00D0C5E6692B27D023DC54
:10242000492B24D04E2B00D0BDE6A3491BA801F0B8
:1024300043FB002800D1B6E61B9B1B78282B2CD130
:102440009E491EAA1BA801F04BFB052825D11F9B06
:102450009B4A1E9E1A43170087E60A220E994A439A
:10246000D218303A0E92B5E76E2BDED09BE6954936
:102470001BA801F021FB002800D194E61B9B924988
:10248000013B1BA81B9301F017FB002802D11B9BEB
:1024900001331B9300268A4F67E68C4800F04CFFFF
:1024A00006000F0061E6069B0C9A9B1A0993089B95
:1024B000002B01D1059B0893059C102C00DD1024F6
:1024C0000D98E0F709FC059B06000F00092B15DDB0
:1024D00022007F4B093AD2009B181A685B68DFF72D
:1024E00033FD060028000F00E0F7F6FB02000B00AA
:1024F00030003900DEF7CEFD06000F00059B0F2BE4
:1025000039DC099B002B00D12FE624DD162B09DCDA
:102510006F49DB00C9183200086849683B00DFF7E3
:1025200013FDBDE72523059A9B1A099A934222DBE6
:102530000F24059B664DE41AE10069183200086813
:1025400049683B00DFF700FD099B1C1BE4002D19C7
:102550002A686B68E3E7099B16330CDB06990C9A33
:102560005B4B521AD2009B1830001A685B68390026
:10257000DFF7F0F894E7059B1C1B099BE418002C7F
:1025800072DD0F222300134014420AD05049DB00B1
:10259000C9183200086849683B00DFF7D5FC06001F
:1025A0000F000F239C434AD02633FF339C4222DD89
:1025B0000023059306930D93089322230026049A83
:1025C0003F4F13600D9BB34200D1CEE51C99049898
:1025D00001F068FB0899049801F064FB06990498DF
:1025E00001F060FB0D99049801F05CFB05990498DB
:1025F00001F058FBB9E5002330003900354D2411B6
:102600000793012C1EDC002B01D006000F00324B7B
:10261000079AFF182F4BD2009D182868696832006E
:102620003B00DFF791FC264B2C4A06000B409342FF
:10263000BED82B4A934213D901262A4F7642002353
:10264000079388E00122144204D02A686B68DFF700
:102650007BFC0123079A6410013207920835D0E70A
:10266000D4239B04CF18EAE7002CE8D064420F2360
:1026700022001A401C420AD0154BD2009B18300091
:102680001A685B683900DFF765F806000F0024114F
:10269000D5D01F2C28DD0023059306930D930893B6
:1026A0002223049A002613600D9B0027002B8DD156
:1026B0005BE5C0461F4E000001B20208E0AE020812
:1026C0000000F07FF9B1020887B2020883B2020865
:1026D00020B10208F8B002080000B0FC0000A07CA5
:1026E0000000907CFFFFEF7F102322001A4007922A
:1026F0001C4201D05A330793300039000023C44DE7
:102700000122144204D02A686B68DFF71DFC012304
:1027100064100835002CF3D1002B01D006000F0007
:10272000079B002B0FD06B237A00520D39009B1AA8
:10273000002B08DD1F2B00DC21E10026342B00DC00
:1027400016E1DC27BF040022002330003900DDF74A
:1027500087FE00289FD10D9B089A00931099059B36
:10276000049801F0EDFA0D90002800D120E7099BB4
:102770000699DA170C9B5B1A1A40099B1592DB43EA
:10278000099ADB171A4000231892059306930D9BB4
:102790000498596801F05EFA0890002800D10CE70F
:1027A0000D9B0C3019001A690C310232920000F0B6
:1027B000BAFD1EAB01931DAB009332003B000498A1
:1027C0001096119701F0E4FD1C90002800D1F4E66A
:1027D0000121049801F048FB0690002800D1ECE6A6
:1027E0001D9B189A159DD41A002B01DB189C5D19AE
:1027F00007991E9A5B1A36219B188A1A854901206F
:102800008C460021013B14911290634507DA614622
:10281000C91A521A1F2900DDB6E088401290AB1881
:102820000C93A418079B0C9A1C192B00954200DDF1
:102830001300A34200DD2300002B04DD0C9AE41AF0
:10284000D21A0C92ED1A159B002B17DD1A0006996F
:10285000049801F0D1FB0690002800D1ADE60100FC
:102860001C9A049801F018FB0E90002800D1A4E6F1
:102870001C99049801F016FA0E9B1C930C9B002BDC
:1028800000DD87E0099B002B08DD189A0899049861
:1028900001F0B2FB0890002800D18EE6002C08DD84
:1028A00022000899049801F0E9FB0890002800D163
:1028B00083E6002D08DD2A000699049801F0DEFB6E
:1028C0000690002800D178E6089A1C99049801F037
:1028D0005FFC0590002800D16FE60022C3680699CE
:1028E000C2600C9301F038FC00285DDA0C9B334386
:1028F00000D088E03B0300D085E0D622464BD204CE
:102900003B4093427FD9059B5B69002B03D1059B1C
:102910001B69012B77DD05990122049801F0AEFBBC
:102920000699059001F018FC00286CDD07993B0022
:10293000394A002900D194E01100D6203940C00462
:10294000814200DD8DE0DC239B04994200DCA7E698
:1029500030003900314B0022DFF7F6FA2E4B06002B
:102960000F000B4200D031E62223049A13602DE6BB
:102970004B239A1A4C3B934019400F00E3E6012287
:1029800052429A401640DEE62549CB1A0100994092
:10299000149143E70C9A1C99049801F06FFB1C906A
:1029A000002800D06EE708E60E97002877D10C9A31
:1029B0003B031B0B002A39D01A4A934239D101211B
:1029C000079B494232000800002B0BD0D424124B45
:1029D00008003B40E404A34204D86C301B0DC31A2A
:1029E00099400800824224D10F4B0E99994202D19E
:1029F000013200D1E1E5084B0E9A00261A4013007F
:102A0000802252039F18079B002BA1D1DEE5C04610
:102A1000F8AE020802FCFFFF0000F07F0000503912
:102A2000E2FBFFFFFFFF0F00FFFFEF7F334300D10B
:102A30007CE7149B002B1DD00E9B149A1342E2D00E
:102A40000C9B30003900079A002B17D0FFF73AFB98
:102A500002000B0010981199DEF71CFB06000F0016
:102A6000D1E701261340984A76429B18974A1A43A9
:102A70001700C8E7129B3342C5D0E1E7FFF722FBFE
:102A800002000B0010981199DFF720FD00220023AF
:102A900006000F00DDF7E4FC0028B4D000E606993C
:102AA000059801F0D5FC80230022DB0504000D0011
:102AB000DDF7E6FC00286DD00C9B002B00D07EE0FB
:102AC000002E58D10E9B1B0300D07FE00022200077
:102AD00029007F4BDDF7CAFC002858D120002900CF
:102AE00000227C4BDFF730FA04000D0080231B0628
:102AF0000A94EB180B930A9A0B9B12921393764A43
:102B00000E9B13401493149A744B9A4200D091E098
:102B1000734A0E9B944663441F003000190001F075
:102B2000CFFB0A9A0B9BDFF70FFA32003B00DEF770
:102B3000B1FA694A6B4B06000A409A4249D9119A88
:102B4000694B9A4203D1109B013300D135E5012630
:102B5000654F76421C99049801F0A4F808990498EE
:102B600001F0A0F80699049801F09CF805990498E2
:102B700001F098F80BE6012E03D10E9B002B00D13B
:102B80008EE50023594C0A930B940C9C1CE00C9C82
:102B9000504DABE70022200029004E4BDFF7D4F95F
:102BA0000C9A04000B000D00002A04D180221206AA
:102BB0000A908B189EE702000A920B939BE7002372
:102BC000434C0A930B940024414D94E70023474C57
:102BD000F7E7D4239B04CF18079B0E97002BB9D19E
:102BE0003D4B149A3B409A42B4D120002900DDF7B6
:102BF0002DFDDDF767FD02000B0020002900DFF747
:102C000065FC3B030C9A1B0B3343134304000D007C
:102C1000374A002B54D0374BDDF728FC002800D072
:102C2000D4E420002900344A2A4BDDF733FC002885
:102C300090D0CBE4079B002B2BD0D423149ADB0439
:102C40009A4226D8200029002C4A2D4BDDF718FC8B
:102C5000002817D020002900DDF7DAFC002800D179
:102C60000130E0F739F80C9A04000B000D00002A3F
:102C700022D1802212068B1816901793169A179B52
:102C800012921393D622139BD2049B18149A9B1A68
:102C9000139310981199129E139F01F011FB0200DB
:102CA0000B0030003900DFF74FF9109A119BDEF767
:102CB000F1F906000F008FE7020016921793DDE787
:102CC000104BDDF7D3FBB2E70000F0FFFFFF0F0072
:102CD0000000F03F0000E03F0000F07F0000E07FD8
:102CE0000000B0FCFFFF9F7CFFFFEF7F0000F0BF04
:102CF0009535A094FFFFDF3F35E5AF350000C0FFFD
:102D0000FFFFDF41FFFFCF3F10B5044C0A00010079
:102D1000034B2068FFF7EEF910BDC04660090020A4
:102D2000D4060020F0B587B01E00059001910292F4
:102D3000012B48D00B00242E45D83B4A082194464D
:102D40001A00604614780133005D1D0007000F4033
:102D50000842F5D12D2C3DD101271C78951C002E61
:102D60005ED0102E09D1302C07D120222B7893432E
:102D7000582B50D110266C7802352C4B3100FB18A3
:102D800018000393DDF76CFA0022049101218446B8
:102D9000100049422300303B092B03D9113B192B6A
:102DA0001DD80A339E421EDD541C09D00A008445FA
:102DB00006D302D1049C9C4202DB01227043181806
:102DC0002C780135E6E700F06DFA16230360002049
:102DD00007B0F0BD2B2CC2D11C78951CBFE7230097
:102DE000613B192BDDD9531C09D12223059A039885
:102DF0001360029B002BEBD06B1E019307E0002FAA
:102E000000D04042029B002BE2D0002AF4D1029B6A
:102E1000019A1A60DCE73024002EAED10836ACE708
:102E2000302CA2D00A26A8E721AF0208FFFFFF7FBF
:102E300010B5044C13000A0001002068FFF772FF70
:102E400010BDC04660090020002310B504000360D7
:102E50004360836081814366C28103614361836112
:102E6000190008225C3000F032F90B4BE461236258
:102E70000A4B63620A4BA3620A4BE3620A4B9C4211
:102E800005D00A4B9C4202D0094B9C4203D1200042
:102E9000583000F031FA10BD113002083930020804
:102EA000713002089D3002080097012068970120C8
:102EB000D097012010B5034A0349044800F06CF88C
:102EC00010BDC046C8060020C959020840080020AD
:102ED00041680B4B10B50400994201D002F074FD1B
:102EE000A168084B994202D0200002F06DFDE16814
:102EF000054B994202D0200002F066FD10BDC0468D
:102F00000097012068970120D097012010B5094B48
:102F1000094A04211A6009480022FFF795FF01229F
:102F200009210748FFF790FF022212210548FFF709
:102F30008BFF10BD38980120B52E020800970120A4
:102F400068970120D097012010B5024800F0D6F90B
:102F500010BDC0464298012010B5024800F0CFF9DC
:102F600010BDC0464298012010B50400FFF7ECFFE9
:102F7000636B002B02D0FFF7EFFF10BD044B6363C0
:102F8000044B1B68002BF6D1FFF7C0FFF3E7C046E8
:102F9000D12E020838980120F7B5140000260090C1
:102FA0000191A5686768013F04D52468002CF8D119
:102FB0003000FEBDAB89012B08D90E22AB5E013378
:102FC00004D029000098019B984706436835EAE73A
:102FD0000EB400B50B499CB01DAB02900690079152
:102FE00004910948094904CB0591006802A901939D
:102FF00001F0A8FA0022029B1A701CB008BC03B0B2
:103000001847C046FFFFFF7F600900200802FFFF4E
:1030100070B50C000E25495F00F00AF9002803DBAB
:10302000236D1B18236570BDA389024A1340A38139
:10303000F9E7C046FFEFFFFFF8B51F008B890500D9
:103040000C001600DB0505D50E23C95E0022022305
:1030500000F0DAF8A389054A28001340A381320062
:103060000E23E15E3B0000F009F9F8BDFFEFFFFF22
:1030700070B50C000E25495F00F0C6F8A389421C0C
:1030800003D1054A1340A38170BD8022520113432E
:10309000A3812065F8E7C046FFEFFFFF10B50E23C0
:1030A000C95E00F09FF810BD10B5884202D98B1898
:1030B000984203D3002307E08B5C8354013AFBD290
:1030C00010BDCC5CC45401339A42FAD1F8E7030036
:1030D0008218934200D1704719700133F9E702005A
:1030E00010B5137814000132002BFAD1CA5CE254F7
:1030F0000133002AFAD110BDC9B20378002B04D0E5
:103100008B4200D170470130F7E74B4259414942A9
:103110000840F7E730B50500101E0BD00024013A37
:103120002B5D085D834204D1A24202D00134002B02
:10313000F6D1181A30BD030030B51D00002A06D0A4
:103140000C78013A01332C700131002CF5D10021AB
:103150009A18934200D130BD19700133F9E700008D
:10316000034B10B51A680123503200F003F810BD6C
:1031700060090020F0B5002802D11068002813D0A3
:10318000040020000E00057801343778002F04D1A8
:10319000002D0FD12800156006E00136BD42F4D1A4
:1031A000002BEED114600370F0BD2F000FE001334F
:1031B000002E04D1230001341D7827000B001E7857
:1031C000B542F4D1002DF0D00023013C23701760EC
:1031D000EAE700009422024B5200985C7047C04618
:1031E000D4060020002370B5064D040008002B60B3
:1031F00004F0DCFD431C03D12B68002B00D02360BE
:1032000070BDC0463C98012070B504000800110054
:103210001A000023054D2B6004F0F0FD431C03D180
:103220002B68002B00D0236070BDC0463C98012065
:1032300070B50400080011001A000023054D2B6032
:1032400004F0E4FD431C03D12B68002B00D0236065
:1032500070BDC0463C980120002370B5064D0400A7
:1032600008002B6004F0DAFD431C03D12B68002B0F
:1032700000D0236070BDC0463C98012070B50400AA
:10328000080011001A000023054D2B6004F0D6FD44
:10329000431C03D12B68002B00D0236070BDC046B7
:1032A0003C980120014B18687047C0466009002017
:1032B00070B500260C4C0D4D641BA410A64209D11C
:1032C000002604F0C5FD0A4C0A4D641BA410A6425A
:1032D00005D170BDB300EB5898470136EEE7B30057
:1032E000EB5898470136F2E714B3020814B302080A
:1032F0001CB3020814B30208704770477047704748
:10330000802310B5082804D0FFF7CCFF16230360F4
:10331000173B180010BD03000A7801311A70013301
:10332000002AF9D17047002310B59A4200D110BD90
:10333000CC5CC4540133F8E7002001497047C04613
:103340000000F87F034B10B5002B02D0024800F0BC
:1033500005F810BD00000000095C0208002310B54C
:1033600001001A00180002F0A1FC10BDF7B504001E
:1033700008200D00FFF7C4FF06002000FEF7C8FC80
:103380000322214F3100BB685B689343581B1138FF
:1033900080190193DCF7DEFE451E7543AE4204DD65
:1033A0002000FEF7BDFC0020FEBD00212000FFF73D
:1033B00053FFBB68019A9B189842F1D120006942E3
:1033C000FFF74AFF013010D100212000FFF744FF32
:1033D000BA68811A0F29E3DD0C4D0D4B2D68401B97
:1033E000186001230B435360DAE70126019BBA689A
:1033F0005B1B33435360064A200013685B1B13605A
:10340000FEF78EFC3000CFE7B8020020C006002097
:10341000CC960120F7B50D1E01902DD0FEF778FC5B
:10342000012329009C4608394F6862463B006446E8
:103430009343C8184568023295434A4A2740966824
:1034400086421AD15B19002F06D10868091A8D68C7
:103450001B18C868E86085600120184348609160C7
:10346000414A12689A4204D8404B01981968FFF704
:103470007DFF0198FEF754FCF7BD00264560B7427A
:1034800009D10F683A4CC91BDB198F68A7422CD0B1
:10349000CC68FC60A76047197C6801273C420BD1CF
:1034A0005B198568002E22D1314CA5421FD13E0008
:1034B00051611161CD608D6001252800184348607D
:1034C000CB50002ED5D180208000834213D2D80863
:1034D0005B099D4053681D43C3009B1855609A6863
:1034E000CB608A609960D160C3E76646D3E7C06865
:1034F000E8608560E0E75D0A042D12D8980938304D
:10350000C600B618B5680327AE4225D10123801046
:103510008340506803435360CE608D60B160E960C2
:10352000A7E7142D02D828005B30E9E7542D02D814
:10353000180B6E30E4E7AA204000854202D8D80B71
:103540007730DDE70B4E7E20B542D9D8980C7C3021
:10355000D6E7AD68AE4203D06A68BA439A42F8D85B
:10356000EE68D9E7B8020020C4060020FC960120CE
:10357000C0020020540500000200F0B504694B11A0
:1035800085B0143202934D111300AC4232DD1F2678
:103590000F004B119B00A500D3183740551900931D
:1035A000019731420DD1160019008D4236D800998D
:1035B000002303398D4202D3029BE41AA300D318DF
:1035C00018E02021019E019F891B009E039102CEDD
:1035D0009446F940B54216D8009E00230136B54204
:1035E00003D3029BE31A9B00043BD3181960002904
:1035F00000D00433991A89100161934201D100234C
:10360000436105B0F0BD3768039B9F400F4361469F
:1036100080C18C46019B02CED940DBE780C980C6C1
:10362000C3E70200303A0300092A02D8203BD8B28F
:1036300070470200613A052A01D8473BF7E71A00B4
:10364000413A0020052AF3D8273BF0E7F0B589B0CE
:103650000793022301920A685B4203900691961C2D
:103660009B1A9A1900960592009A01361078302814
:10367000F7D0FFF7D6FF00231D00029398421DD11B
:103680000122A6490098FFF745FD0700A84269D12D
:10369000009B34005878FFF7C4FF01230293A8422F
:1036A0002FD00096009B1878302809D0FFF7B9FF7B
:1036B000424242410123350002920593009C04E0FE
:1036C000009B01330093EDE701342078FFF7A9FF59
:1036D000071EF9D1012220009049FFF71BFD0028A9
:1036E0000DD1002D06D1013425002078FFF799FF78
:1036F000002802D12D1BAF0003E00134F5E7002DB7
:10370000F8D12022237826009343502B1DD16378D3
:103710002B2B2CD02D2B2ED00023661C049330781D
:10372000FFF77FFF431EDBB2182B2BD810380500A4
:103730007078FFF776FF431EDBB20136182B1CD9D9
:10374000049B002B00D06D427F19069B1E60029BDC
:10375000002B19D00026059BB34200D1063630005D
:1037600009B0F0BD01230027009C0293C9E70023A4
:103770000493A61CD3E70123FAE70A235D432D181F
:10378000103DD5E72600E0E7009B0299E31A013BD4
:10379000072B0ADC039800F05DFA051E08D12A0009
:1037A000E4215F4B5F4802F0C1FA01315B10EFE7A3
:1037B000030014330293059300231E000493009B1F
:1037C000A3423FD3059C029B40C4E41AA4103000DE
:1037D0002C6100F001FB019B64011B68261A009319
:1037E0009E4251DDF61A3100280000F07BFE041ED7
:1037F00016D001241F232000721E1340984003009E
:103800005111029889000958194209D0A24206DDD7
:103810002800B11E00F066FE0234002800D1022408
:1038200031002800FFF7A8FEBF19019B9B68BB422F
:103830003ADA2900039800F035FA00230E9AA326FD
:1038400013608CE7013C23782E2B12D0049B202B95
:1038500004D1059B40C30026059304962078FFF70A
:10386000E0FE0F231840049B984004330643049362
:10387000A5E7009BA342E9D8012220002749FFF7D2
:1038800049FC0028E2D19AE7009B00249E42CCDA52
:103890009E1B29003200039800F0F0FB0300143354
:1038A0000500BF1B0293C0E7019B5E68BE4270DD4E
:1038B000009BF61BB34237DC019BDB68022B24D054
:1038C000032B26D0012B17D1009BB34214D1012B1F
:1038D0000BD1019B079A5B68622613600123029A51
:1038E0002B6113600E9B1D6039E700992800013998
:1038F00000F0F8FD0028ECD12900039800F0D2F97F
:1039000000230E9A5026136029E70F9B002BF3D15A
:10391000DFE70F9B002BDCD1EEE7C046C8AE020804
:1039200029B002083AB00208771E002C2FD1002FD0
:1039300004D03900280000F0D5FD04001F237A11BF
:103940001F401E3BBB400299920052581A4201D0C0
:1039500002231C43009B31009B1B0226280000937E
:10396000FFF70AFE019B5F68002C41D0019BDB68DA
:10397000022B10D0032B12D0012B06D1A20704D5A5
:10398000029A126814431C420CD110232FE0012428
:10399000D4E70126E8E701230F9A9B1A0F930F9BA8
:1039A000002BF2D02B69002002939B0004932B0084
:1039B000049A143399181A68541C1ED001321A60E4
:1039C0002B001433022E41D1019A00991268013A5A
:1039D0008A420BD11F2200984911024001200400A5
:1039E00094408900CB58234200D0012620231E4357
:1039F0000E9B1D60079B1F60B1E601C39942DAD898
:103A0000AB68029A9A4218DB69680398013100F0AA
:103A100021F9041E04D1220084211C4B1C48C2E65B
:103A200029002A690C31023292000C30FFF77BFC2E
:103A30002900039800F036F925002B695A1C2A61E9
:103A4000012204339B00EB185A60B9E72A690299F6
:103A50008A4209DD01212800FFF78EFD019B013715
:103A60009B68BB42C1DAE4E61F22009C0099012654
:103A700014401142BAD0049A9B18043B186800F015
:103A8000ABF920231B1B9842E4DBAFE729B0020807
:103A90003AB00208082370B520259A1A9200AD1A90
:103AA000436804681E00AE40D34034430460436062
:103AB00004308842F4D370BD30B503680C7801330C
:103AC000002C02D10360012030BD1A781500413D61
:103AD000192D00D820320131A242EFD00020F3E7A7
:103AE000F0B50B688BB0019201995A1192008A18B7
:103AF000029219001F22114008900691134202D031
:103B0000029B04330293029B00251F1F3E003C00D2
:103B1000089B3D601B68079505930395059B013342
:103B20000993059B5B780493002B28D00498FFF73A
:103B300078FD002854D1049B202B19D8039B079AA9
:103B4000934212DDB44206D2072D04DC2A00310074
:103B50002000FFF79FFF019B08259C4205D9261FE7
:103B600000253400039B35600793099B0593D5E737
:103B7000049B292B59D1059B089A02331360039BA0
:103B8000002B52D0B44206D2072D04DC2A003100AB
:103B90002000FFF77FFF019B9C4235D91A002300CC
:103BA00002CB02C29F42FBD2029B621CD91E04239D
:103BB000914205D3029B043B1B1B9B0801339B00D6
:103BC000019AD318002204C39F42FCD23B68002B09
:103BD00004D1019B9F4226D101233B60052025E0B3
:103BE000039B013501330393082D06DD019B9C42A5
:103BF000BBD900230125043C23600F222368104019
:103C00001B0103432360B0E7069B002BDED020237B
:103C1000069A02999B1A01225242DA4004390B6833
:103C200013400B60D2E7043FD0E704200BB0F0BD97
:103C300082B0002900D101A9101E06D0002B06D0A9
:103C400013780B601078431E984102B07047022031
:103C50004042FAE7436C70B506000C00002B12D00E
:103C6000736CA2009B181868002815D101210D0063
:103C7000A5406A1D3000920002F076F8002809D0B5
:103C8000446085600AE02122042102F06DF870642E
:103C90000028E5D1002070BD02681A60002303618E
:103CA000C360F8E7002906D04A68436C92009B186D
:103CB0001A680A6019607047F7B50E0001900C0091
:103CC0001D0000200F6914363368013099B251434A
:103CD0001B0C534349190D0C5B191D0C89B21B04B5
:103CE0005B1808C68742EFDC002D22D0A368BB42D8
:103CF00019DC616801980131FFF7ACFF061E05D1A0
:103D00003200BA210C4B0D4802F010F82100226954
:103D10000C31023292000C30FFF705FB21000198B4
:103D2000FFF7C0FF34003B1D9B00E3185D607B1C68
:103D300023612000FEBDC04629B002089AB00208E7
:103D4000F7B5060018000C00083009210193150092
:103D5000DCF78AFA0123002183420ADB3000FFF7F7
:103D600079FF011E08D10A00194B1A48D33101F01E
:103D7000DDFF5B000131EFE7089B43610123036135
:103D8000092D18DD230009331F00009364193B78C7
:103D90000A223000303BFFF78FFF01370100A742B6
:103DA000F5D12C00009B083C1C192F00019B9F4261
:103DB00004DB0800FEBD09250A34F6E7631BDB5D62
:103DC0000A223000303BFFF777FF01370100EDE7B3
:103DD00029B002089AB002080300020C00208242B7
:103DE00001D11B0410301A0E01D108301B021A0F2A
:103DF00001D104301B019A0F01D102309B00002B2E
:103E000003DB01305B0000D4202070470368010011
:103E100007221800104013420DD0063A002013422A
:103E200005D10230034203D0D34010000B6070472D
:103E30009B080B60FBE79AB2002A01D110201B0CF3
:103E4000DAB2002A01D108301B0A1A0701D1043066
:103E50001B099A0701D102309B08DA07E9D4013027
:103E60005B08E6D12020E2E710B50C000121FFF746
:103E7000F1FE002807D14621054C0200054B200029
:103E8000FF3101F053FF01234461036110BDC046BF
:103E90009AB0020829B00208F0B515000A692B692A
:103EA0000C008BB09A4201DA2C000D0027692E69B4
:103EB0006168BB190393A368BA19934200DA013110
:103EC000FFF7C8FE0290002806D1B121484B4948AF
:103ED000029A490001F02AFF029B002214339C46FB
:103EE000BB199B0063440493634604998B422AD315
:103EF0002300BF00143314350893B600DB19059373
:103F0000AB190993042306932300059A15330195F1
:103F10009A4205D3131B153B9B0801339B00069364
:103F2000019B099A934210D3039B002B05DD049B50
:103F3000043B04931B68002B56D0029B039A180085
:103F40001A610BB0F0BD04C3CFE7019B186880B2C3
:103F500000281ED067460025089E02CE3B680793C6
:103F60008BB243431A006B469B8BD3185B190D0C25
:103F70004543079A110C69181A0C8A189BB2150C44
:103F800012041A43059B04C7B342E6D86346069A57
:103F90009D50019B1868000C20D0634625006146A7
:103FA00000271B6814352A680E6892B24243360C0B
:103FB0009219D21916049BB21E430E6040CD4B6875
:103FC000360C46439BB2120CF3189B18059A1F0C33
:103FD0000431AA42E7D8624606995350019B043344
:103FE000019304239C449BE7039B013B03939BE7C2
:103FF00029B002089AB00208F7B50323150007009C
:104000000E001A401D4208D01A49013A9200525837
:1040100000233100FFF750FE0600AD1027D03C6CA6
:10402000002C07D138001449FFF71EFF00230400BD
:104030003864036001231D420AD031002200380099
:10404000FFF72AFF310001903800FFF72BFE019E99
:104050006D100CD02068002807D122002100380004
:10406000FFF71AFF0023206003600400E2E730003E
:10407000FEBDC046E8B1020871020000F0B50C00B8
:1040800017002369551187B0EB1802930133019390
:104090004968A3680490019A934210DB0498FFF7E3
:1040A000D9FD0023020006001900143298420CD1F9
:1040B000DF313200264B2748FF3101F037FE013156
:1040C0005B00E8E7980011500133AB42FADBEB43A9
:1040D000DB171D401F2123003800AD005519226950
:1040E00014339200084084469A180F422AD00131B6
:1040F000091A05910021039567461868B8400843DE
:10410000039901C10391059802CBC1409A42F3D8AB
:10411000200015300423824204D3131B153B9B0857
:1041200001339B00E950002902D0029B0233019326
:10413000019B0498013B21003361FFF7B3FD300080
:1041400007B0F0BD02CB02C59A42FBD8F0E7C046EB
:1041500029B002089AB0020830B50B690469020060
:10416000E01A9C420ED114329B0014311400C9187D
:10417000D218043A043915680B689D4203D0012017
:104180009D4203D330BD9442F3D3FBE74042F9E7AD
:10419000F0B50E0007001100300087B01400FFF7E3
:1041A000DBFF051E10D101003800FFF753FD021E92
:1041B00004D13F4B3F48404901F0B8FD0123456120
:1041C0000361100007B0F0BD01230193002804DB58
:1041D000230034001E000023019338006168FFF7BC
:1041E00039FD021E03D1324B32483449E4E7019BCA
:1041F0000027C360206914348300E3182100019470
:1042000034000293336914349B00E31803931300C2
:1042100014339C4605930491049B02CC20CB049359
:10422000ABB2DF198BB2FB1A090C2D0C6D1A1914E5
:1042300069189BB20F1409041943634602C39C46D4
:10424000039BA342E8D83100039C153104238C4220
:1042500004D3A31B153B9B0801339B000199CD1888
:1042600005992E00CB189C4602998E4210D3029ECF
:10427000E91E00248E4204D331000331491B890812
:104280008C001B19043B196800290FD0106198E7B6
:1042900002CE8CB2E4190F0C21147918A4B20F14B9
:1042A00009042143644602C4A446DDE70138E9E776
:1042B00029B002089AB00208370200004502000047
:1042C00000200B4B19400B4BC918814206DC4942B8
:1042D0000B15132B03DC8021090319417047143B94
:1042E00001201E2B02DC80200006D8400021F5E7CB
:1042F0000000F07F0000C0FCF7B50600036914362B
:104300009B00F3181D1F2C680F0020000193FFF77E
:1043100063FD2022121A3A6003001C4A0A2815DCA9
:104320000B212700091ACF403A438C461100002286
:10433000AE4202D2019A083A126815339C40634695
:104340002700DA401743380003B0F0BD0027AE4223
:1043500002D2019D083D2F680B2149428C469C44A6
:104360000B2B10D0614620238C405B1A3900D940BA
:104370000C43224311000022B54201D9043D2A68B2
:104380006446A740DDE722431100DCE70000F03F70
:10439000F7B5012114001D00089FFFF75BFC061E06
:1043A00005D13200244B2548254901F0BFFC2B03E1
:1043B0006D001B0B6D0D25D10193002C28D0684694
:1043C0000094FFF723FD019B009900281ED02022B6
:1043D0001C00121A94402200C3400A4372610193E8
:1043E000019CB461631E9C4101343461002D17D0DF
:1043F0003524144BED182D183D60099B241A1C60C0
:104400003000FEBD802252031343D5E77161E7E718
:1044100001A8FFF7FBFC019B012473612030E4E756
:10442000094BC018094B3860E3189B00F318586912
:10443000FFF7D2FC6401E0E729B002089AB0020855
:104440000F030000CDFBFFFFCEFBFFFFFFFFFF3F91
:10445000F0B587B00F0004A90600FFF74DFF0090EC
:104460000191009C019D380005A9FFF745FF0290CE
:104470000391029A039B30693969049E401A059999
:104480004001711A41180805002907DD01994518F6
:1044900020002900DDF75EF907B0F0BD03990B1A83
:1044A000F6E770B5140005000139136949110131AF
:1044B000890014349B004118E318A3420DD814005E
:1044C000113400259C4203D89B1A113B9B089D0088
:1044D00000234019814203D870BD40CC40C5ECE7B1
:1044E00008C0F7E70200006910B514324B1198427A
:1044F00013DB0CDD1F2408002040214207D0990067
:104500008C582100C140814001208C4204D19B0085
:10451000D318934203D8002010BD0300F7E7043BF3
:1045200019680029F5D00120F6E70300081E05D020
:10453000FF2A04D98A2201201A60404270470120D4
:104540000A70FBE7F0B5D9B01C000B9108920A90F5
:1045500001F056FB036818001C93DBF7DFFD0B9B93
:1045600016909B891B0617D50B9B1B69002B13D13B
:1045700040210A98FDF7B8F90B9B186018610028D4
:1045800007D10C230A9A13600D3B1793179859B063
:10459000F0BD40230B9A5361002300222E932D93EC
:1045A0000E9300231492159300232FAF2C971F9383
:1045B0001E9312931B931D931793089D2B78002B2A
:1045C00002D0252B00D091E0089BEE1A9D4216D018
:1045D0003B602E9B7E609B192E932D9B08370133E9
:1045E0002D93072B08DD0B990A982CAA02F09EFA4E
:1045F000002800D0CFE12FAF179B9B1917932B7882
:10460000002B01D101F09EF91B2200231EA9521894
:10461000137001221E0052420135099218936B1C3F
:1046200013932B780F930F9820385A2801D900F054
:1046300020FEDBF785FD78001E061E0682001E06A2
:104640001E061E065D001E061E0684008C001E0649
:104650008A0091001E06B200B400B400B400B40099
:10466000B400B400B400B400B4001E061E061E065A
:104670001E061E061E061E063B011E06E000F40076
:104680003B013B013B011E061E061E061E06C7001F
:104690001E061E06C7041E061E061E060A051E0668
:1046A0002A051E061E065C051E061E061E061E06A2
:1046B0001E061E061E061E063B011E06E000F60034
:1046C0003B013B013B01C900F600DC001E06D500A2
:1046D0001E06A704C904FA04DC001E060A058000B1
:1046E0002C051E061E067C051E068000013565E7AA
:1046F0000A9801F085FA436818001D93DBF70EFD58
:104700001B900A9801F07CFA836812931B9B002B84
:1047100011D0129B002B0ED01B78002B0BD08023C6
:10472000DB001E4307E01B231EAA9B181A78002AF1
:1047300001D120321A70139D71E70123F1E708CCF3
:104740001893002BF7DA5B4218930423E9E71B2345
:104750001EAA9B182B22EDE7139A139B12780133A4
:104760000F922A2A10D0002209920F9A1393303AFE
:10477000092A00D957E70A20099941438A18099262
:104780001A7801330F92F0E704CC0992002A02DA7A
:104790000122524209921393CDE78023C1E7002200
:1047A000139B18920A21189A4A430F9930398A1894
:1047B00018921A00127801330F92303A1393092A93
:1047C000F0D930E70823ACE7139B1B78682B05D1A1
:1047D000139B0133139380239B00A2E74023A0E7A0
:1047E000139B1B786C2B04D1139B01331393202351
:1047F00097E7102395E7210004C93FAB0D911B21DA
:104800001A7000221EA809180A700C92013209922F
:10481000002208931500199210921192F1E11023D1
:104820001E43B30631D5072307349C43220018CA20
:10483000069307940D92079A0123002A0BDA069C2F
:10484000079D00226142AA41069107921B221EA9E0
:1048500052182D2111700799069A0A4309990131BE
:1048600001D101F07BF8802134008C43002A01D073
:1048700001F079F8099A002A01D100F0EFFC012B30
:1048800001D001F074F800F079FC220008CA0D9202
:10489000F20603D50693DB170793CCE7720601D522
:1048A0001BB2F7E7B205F5D55BB2F3E70723073490
:1048B0009C43220018CA0D92012214931594159B53
:1048C000149D5C006408280021003E4B5242DEF734
:1048D0007FF9002826D1012228002100394B5242BD
:1048E000DBF7CEFD00281DD1149815990022002376
:1048F000DBF7BCFD002804D01B231EAA9B182D2229
:104900001A70314B08930F9B472B01DD2F4B0893F7
:1049100080239E4300230C930333099300231993B0
:1049200000F078FC149A159B10001900DEF750F97E
:1049300000280ED0159B002B04DA1B231EAA9B18FF
:104940002D221A70224B08930F9B472BE0DD214B41
:10495000DDE720230F9A9A431092412A23D1302277
:104960000F9925AB1A704832612900D0203A5A704D
:1049700002231E43099B632B2EDD0A98591CFCF76A
:10498000B3FF0890002800D016E20B9B9A894023C1
:1049900013430B9A93810B9B9B895B0600D4F5E52F
:1049A00001235B42F1E5099B0C90013300D106E243
:1049B000109B472B14D1099B002B11D10133099374
:1049C0000EE0C046FFFFEF7FF4B10208F8B1020825
:1049D000FCB1020800B2020800230C933FAB08931D
:1049E00080235B0033431A93159B149D002B00DB3F
:1049F000E7E180221206944663440E932D2322930E
:104A0000109B412B00D0F5E1280026AA0E9901F059
:104A10001BF9FF2300229B05DDF796FA00220023F5
:104A200004000D00DBF71CFD002801D001232693B4
:104A3000DA4B19930F9B612B01D0D94B1993089B2B
:104A40000E93099B013B11930022D64B20002900B5
:104A5000DDF77AFA0D000400DEF7D8F82190DEF7D2
:104A60000BF902000B0020002900DDF72FFD0E9B43
:104A70000D001A00013221990E922392199A040016
:104A8000525C1A70119B209301330AD0119B0022B3
:104A9000013B1193200000232900DBF7E1FC0028F3
:104AA000D2D0002220002900BF4BDBF7F3FC002806
:104AB0000CD1002220002900BB4BDBF7D1FC0028E1
:104AC00000D191E1219BDB0700D48DE130200E9BCA
:104AD0002A93199BDB7B2A9A013A2A9211789942F0
:104AE00000D171E14B1CDBB2392901D1199B9B7AB2
:104AF0001370239B089A269D9B1A0E93109B472B9D
:104B000000D0C4E1EB1C03DB099BAB4200DBE6E118
:104B10000F9B023B0F933C226B460F999B186C1E18
:104B20001C3A00201B7826949143412902D10F336F
:104B3000DBB2013028A90B702B23002C02DA0124F0
:104B40000233641B4B70092C00DCBAE137230A25C1
:104B50001EAA9B181093109B200009932900013B6B
:104B60001093DBF767FC109B30311970200029008F
:104B70001194DBF779FB119B0400632BEBDC2A22F9
:104B8000099B1EA8991E121837200B0030340C7098
:104B90001EAC0019834200D28EE10023814204D86A
:104BA0001EAA39339B18099A9B1A2A221EA9521849
:104BB000D31828AA9B1A1E931E9A0E9B94466344F0
:104BC00009930E9B012B01DCF30704D5169A099B70
:104BD0009446634409938022744B520033401A4335
:104BE00000231D001A9210931193229B1A9E199371
:104BF000002B06D01B231EAA9B182D221A700023FF
:104C00001993199B099A1A93934200DA1A921B235B
:104C10001EAA9B181B785A1E93411A9AD3181A93EE
:104C2000320002231A4020921E4202D01A9B023305
:104C30001A93842332001A4021921E421FD1189BDE
:104C40001A9A9C1A002C1ADD39002D9B58482E9A6E
:104C5000013308313860102C00DD1CE37C60A4189F
:104C60000F002E942D93072B09DD0B990A982CAA7F
:104C700001F05CFF002801D000F043FE2FAF1B22A3
:104C80001EA9521811782E9B002914D03A600122D7
:104C90009B182E932D9B7A609B182D930837072B1A
:104CA00009DD0B990A982CAA01F040FF002801D0D9
:104CB00000F027FE2FAF209A2E9B002A15D025AAA0
:104CC0003A6002229B182E932D9B7A6001332D931C
:104CD0000837072B09DD0B990A982CAA01F026FF4B
:104CE000002801D000F00DFE2FAF219B802B1FD19B
:104CF000189B1A9A9C1A002C1ADD39002D9B2D48FE
:104D00002E9A013308313860102C00DDD6E27C6029
:104D1000A4180F002E942D93072B09DD0B990A98E8
:104D20002CAA01F003FF002801D000F0EAFD2FAF0C
:104D3000199B099A9C1A002C1ADD39002D9B1D48DD
:104D40002E9A013308313860102C00DDC9E2A21818
:104D50007C602E920F002D93072B09DD0B990A988A
:104D60002CAA01F0E3FE002801D000F0CAFD2FAF0D
:104D70002E9B1993F30500D5CEE2099A089B944621
:104D80003B60099B7B60199B63442E932D9B0133F1
:104D90002D93072B00DDA3E3083701E304B20208DB
:104DA00015B20208000030400000E03FFFFBFFFFAB
:104DB00028B2020838B20208089B0C9310E60623BA
:104DC000FDE50E9300231AE6107084E61870013397
:104DD000CA1AFBD5209A0023013201DB209B013344
:104DE0000E9AD318239384E60E9A209930200E9BB6
:104DF0005118EDE7109A0323099C462A06D01400A7
:104E0000453C62425441099A013B14192AAA049272
:104E100027AA039226AA029200932A000E9B0A98C0
:104E2000019401F07FF8109B0890472B03D1F30702
:104E300001D42A9B5EE6089B1B191193109B462BFD
:104E400012D1089B1B78302B0AD1002200232800A6
:104E50000E99DBF705FB002802D101231B1B2693CB
:104E6000119A269BD31811930022002328000E9933
:104E7000DBF7F6FA002801D0119B2A9330222A9BF7
:104E800011999942D5D9591C2A911A70F7E7109BAC
:104E9000462B00D03FE601223300099913400B4313
:104EA000002D2CDD002B46D00A00169BEB18D318E2
:104EB000099366230F9330E01C780133147001329C
:104EC00068E62A221EABD218002804D130232B22F8
:104ED0008B701EABD2183034531C147069E60E9BD5
:104EE000AB4212DD169A0E9B9446634409936723E6
:104EF0000F93002D11DC099B5B1B01330CE0002B91
:104F00001BD0169B099A0133D1E7672309950F93AC
:104F1000F30702D5169BEB18099380233200DB00C0
:104F20001A401192002210921E4200D15DE6954275
:104F300025DC119259E60995BBE7662309920F9388
:104F4000EBE7AB420EDAED1A129B5B78002B12D026
:104F5000119B01331193129B01331293129B1B7807
:104F6000FF2BEED1109A119B9B181B9A5343099A61
:104F70009B18099339E6109B01331093EEE7109BC1
:104F80001193EBE7231D0D93B30609D52368179AF8
:104F90001A60D2175A60139B0D9C0893FFF70DFB04
:104FA000F30603D52368179A1A60F4E7730603D54E
:104FB0002368179A1A80EEE7B605F3D52368179A87
:104FC0001A70E8E710231E432023300018401E42C9
:104FD0000FD0193B07349C43220018CA069307944C
:104FE0000D92C94B1E4000231B221EA952180021FE
:104FF00030E4220008CA31000D92102211401642FE
:1050000002D006930790ECE7402230001040164291
:1050100003D09BB206930791E3E780223100920010
:1050200011401642F6D0DBB2EBE7230004CBB749C0
:10503000069225AA1180B64A0D9300231F9278226A
:10504000079302331E430F92CEE7230004CB0024C4
:105050000D931B2308921EAA9B181C70099B0133F9
:105060000ED02100099A089800F0E2FD0C90A042B1
:1050700000D10DE1089A831A099323000C944EE4A1
:105080000898DBF74BF80990F7E710231E4320231D
:10509000300018401E4209D0193B07349C432200BF
:1050A00018CA069307940D9201239DE7230004CBB1
:1050B00031000D93102319401E4203D00692079031
:1050C0000F3B91E74023300018401E4203D093B2BB
:1050D00006930791E8E7802331009B0019401E42A8
:1050E00003D0D3B206930790DEE70692F1E7894B2F
:1050F00030001F93202318401E421AD0193B07345A
:105100009C43220018CA069307940D92F3070AD510
:10511000069B079A134306D0302225AB1A700F9ACC
:105120005A7002231E43784B1E4002235CE7784BE3
:10513000DEE7230004CB31000D93102319401E42FB
:1051400002D006920790E1E74023300018401E424B
:1051500003D093B206930791D8E7802331009B00D8
:1051600019401E4202D0D3B20693EBE70692F2E753
:10517000079B002B0AD1069B092B07D8E7231EAA01
:105180009B18069A30321A7000F018FC8026002313
:10519000F6000E9358AD26400A2206980799002380
:1051A000DBF7D0F96B1E303208931A700E9B0C900F
:1051B000013310910E93002E1DD0129B0E9A1B7876
:1051C0009A4218D1FF2A16D0079B002B02D1069BCA
:1051D000092B10D9089B1B9A1D999B1A180008933C
:1051E000FDF7A9FF0022129B0E925B785A1E934195
:1051F000129AD3181293079B002B0FD1069B092BF1
:105200000CD8099B089A199358AB9B1A0993002351
:1052100026000C931D0010931193F2E40C9B089D43
:105220000693109B0793B7E70F2058AB0893089B92
:105230001F9A013B0893069B0340D35C089A1370A6
:10524000079B1907069B1A09079B11431B09079324
:105250000B00079A06911343E9D1D2E758AA0892A6
:10526000002BCED1F607CCD51EAAE7339B183022EF
:1052700089E70F9B002B00D164E30F9A1B213FAB02
:105280001A7000221EA809180A700D94FFF7BDFAC3
:105290000C9BFFF744FB1020121878602E922D9380
:1052A000072B08DD0B990A982CAA01F03FFC002877
:1052B00000D026E32FA90F00103CC5E410201218DF
:1052C00078602E922D93072B08DD0B990A982CAA53
:1052D00001F02CFC002800D013E32FA90F00103C94
:1052E0000BE51020121878602E922D93072B08DD05
:1052F0000B990A982CAA01F019FC002800D000E3B1
:105300002FA90F00103C18E5FFFBFFFF30780000CD
:1053100004B2020815B202080F9B652B00DC41E2C3
:105320001498159900220023DBF79AF8002877D00B
:10533000CA4B3B6001237B60199B083701332E93D6
:105340002D9B01332D93072B08DD0B990A982CAA6E
:1053500001F0ECFB002800D0D3E22FAF269B0E9A81
:10536000934201DBF3071BD51C9B169A3B60169BEF
:105370007B602E9B08379B182E932D9B01332D931A
:10538000072B08DD0B990A982CAA01F0CFFB002807
:1053900000D0B6E22FAF0E9B10255C1E002C2EDC39
:1053A000760700D590E2189B1A9A934200DA130010
:1053B000179AD31817932E9B002B07D00B990A9896
:1053C0002CAA01F0B3FB002800D09AE200232D9311
:1053D0000C9B002B00D0B0E22FAFDCE510327D60DB
:1053E0002E922D93072B08DD0B990A982CAA01F019
:1053F0009DFB002800D084E22FA90F00103C39004B
:105400002D9B97482E9A013308313860102CE5DC2B
:105410007C60A4182E940F002D93072BC0DD5FE055
:10542000269B002B78DC8D4B3B6001237B60199B16
:10543000083701332E932D9B01332D93072B08DD65
:105440000B990A982CAA01F071FB002800D058E2B1
:105450002FAF0E99269B2E9A0B43012131400B430F
:105460009ED01C9B3B60169B7B609A182D9B2E92B6
:1054700001332D930837072B08DD0B990A982CAAC6
:1054800001F054FB002800D03BE22FAF269C002CFB
:1054900019DA3800102564422D99714A2E9B01318A
:1054A00008370260102C25DC4460E4182E942D91FE
:1054B000072908DD0B990A982CAA01F037FB002870
:1054C00000D01EE22FAF089B2E9A3B600E9BD21895
:1054D0002E922D9A7B6001322D92072A00DC5BE42C
:1054E0000B990A982CAA01F021FB002800D008E2B1
:1054F0002FAF55E7103345602E932D91072908DD16
:105500000B990A982CAA01F011FB002800D0F8E1B1
:105510002FAF3800103CBFE70E9B2C009D4200DDF2
:105520001C00002C14DD089B7C603B60199B083735
:10553000E3182E932D9B01332D93072B08DD0B9938
:105540000A982CAA01F0F2FA002800D0D9E12FAF76
:10555000E343DB171C402C1B002C18DD39002D9B6E
:105560003F482E9A013308313860102C7ADC7C6079
:10557000A4180F002E942D93072B08DD0B990A9881
:105580002CAA01F0D3FA002800D0BAE12FAF089B73
:105590005D1973050BD5119B002B76D1109B002B49
:1055A00076D1089B0E9A9B189D4200D91D00269B20
:1055B0000E9A934201DBF30716D51C9B169A3B60AB
:1055C000169B7B602E9B08379B182E932D9B0133D7
:1055D0002D93072B08DD0B990A982CAA01F0A6FA47
:1055E000002800D08DE12FAF0E9A089B9446269C90
:1055F00063445B1B141B9C4200DD1C002E9B002C93
:1056000012DDE3182E932D9B3D6001337C602D93BA
:105610000837072B08DD0B990A982CAA01F086FAA7
:10562000002800D06DE12FAF0E9A269B1025D31ACB
:10563000E243D21714401C1B002C00DCB0E63900FA
:105640002D9B07482E9A013308313860102C00DD5D
:1056500096E012197C602E92DDE6C04626B2020862
:1056600038B202081020121878602E922D93072B62
:1056700008DD0B990A982CAA01F058FA002800D0EE
:105680003FE12FA90F00103C68E7109B002B5DD075
:10569000109B013B10931D9B1B9A3B601B9B7B60E7
:1056A0002E9B08379B182E932D9B01332D93072B90
:1056B00008DD0B990A982CAA01F038FA002800D0CE
:1056C0001FE12FAF089B0E9A9C18129B641B1B783E
:1056D0009C4200DD1C002E9B002C12DDE3182E9353
:1056E0002D9B3D6001337C602D930837072B08DD2F
:1056F0000B990A982CAA01F019FA002800D000E1B1
:105700002FAF129B1A78E343DB171C40141B002CAD
:1057100018DD39002D9BAA482E9A013308313860D4
:10572000102C1ADC12197C602E920F002D93072B7F
:1057300008DD0B990A982CAA01F0F8F9002800D08E
:10574000DFE02FAF129B1B78ED1824E7129B013B83
:105750001293119B013B11939DE710201218786062
:105760002E922D93072B08DD0B990A982CAA01F095
:10577000DDF9002800D0C4E02FA90F00103CC8E7D5
:1057800010327D602E922D93072B08DD0B990A981D
:105790002CAA01F0CBF9002800D0B2E02FA90F000D
:1057A000103C4CE73C0019992D9B0E9A01310133B6
:1057B0000834012A03DC0122164200D17FE0089A56
:1057C0002E913A6001222D937A60072B08DD0B9908
:1057D0000A982CAA01F0AAF9002800D091E02FAC79
:1057E0001C9B169A2360169B63602E9B08349B18A3
:1057F0002E932D9B01332D93072B07DD0B990A98D0
:105800002CAA01F093F900287BD12FAC2D9B00220C
:105810001498159909930E9B2E9F5D1E0023DAF7AD
:105820001FFE002826D1089B099A01330E99236098
:105830007B1E01325B1865602E932D920834072A77
:1058400007DD0B990A982CAA01F070F9002858D1AD
:105850002FAC28AB23601E9B1E9A63602E9B9B1867
:105860002E932D9B01332D93072B00DD38E6083452
:10587000270095E51027002DEBDD21002D9B5048DA
:105880002E9A013308312060102D07DC65600C0072
:10589000AD182E952D93072BDBDDD2E71032676014
:1058A0002E922D93072B07DD0B990A982CAA01F055
:1058B0003DF9002825D12FA90C00103DDDE70898FF
:1058C0002E9105C72D93E6E7189B1A9A10259C1A6E
:1058D000002C00DC67E52D9B3A492E9A0133396094
:1058E000102C19DC7C60A4182E942D93072B00DC5F
:1058F00059E50B990A982CAA01F018F9002800D153
:1059000051E50C9B002B01D1FFF745F819000A98CF
:10591000FDF780FDFFF73FF810327D602E922D934A
:105920000837072B07DD0B990A982CAA01F0FEF81F
:105930000028E6D12FAF103CCDE70C990A98FDF76F
:1059400069FD49E52E9B002B01D1FFF724F80B9947
:105950000A982CAA01F0EAF8FFF71DF83400002A93
:1059600001D1FEF78CFF012B01D1FFF701FC022BC7
:1059700000D159E4072558AB0893089A1300013B5E
:105980000893069B08992B4030330B7007994E07FC
:105990000699C80807990643C90807913100079876
:1059A00006960143E9D1E10700D42AE4302B00D167
:1059B00027E43021089B013B1970931E089320E4D3
:1059C00038B2020828B2020870B505000C1E02D1D8
:1059D0000026300070BD002804D0436B002B01D19D
:1059E000FDF7C2FA636EDB0705D4A3899B0502D4D9
:1059F000A06DFDF783FC0C22A35E002B09D1626E23
:105A0000013316001E401A42E2D1A06DFDF777FC6B
:105A1000DFE72100280000F037F8E36A0600002BDA
:105A200006D02800E1699847002801DA012676426D
:105A3000A3891B0603D528002169FDF7EBFC216B28
:105A4000002908D023004033994202D02800FDF7F6
:105A5000E1FC00232363616C002904D02800FDF7DA
:105A6000D9FC00236364FDF76FFA0023A381636E02
:105A7000DB0702D4A06DFDF742FCA06DFDF73DFCF5
:105A8000FDF76AFAA5E70000F7B50C23CA5E0C0023
:105A9000050091B2130764D480231B01134362688D
:105AA000A381002A04DCE26B002A01DC0020FEBD99
:105AB000A76A002FFAD0002280202E682A601A00E0
:105AC0004001E1690240034238D0206DA3895B07A1
:105AD00006D56368C01A236B002B01D0E36BC01A94
:105AE000020000232800A76AE169B847A289431C85
:105AF00006D129681D2930D82C4B0B41DB072CD44B
:105B00002B4B13400022626022691BB2A3812260EA
:105B1000DB0405D5431C02D12B68002B00D1206586
:105B2000216B2E600029C1D023004033994202D05E
:105B30002800FDF76FFC00202063B8E70123280050
:105B4000B847431CC2D12B68002BBFD01D2B01D0FE
:105B5000162B01D12E60A9E7A28940231343A3810C
:105B6000A5E72669002EA1D027682660BB1B0193FC
:105B70000023890700D16369A360019B002B00DC2F
:105B800094E7636A32001F002800019BE169B8476F
:105B9000002806DC40230120A28940421343A38150
:105BA00085E7019B36181B1A0193E6E7FEFFBFDF6E
:105BB000FFF7FFFF70B505000C00002804D0436B11
:105BC000002B01D1FDF7D0F90C22A35E1E1E15D0CB
:105BD000626ED20704D49B0502D4A06DFDF78EFB44
:105BE00021002800FFF750FF636E0600DB0705D495
:105BF000A3899B0502D4A06DFDF781FB300070BD29
:105C000000487047C407002070B5074C074D641B5F
:105C1000A410002C02D102F021F970BD013CA300B8
:105C2000EB589847F5E7C04620B302081CB30208BA
:105C3000C9B28218904201D10020704703788B428C
:105C4000FBD00130F6E7000070B514000025256098
:105C5000104D4B000A005B08AB421ADC1D000543E7
:105C600017D00D4D294209D100220C4BDCF76CF9FD
:105C700036250A004B006D425B082560084D1B1558
:105C80005B192568EB182360064B1A40064B13433B
:105C9000190070BDFFFFEF7F0000F07F0000504350
:105CA00002FCFFFFFFFF0F800000E03FF7B51C4F35
:105CB00004003868160001930091FDF71FFB194A94
:105CC0001368002B01D1184B13605A6838681F2ADB
:105CD00004DDFDF714FB01204042FEBD002C14D072
:105CE000910059180F0088373E6001271E00974029
:105CF0008536FF367568FC313D437560019DCD608A
:105D0000022C02D1B1683943B160511C5960023292
:105D100000999200D150FDF7F2FA0020DDE7C0466D
:105D20006409002044980120489801207FB51400A0
:105D30001A00094B05001B680E00D868074B002CA1
:105D400001D1074B1C000749019302942B000096D8
:105D500000F0DCFE01F0DDFE6009002048B2020820
:105D600083B2020855B20208F8B500240B0C160CD9
:105D7000A34233D1A64221D18BB291B25943FBF752
:105D8000B3FD051E33D00300083B5A6803239A4332
:105D9000043A242A32D80300132A0AD90460446042
:105DA00008331B2A05D98460C460242A21D003004B
:105DB000103300221A605A609A6018E0331C0D1CE0
:105DC00089B292B24A43ADB299B26943130CC91871
:105DD0000B0C07D1090492B21143D0E7002E01D178
:105DE000151CEDE7FDF75EFA0C2300250360280083
:105DF000F8BD0300046118334461DAE70021FDF7C0
:105E000066F9F4E7F0B502690B6989B007000491FF
:105E100000209A4269DB013B9C0001930B00143384
:105E200006931B1905933B00143303931C19059B20
:105E300026681D68300001352900DAF78BF90290D9
:105E4000AE4229D3069B00269C46039D06966246D9
:105E500008CA28689446029A99B251431B0C5343CE
:105E600089190A0C9B1807931E0C069B82B2D21844
:105E70006B4689B29B8B521A010CC91A1314CB18AA
:105E8000191492B21B04134308C5059B0691634580
:105E9000DDD22368002B30D038000499FEF75CF97E
:105EA000002821DB38000026029B049C013302936A
:105EB00014301434036802CC9DB2AD198AB2AA1A08
:105EC000090C1B0C5B1A11145B181E1492B21B04F4
:105ED000134308C0059BA342ECD2019B039A9B008D
:105EE000D3181A68002A15D0029809B0F0BD2368AB
:105EF000002B06D1019B013B0193039B043CA34271
:105F0000F5D3019B3B61C7E71A68002A06D1019AC5
:105F1000013A0192039A043B9A42F5D3019B3B61FB
:105F2000E2E70000F0B514001D00816B9DB00894FD
:105F30000995259E0490002909D00123C26B934046
:105F40004A608B60FDF7AEFE0023049A9363002D38
:105F50001EDA012333606B005B080993099FB54B80
:105F6000B44A3B40934216D1B34B249A13603B038F
:105F70001B0B234301D100F0B2FDB04B269A0693D0
:105F8000002A02D0AE4B269A136006981DB0F0BDD1
:105F900000233360E2E7089A099B1092119310984E
:105FA000119900220023DAF75BFA061E09D00123BB
:105FB000249A1360A34B0693269B002BE5D0A24B9B
:105FC000E1E71AAB01931BAB00930498109A119B65
:105FD000FEF7DEF97A000590520D00D17BE0119BAF
:105FE00017961903994B090B0B43994957181098A9
:105FF000119919000022974BDCF768FA964A974BE3
:10600000DBF7A2FF964A974BDBF744F80400380011
:106010000D00DCF731FE944A944BDBF795FF02004C
:106020000B0020002900DBF735F804000D00DCF739
:10603000EDFD00220390002320002900DAF716FA74
:1060400000280BD00398DCF717FE2B002200DAF7AC
:1060500007FA43425841039B1B1A039301231693EB
:10606000039B162B10D810981199039A804BD200DD
:106070009B181A685B68DAF7F9F9002847D0039B88
:10608000013B03930023169300221A9B0A92DB1B09
:106090005A1E3ED50122D31A0A9300230C93039B68
:1060A000002B38DB039A0C9B944663440C9300232B
:1060B00013920D93229B0124092B67D8052B02DD37
:1060C0000024043B2293229B981E032867D8DAF70A
:1060D0002DF82B3A385B1B9B1A9EF618654BF2186D
:1060E000202A0FDD40239B1A9F40634B3800F31892
:1060F000DC402043DCF7F0FD0122604B771ECB181B
:10610000179276E7202320009B1A9840F2E716901A
:10611000BAE70C92C3E70A9B039A9B1A0A9353426D
:106120000D9300231393C5E700230F93239B0B9339
:106130000793002B13DC01231A000B930793239280
:106140000DE00123F1E70023239A0F939446039B6C
:1061500063440B9301330793002B00DC01230021E0
:1061600004221000143098421DD9049B1800D963F2
:10617000FDF770FD0690002818D1B021404B414832
:10618000069AFF31FFF7D2FD0123DDE700230F94CC
:106190002293013B0B93079300221333CFE7012394
:1061A0000F93023BF6E701315200DAE7049B069AAF
:1061B0009A63079B0E2B00D9E3E0002C00D1E0E0AE
:1061C000039B002B62DD0F21039A294B0A40D2006A
:1061D0009B181E685F68039B02241D11DB050AD50E
:1061E000294B0D401A6A5B6A10981199DBF7B2FAD5
:1061F000089009910134244B0E93002D08D1089882
:10620000099932003B00DBF7A5FA0890099158E0A4
:1062100001231D4209D0E4180E9B30001A685B6808
:106220003900DBF791FE06000F000E9B6D1008335E
:10623000E2E7C0460000F07F0F2700008DB20208A1
:1062400090B2020826B2020827B202080000F03F0E
:1062500001FCFFFF0000F83F61436F63A787D23F57
:10626000B3C8608B288AC63FFB799F501344D33F45
:1062700020B102083204000012040000000010FEE9
:1062800029B0020891B20208F8B00208039B022468
:10629000002B16D0109811990F225D422A40DD4B39
:1062A000D2009B181A685B68DBF74EFE01270023BB
:1062B00008900991D84E2D11002D00D091E0002BAF
:1062C000A3D1089E099F169B002B00D194E00022C9
:1062D00030003900D14BDAF7C9F8002800D18BE043
:1062E000079B002B00D187E00B9B002B45DD039B18
:1062F0000022013B0E933000C94B3900DBF724FE2E
:10630000089009910B9B01342000089E099F12936D
:10631000DCF7B2FC32003B00DBF716FE0022C14B7B
:10632000DAF7B8FEC04A14901591149B159C944658
:1063300008930994159B634418930993129B002BAF
:106340005ED10022B94B30003900DCF7BFF8089A63
:10635000189B04000D00DAF79DF8002800D0B3E286
:10636000B3481599844661440B0020002900089A1F
:10637000DAF77CF8002800D0A3E2109B119C089368
:1063800009941B9B002B00DA79E1039A0E2A00DDA9
:1063900075E1A04BD2009B181E685F68239B002B01
:1063A00000DBE5E0079B002B00DDE1E000D088E2A8
:1063B0000022300039009D4BDBF7C6FD089A099B8F
:1063C000DAF772F8079E3700002800D05FE2069BDC
:1063D000069A0133089331231370039B013303930F
:1063E0005AE23D4205D032687368DBF7ADFD3B00F1
:1063F00001346D1008365FE7039B0E93079B83E71C
:10640000129A844B013AD2000F999B18089C099D5F
:106410001A685B68002951D000208649DBF79AF999
:1064200022002B00DCF752F8069A040094460D0077
:10643000069B1493129B6344189339003000DCF7D9
:10644000E5FB1290DCF718FC02000B00300039006D
:10645000DCF73CF8149B149A01330893129B060056
:106460003033137022002B000F00D9F7FFFF0028F4
:1064700074D132003B0000206849DCF727F8220085
:106480002B00D9F7F3FF002800D0D7E0189B089A1B
:10649000934200D171E7002220002900604BDBF716
:1064A00053FD5F4B04000D00300039000022DBF784
:1064B0004BFD089B06000F001493BEE72000290047
:1064C000DBF742FD069A069B94460893129B1490B4
:1064D00015916344199330003900DCF797FB18904D
:1064E000DCF7CAFB02000B0030003900DBF7EEFFDF
:1064F000189E089B3036199A1E70013304000D0057
:10650000089393422DD114981599069A129B94469C
:10651000634400220893474BDAF7BCFD02000B00EE
:1065200020002900D9F7B6FF002800D086E0149A91
:10653000159B00203F49DBF7C9FF02000B0020003C
:106540002900D9F793FF002800D116E7089B1A000D
:10655000013A08921278302AF8D008930E9B0393E0
:1065600046E000222E4BDBF7EFFC06000F00B2E7FF
:10657000069B069A0A93079B089C099D013B9B1862
:106580000B9332003B0020002900DBF7E3F8DCF737
:106590003DFB0790DCF770FB32003B00DBF7D4FCDF
:1065A00002000B0020002900DBF790FF0A9B1A0075
:1065B00001320A920892079A30321A700B9A9A4264
:1065C0004FD102000B00DAF765FD32003B000400FA
:1065D0000D00D9F75FFF00282ED132003B002000CC
:1065E0002900D9F73DFF002802D0079BDE0723D4FE
:1065F00005990498FDF756FB0023089A1370039B36
:10660000249A01331360269B002B00D1BDE4089A25
:106610001A60BAE420B10208F8B002080000F03FA6
:106620000000244000001C400000C0FC000014409A
:106630000000C07C0000E03F039B0E93089B089382
:10664000013B1A78392A08D1069A9A42F7D10E9A54
:10665000069901320E9230220A701A7801321A70AD
:106660007CE70022A94BDBF76FFC0022002304002B
:106670000D00D9F7F5FE002800D182E7B8E70F9F9B
:106680000D9D0A9C002F12D0229A012A6EDC179AC7
:10669000002A65D09E4A9B180A9A0121D2180A92B4
:1066A0000C9A0498D3180C93FDF7DEFB0700002C1E
:1066B0000ED00C9B002B0BDD0C9A2300944200DDC6
:1066C00013000A9AE41AD21A0A920C9AD31A0C935B
:1066D0000D9B002B1ED00F9B002B5CD0002D10DDDE
:1066E00039002A000498FDF787FC059A010007008D
:1066F0000498FDF7D1FB060005990498FDF7D2FA3E
:1067000005960D9B5A1BAB4204D005990498FDF7E2
:1067100073FC059001210498FDF7A6FB139B06006E
:10672000002B3ADD1A0001000498FDF765FC229B5E
:1067300006000025012B38DC0025089BAB4230D138
:10674000099B1B03AB422CD1724B099A134228D0F0
:106750000A9B013501330A930C9B01330C9320E013
:1067600036231A9A0D9D0A9C9B1A95E7079B5D1E7E
:106770000D9BAB4207DB5D1B079B0A9C002B8BDA52
:10678000E41A002388E70D9B139AEB1AD3180D9592
:1067900013930025F0E70D9AB7E7229B0025012B04
:1067A000CADD139B0120002B08D0336903339B0003
:1067B000F3185868FDF710FB2023181A0C9B1818C3
:1067C00002001F231A40184247D001339B1A042BA2
:1067D0003FDD1C239B1A0A9AE418D2180A920C9ADD
:1067E000D3180C930A9B002B05DD1A000599049819
:1067F000FDF744FC05900C9B002B05DD31001A00D1
:106800000498FDF73BFC0600169B002B27D03100B7
:106810000598FDF7A1FC002821DA039B0A22013B21
:106820000393059900230498FDF746FA0F9B059002
:10683000002B00D15DE1002339000A220498FDF706
:106840003BFA0B9B0700002B49DC229B022B0EDC42
:1068500045E0042BC6D01C33BDE71300FBE7079BC4
:10686000002B36DC229B022B33DD079B0B930B9B0B
:10687000002B0CD1310005220498FDF71DFA06000B
:1068800001000598FDF768FC002800DD9FE5239BCB
:10689000DB430393069B0893002531000498FDF722
:1068A00001FA002F00D1A3E6002D05D0BD4203D090
:1068B00029000498FDF7F6F939000498FDF7F2F97C
:1068C00096E600263700E2E70E9B129E0393370000
:1068D0007DE50F9B002B00D1C3E0079B0B93002CA1
:1068E00005DD390022000498FDF7C8FB07003800D9
:1068F000002D24D079680498FDF7ACF9041E11D15D
:106900002200054B054806493CE4C04600002440EF
:10691000330400000000F07F29B0020891B20208A1
:10692000EF02000039003A690C31023292000C305B
:10693000FCF7F9FC012221000498FDF79FFB069B60
:106940000B9A0793013B9B1801223D0007000E9311
:10695000089B13400D9331000598FFF753FA290067
:1069600004000B900598FDF7F7FB3A000C903100FE
:106970000498FDF70DFC0122C368303408900A9298
:10698000002B04D101000598FDF7E6FB0A90089959
:106990000498FDF787F9079B0A9A01330893229B15
:1069A00013430D9A134309D1392C22D00C9B002B91
:1069B00001DD0B9C3134079B1C706EE70C9B002B98
:1069C00004DB229A13430D9A13431ED10A9B002B1A
:1069D000F1DD059901220498FDF750FB3100059087
:1069E000FDF7BAFB002802DCE5D1E307E3D5392C3B
:1069F000DFD13923079A1370089B0893013B1A785B
:106A0000392A63D001321A7047E70A9B002B03DD55
:106A1000392CEED00134CEE7079B079A1C700E9BF1
:106A200093423ED000230A2205990498FDF744F9C9
:106A3000002305900A2229000498BD4206D1FDF7E3
:106A40003BF905000700089B079384E7FDF734F93D
:106A50003900050000230A220498FDF72DF90700EC
:106A6000F1E7079B0B93002531000598FFF7CAF962
:106A7000069B303058550B9B01350400AB4207DDB7
:106A800000230A2205990498FDF716F90590EBE713
:106A90000B9A0123002A00DD13000025069AD31863
:106AA0000893059901220498FDF7E8FA3100059052
:106AB000FDF752FB00289FDC01D1E4079CD4089B22
:106AC0000893013B1A78302AFAD0E6E6069A9A42F1
:106AD00093D1039B0133039331231370DDE6094BFC
:106AE000269A0693084B002A01D0FFF74CFAFFF7CD
:106AF0004CFA0B9B002BB6DC229B022B00DDB6E68A
:106B0000B1E7C04684B202088CB202080EB417B5D1
:106B1000054C05AB04CB01002068019300F0BEF8E2
:106B20001EBC08BC03B0184760090020F0B513680C
:106B300087B017000393936800220C00059002921F
:106B4000019293420DD1002000237B6007B0F0BD7D
:106B5000039B1B680293039B5B680193039B0833B1
:106B60000393019AA6682368002AF1D0B2422ED37B
:106B70009021A289C9000A4229D0032021695B1A09
:106B8000049363694343DD0FED18049B01980133BF
:106B90001B186D10AB4200D91D00520532D52900DB
:106BA0000598FAF7A1FE061E36D0049A2169FCF773
:106BB000BAFBA2891E4B1A4080231343A381049B76
:106BC0002661F61826606561019EED1AA560019B9D
:106BD0009E4200D91E00320002992068FCF764FA38
:106BE000019AA36894469B1BA36023689B192360AA
:106BF000029B63440293BB689B1ABB60A3D0002333
:106C00000193AEE72A000598FBF7B6F8061ED6D129
:106C100021690598FCF7FEFB0C23059A01201360FF
:106C2000A28934331343A38100234042BB608BE726
:106C30007FFBFFFFF0B5936885B001900D00140055
:106C4000181E18D04B6E9B0424D5176800263B688D
:106C500002937B6800939B080393039BB3420EDC73
:106C60000322009BA0689343C01AA0600837002845
:106C7000ECD10023A3600023636005B0F0BD02994E
:106C8000B300C9582A00019800F01AFF431CF0D045
:106C90000136E2E7019800F013FDEAE7F0B5C1B074
:106CA0001C001F00069003910792002804D0436B3C
:106CB000002B01D1FCF758F9039B5B6EDB0707D46F
:106CC000039B9B899B0503D4039B986DFCF716FBE4
:106CD000039B0C229A5E80239B011A4207D1134327
:106CE000039A9381536EA34A1340039A5366039BFE
:106CF0009B891B0703D5039B1B69002B18D10399A4
:106D0000069800F03BFE002812D0039B5B6EDB0769
:106D100005D501235B420893089841B0F0BD039B61
:106D20009B899B05F5D4039B986DFCF7E8FAF0E787
:106D30001A22039B9B891A400A2A16D1039A0E2114
:106D4000525E002A11DB039A526ED20705D49B05CE
:106D500003D4039B986DFCF7D2FA2300079A03999A
:106D6000069800F069FC0890D6E7002317AD14954B
:106D7000169315930C930D930E930F930893079C02
:106D80002378002B02D0252B00D08DE0079BE61A3C
:106D90009C4216D02B60169B6E609B191693159B18
:106DA000083501331593072B08DD0399069814AABB
:106DB000FFF740FF002800D0D9E317AD089B9B19CF
:106DC00008932378002B01D100F0F6FB002212A9D2
:106DD000CA700121631C14004942059109925A1C92
:106DE0001B780792180020385A2800D962E3D9F797
:106DF000A7F9780061036103810061036103610306
:106E00005D006103610383008B00610389008F00D3
:106E10006103AD00AF00AF00AF00AF00AF00AF0047
:106E2000AF00AF00AF006103610361036103610361
:106E30006103610361036103DA00E600610361033A
:106E40006103610361036103610361036103610322
:106E50004301610361036103820161037C026103F9
:106E60006103AE02610361036103610361036103B6
:106E70006103610361036103DA00E80061036103F8
:106E80006103C300E800D6006103CF00610326015F
:106E900045017401D600610382017F007E02610317
:106EA0006103CD0261037F00013469E70698FEF7B4
:106EB000A7FE436818000F93D9F730F90E90069893
:106EC000FEF79EFE83680D930E9B002B10D00D9B4A
:106ED000002B0DD01B78002B0AD08023DB001C4335
:106EE00006E012ABDA780333002A01D120321A709F
:106EF000079B74E70123F2E708CF0993002BF7DA29
:106F00005B4209930423EAE72B2212ABDA70EFE726
:106F1000079B5A1C1B782A2B0FD0002105911900C2
:106F200030390792092900D95CE70A20059B4343C1
:106F30005B18059313780132F1E708CF0593002B16
:106F400002DA01235B4205930792D1E78023C6E76B
:106F50000021079A09910A200999303B41435B18A7
:106F6000099313001B78013219003039079209295F
:106F7000F1D937E7FFDFFFFF079B1B78682B05D1AF
:106F8000079B0133079380239B00A8E74023A6E7D4
:106F9000079B1B786C2B04D1079B0133079320239D
:106FA0009DE710239BE73A0008CA27AE3370002301
:106FB000049212AAD37001220B930592B0E0102321
:106FC0001C43A3062AD5072307379F4339000CC962
:106FD000009201930491019A0123002A09DA009E8C
:106FE000019F00227142BA41009101922D2112AA03
:106FF000D1700199009A0A430599013100D1E9E263
:10700000802127008F43002A00D0E7E2059A002A5A
:1070100000D143E2012B00D0E3E2E7E13A0008CAE5
:107020000492E20603D50093DB170193D3E76206CF
:1070300001D51BB2F7E7A205F5D55BB2F3E73B1D1F
:107040000493A30606D53B68089A1A60D2175A60C3
:10705000049F94E6E30603D53B68089A1A60F7E7B5
:10706000630603D53B68089A1A80F1E7A405F3D5B7
:107070003B68089A1A70EBE710231C43202320007A
:1070800018401C420DD0193B07379F4339000CC9EB
:10709000009201930491CC4B1C400023002112AAC2
:1070A000A6E73A0008CA21000492102211401442B7
:1070B00002D000930190EEE74022200010401442DD
:1070C00003D09BB200930191E5E78022210092005A
:1070D00011401442F6D0DBB2EBE73B0004CBBB49D6
:1070E00004930023009213AA1180B94A019302333A
:1070F0001C430C92D2E73B00002740CB049312AB19
:10710000DF70059B013300D1EAE039003000059AB9
:10711000FEF78EFD0B90B84202D0831B05930B97B0
:107120000B9B059A0A93934200DA0A9212AB03333F
:107130001B785A1E93410A9AD3180A9322000223FD
:107140001A4010921C4202D00A9B02330A938423F5
:1071500022001A4011921C421ED1099B0A9A9F1AC2
:10716000002F19DD2900159B9A48169A0133083122
:107170002860102F00DDA7E16F60BF180D00169783
:107180001593072B08DD0399069814AAFFF752FD03
:10719000002800D0EBE117AD12A9C878169A159B0C
:1071A0000331002812D0296001210133521869608F
:1071B000169215930835072B08DD0399069814AA33
:1071C000FFF738FD002800D0D1E117AD1099169ACD
:1071D000159B002913D013A92960022101335218ED
:1071E0006960169215930835072B08DD03990698F8
:1071F00014AAFFF71FFD002800D0B8E117AD119BBE
:10720000802B1ED1099B0A9A9F1A002F19DD290095
:10721000159B7148169A013308312860102F00DD44
:1072200064E16F60BF180D0016971593072B08DDFA
:107230000399069814AAFFF7FDFC002800D096E1F8
:1072400017AD0B9B059A9F1A002F19DD2900159B7E
:107250006148169A013308312860102F00DD57E18C
:107260006F60BF180D0016971593072B08DD039963
:10727000069814AAFFF7DEFC002800D077E117ADCE
:10728000059B059A6B60169B2E609B181693159BA9
:10729000083501331593072B08DD0399069814AAC6
:1072A000FFF7C8FC002800D061E117AD640700D5E6
:1072B00040E1099B0A9A934200DA1300089AD31816
:1072C0000893169B002B07D00399069814AAFFF782
:1072D000B1FC002800D04AE1002317AD1593B7E6B2
:1072E0003000D8F71BFF059019E710231C4320231B
:1072F000200018401C4209D0193B07379F43390032
:107300000CC90092019304910123C7E63B0004CB12
:1073100021000493102319401C4203D000920190D5
:107320000F3BBBE64023200018401C4203D093B221
:1073300000930191E8E7802321009B0019401C4243
:1073400003D0D3B200930190DEE70092F1E7234A25
:1073500020000C9220221040144219D0193A07370D
:107360009743380006C8009101920490E20709D5BE
:10737000009A01990A4305D013AA302153700223C1
:1073800011701C43104B1C40022387E6104ADFE7B4
:10739000390004C92600049110210E400C4202D08D
:1073A00000920190E2E74021200008400C4203D007
:1073B00092B200920196D9E78021260089000E4002
:1073C0000C42F6D0D2B2EBE7FFFBFFFF30780000B3
:1073D00004B20208E9B20208F9B2020815B20208C2
:1073E000019B002B09D1009B092B06D8B72612ABB5
:1073F000F618009B3033337015E180230024DB0046
:107400003B4040AE0A930A22009801990023D9F725
:1074100099F80A9B013E30320B9010913270013482
:10742000002B1AD00D9B1B78A34216D1FF2C14D031
:10743000019B002B02D1009B092B0ED90E9B0F99AB
:10744000F61A1A003000FBF776FE0D9B00245B78DD
:107450005A1E93410D9AD3180D93019B002B03D113
:10746000009B092B00D8DEE00B9B0093109B01933F
:10747000C9E70F20009B0C9A0340D35C013E337098
:10748000019B1907009B1A09019B11431B090193DA
:107490000B00019A00911343ECD1C4E040AE002BE5
:1074A00000D0C0E0E40700D4BDE0B72612ABF61868
:1074B0003023A0E7002B00D17EE027AE33700023FD
:1074C00012AAD370049776E51020121868601692FD
:1074D0001593072B07DD0399069814AAFFF7AAFB5B
:1074E000002844D117A90D00103F3BE610201218C8
:1074F000686016921593072B07DD0399069814AA66
:10750000FFF798FB002832D117A90D00103F7EE647
:1075100010201218686016921593072B07DD039947
:10752000069814AAFFF786FB002820D117A90D00A2
:10753000103F8BE6099B0A9A10269C1A002C00DC4F
:10754000B7E615993B4A169B01312A60102C22DCC4
:107550006C60E41816941591072900DCA9E60399DC
:10756000069814AAFFF766FB002800D1A1E6039B4A
:107570005B6EDB0707D4039B9B899B0503D4039BAE
:10758000986DFBF7BCFE039B9B895B0601D4FFF75C
:10759000C3FBFFF7BEFB10336E60169315910835E1
:1075A000072907DD0399069814AAFFF743FB002873
:1075B000DDD117AD103CC4E7169B002B02D1002390
:1075C0001593D4E70399069814AAFFF733FB002814
:1075D000F5D0CCE72700002A00D11BE5012B00D114
:1075E000FEE640AE022B00D143E707239C466346EC
:1075F000009932000B400199013E4C07009930334D
:10760000C80801990443C908019121000198337009
:1076100000940143EBD1F90705D5302B03D030237B
:10762000013E3370961E059B3C000B9340AB9B1BA9
:10763000059375E5E9B20208F0B5150002221E4C6B
:107640001F008B89A54493436A4693814B6E0600C5
:107650001993CB8916A8D381CB690C0007934B6A89
:1076600009931AAB009304938023DB0002930593E4
:1076700000230693FBF740FE2A003B0069463000DA
:10768000FFF70CFB051E07DB69463000FEF792FA98
:10769000002801D001256D426B469A8940231A4289
:1076A00002D0A2891343A3811698FBF726FE280077
:1076B000024B9D44F0BDC04694FBFFFF6C040000EC
:1076C000F0B5936887B00C0002900492002B02D1B1
:1076D000002007B0F0BD8B891B0757D50B69002B25
:1076E00054D0049B02221B680193A3891F001740FA
:1076F000134271D1012201211A400B4200D1A5E0B1
:1077000038003E000397039B002B00D10BE10028BB
:107710000AD11A000A213000FEF78AFA039B5F1C87
:10772000002801D00130871B039B05979F4200D999
:10773000059320682269A5686369904200D8FBE040
:10774000059AED18AA4200DCF6E031002A00FBF7AA
:10775000ABFC236821005B1902982360FEF72AFA2C
:1077600000286ED101207F1B05D121000298FEF771
:1077700021FA002865D1039B049A5B1B0393049BA9
:1077800076199B685B1B9360BDD1A1E7210002982D
:1077900000F0F4F80028A4D00120404299E7019BB2
:1077A0001E685D6808330193676AE169002DF6D0B1
:1077B0006E4A2B00954200D9130032000298B84758
:1077C00000283EDD049B049A9B6836181B1A2D1A6C
:1077D0009360002BE8D17BE700263500E4E7019BAE
:1077E0001B680393019B5D68083301930C22A35E21
:1077F0002068A668002DF2D0802189009AB20B4241
:1078000062D0AE4237D89023DB001A4233D02169D0
:10781000431A0320059363694343DF0FFF18059B59
:107820007F1001335B19BB4200D91F0052053CD5C4
:1078300039000298FAF758F8061E0AD10C23029A6A
:1078400013604023A2891343A381A5E71500039287
:10785000CCE7059A2169FBF766FDA289444B1A40E3
:1078600080231343A381059B2661F61826602E0012
:107870006761FF1AA7602F00AE4200D92E003200C8
:1078800003992068FBF710FCA3689B1BA360236887
:107890009B192360039B049ADB190393049BED1B44
:1078A0009B68DB1B9360A1D112E73A000298FAF7BC
:1078B00063FA061ED7D121690298FBF7ABFD80223F
:1078C000A3899343A381B9E72369834202D36769FC
:1078D000AF4216D9AE4200D92E0032000399FBF711
:1078E000E3FBA36822689B1B92193700A360226008
:1078F000002BCFD121000298FEF75CF90028C9D0F7
:107900009FE71C4B28009D4200D91B483900D8F73F
:10791000ABFC3B00666A4343039AE1690298B047B7
:10792000071EB7DC8DE7019B00201E685B68039390
:10793000019B08330193E6E6059A934208DC656AE9
:107940003200E1690298A847051E00DD0AE778E7E2
:10795000059A3100FBF7A8FB059AA36815009B1A4E
:10796000A36023689B182360FCE6C04600FCFF7FF1
:107970007FFBFFFFFEFFFF7FFFFFFF7F304B70B5F8
:10798000050018680C00002804D0436B002B01D1BF
:10799000FBF7EAFA0C23E25E93B2110723D4D9066F
:1079A00007D4092301202B6037331343A3814042BE
:1079B00070BD5B0713D5216B002908D0230040332D
:1079C000994202D02800FBF725FD002323632422DF
:1079D000A3899343A3810023636023692360082361
:1079E000A2891343A3812369002B0BD1A0218022FC
:1079F000A389890092000B40934203D02100280004
:107A000000F0D4F80C22A35E01201A0099B20240C3
:107A100003420FD00022A26062695242A26100209C
:107A200022698242C4D10906C2D540221343A381F0
:107A30000138BDE7880700D46269A260EFE7C0465D
:107A400060090020F0B585B00E0015000190FBF72D
:107A5000C1FB0400012819D1731EFE2B16D802ABFE
:107A60001E710027A74220D003ABD95DAB68013B54
:107A7000AB60002B04DAAA69934219DB0A2917D0FC
:107A80002B685A1C2A6019700137EBE72B00320073
:107A900001985C3303A900F043F80400431CE0D1D3
:107AA00040230600AA891343AB81300005B0F0BD26
:107AB0002A00019800F0B8F8431CE5D10600F4E76D
:107AC000536E70B505000E001400DB0705D49389D2
:107AD0009B0502D4906DFBF711FC0C23E25E802322
:107AE0009B011A4204D11A43A281626E134363665A
:107AF000280022003100FFF7A5FF636E0500DB07B9
:107B000005D4A3899B0502D4A06DFBF7F8FB2800E0
:107B100070BD062010B500F005F9012000F096F9BF
:107B20007FB51D00094B0400E0331E682B000029BF
:107B300001D10A0001A92000B047431C03D1002352
:107B40002B608A33236004B070BDC046D406002089
:107B500070B50E001D000E23C95E140096B00029FA
:107B600009DAB2898023110019401A4218D0002185
:107B7000403B080010E06A4600F0DEF80028F0DB29
:107B8000F02301991B021940074B8020C9184B4272
:107B9000594180230001DB002960236016B070BDCD
:107BA0008023DB00E5E7C04600E0FFFFF7B50226D3
:107BB0008B8905000C00334206D023004333236039
:107BC000236101236361F7BD6A4601ABFFF7C0FF84
:107BD000009907002800F9F787FE002808D10C2239
:107BE000A35E9A05EFD4032293431E43A681E4E7E4
:107BF0008023A28920601343A381009B20616361DD
:107C0000019B002B0CD028000E23E15E00F0A6F8AB
:107C1000002805D00323A2899A43023B1343A38182
:107C2000A3893B43A381CEE7F8B506000D001400FD
:107C3000002804D0436B002B01D1FBF795F9A36911
:107C4000A360A3891B072ED52369002B2BD00C23FF
:107C5000E25E80239B01EFB2EDB21A422CD0236981
:107C60002068C01A6369834205DC21003000FDF7FB
:107C7000A1FF00281DD1A3680130013BA360236848
:107C80005A1C22601F706369834204D0A389DB07FA
:107C900007D50A2D05D121003000FDF78BFF002804
:107CA00007D12800F8BD21003000FFF767FE00284B
:107CB000CDD001256D42F4E71343A381024A636EE0
:107CC00013406366CBE7C046FFDFFFFF70B50400DB
:107CD0000D001F2904D9162303600120404270BD06
:107CE0000300FC33DB69002B04D08A009B181A6860
:107CF000002A08D1200000F055F82A0001002000D9
:107D000000F03EF8EBE70020012AE8D0511C03D137
:107D1000162301302360E2E7002428001C6090470E
:107D20002000DCE710B5034B01001868FFF7CEFF19
:107D300010BDC04660090020002370B5064D040048
:107D4000080011002B6000F039F8431C03D12B68A8
:107D5000002B00D0236070BD3C980120002370B53B
:107D6000064D040008002B6000F038F8431C03D1D6
:107D70002B68002B00D0236070BDC0463C980120CA
:107D8000002370B5064D0400080011002B6000F0C0
:107D90002DF8431C03D12B68002B00D0236070BD4D
:107DA0003C98012010B500F011F810BD58220120B8
:107DB000014B40421A6070473C9801205822012034
:107DC000014B40421A6070473C9801205822012024
:107DD000014B40421A6070473C9801205822024BE8
:107DE00000201A607047C0463C98012058220120AC
:107DF000014B40421A6070473C98012058220120F4
:107E0000014B40421A6070473C98012058220120E3
:107E1000014B40421A6070473C980120054A03001C
:107E20001168002901D1044911601068C31813605A
:107E30007047C046D8990120E099012058220120BE
:107E4000014B40421A6070473C980120FEE7000059
:107E5000F8B5C046F8BC08BC9E467047F8B5C046A9
:107E6000F8BC08BC9E46704701B40248844601BC79
:087E7000604700BF6909002012
:107E7800081C3044586C80000000000000004830A6
:107E880031523000503031523000483233523000D5
:107E98004832335231004832335233004830375277
:107EA80033004830385236005030385236004830A7
:107EB8003952300048303952390048314252360080
:107EC8004831325230004831335237004830465238
:107ED8003100483046523600483046523700483163
:107EE8004152320048304152390048314452310041
:107EF80048314452350048304252340048313852F3
:107F0800300048323652300048313552300048315E
:107F1800305234004832415233004834315236002E
:107F280048334252360048313852310048314652BF
:107F3800350048334252320048323152320048311B
:107F480037523100483135523800483242523000F9
:107F58004830355230004833425237004832425296
:107F680031004830375238004830385237004831ED
:107F7800365236000000000000000000000000003B
:107F88006D650000616C6C0069660000666F7200C8
:107F98004A616E00466562004D6172004170720070
:107FA8004D6179004A756E004A756C00417567002D
:107FB800536570004F6374004E6F7600446563002C
:107FC8004D6F6E6461790000547565736461790062
:107FD8005765646E65736461790000005468757252
:107FE8007364617900000000467269646179000079
:107FF80053617475726461790000000053756E6492
:10800800617900000A0D54686973206D6F64756C9E
:10801800652077696C6C20626520666F72636564A1
:1080280020696E746F20626F6F746C6F6164657223
:10803800206D6F64652E0A0D506C6561736520753F
:10804800736520746865202253544D20466C617313
:1080580068204C6F616465722044656D6F6E73743F
:108068007261746F72222009090909090909092036
:10807800207574696C69747920746F2075706461F7
:10808800746520746865206669726D776172652E03
:108098000A0D0A092A2A2A20496D706F7274616EC6
:1080A80074202A2A2A0A0D49662074686973206D8B
:1080B8006F64756C6520697320636F6E6E65637499
:1080C8006564206469726563746C7920746F2050EC
:1080D8004320706C6561736520636C6F73652074F1
:1080E80068697320706F72742066697273742E0ADF
:1080F8000D0000000A0D4D6F64756C652025642025
:1081080077696C6C20626520666F726365642069AC
:108118006E746F20626F6F746C6F61646572206D2E
:108128006F64652E000000000A0D52656D6F74655E
:108138002075706461746520766961206D6F64755F
:108148006C652025642C20706F7274205025642083
:1081580077696C6C206265207472696767657265FF
:10816800642E00000A0D506C656173652075736597
:1081780020746865202253544D20466C6173682032
:108188004C6F616465722044656D6F6E73747261C3
:10819800746F7222207574696C69747920746F2009
:1081A80075706461746520746865206669726D779E
:1081B8006172652E090909090909090909090920CE
:1081C80020200A0D0A092A2A2A20496D706F727424
:1081D800616E74202A2A2A0A0D2D204966207468A7
:1081E8006973206D6F64756C6520697320636F6EA9
:1081F8006E6563746564206469726563746C792064
:10820800746F20504320706C6561736520636C6FD8
:108218007365207468697320706F72742066697260
:1082280073742E0A0D0909090909090909090909B7
:108238002020202D20596F75206D75737420706F64
:10824800776572206379636C652074686520656E54
:1082580074697265206172726179206166746572F1
:108268002074686520757064617465206973206680
:10827800696E69736865642E0A0D00000D0A424F25
:10828800532E726573706F6E73653A20616C6C2C37
:10829800206D6573736167652C20636C692C206E93
:1082A8006F6E650D0A0000000D0A424F532E74725E
:1082B8006163653A20616C6C2C206D65737361672E
:1082C800652C20726573706F6E73652C206E6F6EEF
:1082D800650D0A00424F532E636C696261756472C2
:1082E8006174653A20434C49206261756472617417
:1082F800652E2044656661756C7420697320393277
:10830800313630302E2054686973206166666563A3
:10831800747320616C6C20706F7274732E204966C0
:1083280020796F75206368616E676520746869736A
:108338002076616C75652C202020202020202020AC
:10834800202020796F75206D75737420636F6E6EB1
:1083580065637420746F206120434C4920706F72EC
:1083680074206F6E20656163682073746172747520
:108378007020746F20726573746F7265206F7468F3
:10838800657220617272617920706F7274732069EE
:108398006E746F2064656661756C742062617564C3
:1083A800726174650D0A0000424F532E6465626F56
:1083B800756E63653A2031202E2E2E2E2E2E2E2EEF
:1083C8002E2E2E2E203635353336206D7365630DEF
:1083D8000A000000424F532E73696E676C65636C28
:1083E80069636B74696D653A2031202E2E2E2E2E0E
:1083F800203635353336206D7365630D0A0000006D
:10840800424F532E6D696E696E746572636C696351
:108418006B74696D653A2031202E2E2E2032353549
:10842800206D7365630D0A00424F532E6D617869A4
:108438006E746572636C69636B74696D653A20313B
:10844800202E2E2E20323535206D7365630D0A00DF
:108458003D0000003E0000003C0000003E3D0000E2
:108468003C3D0000213D00000A0D284D6F64756CED
:10847800653A506F72742909090000005025640993
:10848800000000000A0A0D004D6F64756C65202518
:10849800643A0900090000002564090025643A25AA
:1084A800640900000A0D00000A0000000A0D546863
:1084B80065736520706F72747320617265207265D0
:1084C8007665727365643A000A0D4D6F64756C6564
:1084D800202564203A205025640000000A0A0D4136
:1084E8006C6C206F7468657220706F727473206191
:1084F8007265206E6F726D616C0A0D000A0D2A2A72
:108508002A204D6F64756C6520256420537461744E
:108518007573202A2A2A0A000A0D436F6E6E656356
:108528007465642076696120706F72743A205025F2
:10853800640A0D000A0D4669726D776172652076CE
:10854800657273696F6E3A2025642E25642E256442
:10855800000000005365702020372032303234008C
:108568000A0D4669726D7761726520646174653AB7
:10857800202020202573000031353A31343A343434
:10858800000000000A0D4669726D776172652074FB
:10859800696D653A2020202025730A0D000000002F
:1085A8000A0D506F727473205374617475733A0AAC
:1085B8000A0D00005025643A2000000046726565E7
:1085C8000A0D0000526563656976696E67206D65FE
:1085D8007373616765730A0D000000005374726558
:1085E800616D696E670A0D00526563656976696E2B
:1085F80067207573657220636F6D6D616E64730AB1
:108608000D000000436F6E6E656374656420746FBF
:10861800206120627574746F6E2F73776974636854
:108628000A0D00000A0D444D412053747265616DB6
:1086380073205374617475733A0A0D000A0D5374EC
:108648007265616D696E6720444D4120256420691B
:1086580073206672656500000A0D53747265616D5A
:10866800696E6720444D4120256420697320737426
:108678007265616D696E672066726F6D2050256442
:1086880020746F20502564000A0D546865736520B6
:10869800706F72747320617265207265766572738B
:1086A80065643A20000000005025642000000000A6
:1086B8004E6F6E6500000000AA4F0008B84F000812
:1086C800C64F0008D44F0008E24F00086D6500004F
:1086D800616C6C00D05A00084C57000868570008B5
:1086E80086570008B4570008E257000822580008C7
:1086F800625800084C570008D45A00081C59000852
:108708003C5900085E59000890590008C2590008F1
:10871800065A00085C5A00081C590008745D0008D5
:108728007C5D0008845D00088C5D0008945D00088D
:10873800EA5D0008F25D0008FA5D0008025E0008C4
:108748000A5E0008257320253032642F25303264F4
:108758002F25303464000000253032643A25303249
:10876800643A253032640000081C3044586C80009C
:108778000A0D0A0D3D3D3D3D3D3D3D3D3D3D3D3DE7
:108788003D3D3D3D3D3D3D3D3D3D3D3D3D3D3D3D11
:108798003D3D3D3D3D3D3D3D3D3D3D3D3D3D3D3D01
:1087A8003D3D3D3D3D3D3D3D0920202020200A0D19
:1087B8003D3D3D3D3D3D3D3D3D3D3D3D3D3D3D3DE1
:1087C8003D3D3D3D3D3D3D3D3D3D3D3D3D3D3D3DD1
:1087D8003D3D3D3D3D3D3D3D3D3D3D3D3D3D3D3DC1
:1087E8003D3D3D3D0920202020200A0D7C7C202095
:1087F8002020202020202020202057656C636F6DCA
:108808006520746F204269747A4F5320434C492184
:1088180020202020202020202020202020207C7C98
:108828000909200A0D7C7C202020202020202843B4
:108838002920434F505952494748542048455841E8
:108848004249545A20323031372D323032342E20BA
:10885800202020202020207C7C0920202020200A85
:108868000D7C7C202020202020202020202020205B
:1088780020202020202020202020202020202020F0
:1088880020202020202020202020202020202020E0
:108898002020207C7C0909200A0D7C7C20202020B7
:1088A8002020506C6561736520636865636B207474
:1088B80068652070726F6A65637420776562736992
:1088C8007465206174202020202020207C7C0909E8
:1088D800200A0D7C7C202020202020202020202001
:1088E8002020687474703A2F2F6865786162697403
:1088F8007A2E636F6D2F202020202020202020201A
:1089080020202020207C7C0920202020200A0D7C8B
:108918007C202020202020202020202020202020F3
:10892800202020202020202020202020202020203F
:10893800202020202020202020202020202020202F
:10894800207C7C0920202020200A0D7C7C202020EF
:10895800547970652068656C7020666F722061209C
:108968006C697374206F6620617661696C61626CF2
:108978006520636F6D6D616E64732E20207C7C09A9
:1089880020202020200A0D3D3D3D3D3D3D3D3D3D03
:108998003D3D3D3D3D3D3D3D3D3D3D3D3D3D3D3DFF
:1089A8003D3D3D3D3D3D3D3D3D3D3D3D3D3D3D3DEF
:1089B8003D3D3D3D3D3D3D3D3D3D3D092020202087
:1089C800200A0D3D3D3D3D3D3D3D3D3D3D3D3D3D4F
:1089D8003D3D3D3D3D3D3D3D3D3D3D3D3D3D3D3DBF
:1089E8003D3D3D3D3D3D3D3D3D3D3D3D3D3D3D3DAF
:1089F8003D3D3D3D3D3D3D0920202020200A0A0DFA
:108A0800000000000D0A00000D0A5B5072657373C8
:108A180020454E54455220746F20657865637574FF
:108A280065207468652070726576696F7573206358
:108A38006F6D6D616E6420616761696E5D0D0A3EE0
:108A480000000000436F6E6E656374656420746F88
:108A5800206D6F64756C6520256420282573292C8A
:108A680020706F7274205025642E0A0A0D3E000093
:108A7800696620000A43616E6E6F742073746F72AA
:108A880065206D6F726520436F6D6D616E64205354
:108A98006E6970706574732E20506C656173652003
:108AA80064656C657465206578697374696E6720A0
:108AB8006F6E657320616E642074727920616761DE
:108AC800696E2E0A0D000000656E6420696600005C
:108AD800000000000A436F6E646974696F6E616C10
:108AE8002073746174656D656E742061636365706D
:108AF80074656420616E6420616464656420746FC9
:108B080020436F6D6D616E6420536E69707065747B
:108B1800732E0A0D00000000626F730057726F6EAB
:108B280067206D6F64756C65206E616D65212050DE
:108B38006C656173652074727920616761696E2E56
:108B48000A0D000057726F6E67206D6F64756C6553
:108B58002049442120506C65617365207472792026
:108B6800616761696E2E0A0D00000000436F6D6D2C
:108B7800616E642062726F616463617374656420FE
:108B8800746F20616C6C0A0D0000000025734D7530
:108B98006C74696361737420436F6D6D616E6420DA
:108BA800666F7277617264656420746F2067726F94
:108BB80075702025730A0D00757064617465000076
:108BC800436F6D6D616E6420666F72776172646564
:108BD8006420746F204D6F64756C652025640A0DE0
:108BE8000000000025734D6F64756C6520256420B6
:108BF8006973206E6F7420726561636861626C6569
:108C08002E0A0D00636C69636B656400646F75629E
:108C18006C6520636C69636B6564000070726573D2
:108C280073656420666F72200000000072656C65D1
:108C38006173656420666F722000000020000000E8
:108C4800A672000804720008187200082C72000846
:108C58004E7200086272000884720008081C3044D2
:108C6800586C80003D3D003E00003C00003E3D0049
:108C78003C3D00213D00000072756E2D74696D65E4
:108C88002D7374617473000072756E2D74696D654F
:108C98002D73746174733A0D0A20446973706C61A2
:108CA800792061207461626C652073686F77696EE2
:108CB8006720686F77206D7563682070726F6365D1
:108CC8007373696E672074696D65206561636820D8
:108CD8004672656552544F53207461736B20686106
:108CE8007320757365640D0A0D0A0000808C0208F4
:108CF800908C0208AD750008000000007461736B69
:108D08002D737461747300007461736B2D737461D7
:108D180074733A0D0A20446973706C61792061207C
:108D28007461626C652073686F77696E6720746818
:108D380065207374617465206F66206561636820BF
:108D48004672656552544F53207461736B0D0A0D5A
:108D58000A000000048D0208108D02086D750008D5
:108D68000000000070696E670000000070696E679F
:108D78003A0D0A2050696E672061206D6F64756C2A
:108D8800650D0A0D0A0000006C8D0208748D02083A
:108D9800ED750008000000007570646174650000DE
:108DA8007570646174653A0D0A2050757420746892
:108DB80065206D6F64756C6520696E2066616374EB
:108DC8006F727920626F6F746C6F61646572206D69
:108DD8006F646520746F20757064617465206974B0
:108DE80073206669726D776172652E0D0A0A09092A
:108DF8000909090920202D205573652027236E2E87
:108E08007570646174652720746F2075706461746F
:108E1800652072656D6F7465206D6F64756C652073
:108E28006E2E204D616B65207375726520746865C0
:108E38002070726F6772616D6D696E6720706F72F6
:108E4800742069732074686520696E636F6D696E3C
:108E58006720706F7274206F662074686973206D64
:108E68006F64756C652E0D0A090909090909202026
:108E78002D205573652027757064617465207669A7
:108E88006120236E2070782720746F207573652009
:108E980074686520535420466C617368204C6F6178
:108EA80064657220746F6F6C2077697468206D6FC9
:108EB80064756C65206E2C20706F72742078207435
:108EC8006F207570646174652061206E65696768DC
:108ED800626F72206D6F64756C652E2054686973BB
:108EE8002069732075736566756C206966200909A9
:108EF8000909090909746172676574206D6F6475E1
:108F08006C65206973206E6F742070617274206FB5
:108F1800662074686520746F706F6C6F6779206F56
:108F2800722069662070726F6772616D6D696E6715
:108F380020706F7274206973206E6F7420696E20C0
:108F48007468652073686F727465737420706174D7
:108F58006820746F20746172676574206D6F647522
:108F68006C652E0D0A0D0A00A08D0208A88D020856
:108F780089760008FF0000007265736574000000C0
:108F880072657365743A0D0A2052657365742074AE
:108F98006865206D6F64756C650D0A0D0A00000028
:108FA800808F0208888F020885780008000000007A
:108FB8006E616D65000000006E616D653A0D0A20F6
:108FC8004E616D6520746865206D6F64756C6520F1
:108FD8007769746820616E20616C6961732028313B
:108FE8007374207061722E290D0A0D0A00000000AA
:108FF800B88F0208C08F02089578000801000000A9
:1090080067726F757000000067726F75703A0D0AAD
:109018002047726F7570206D756C7469706C65206F
:109028006D6F64756C65732028326E642B207061D7
:10903800722E2920696E746F2061206E6577206F0B
:1090480072206578697374696E672067726F7570CE
:109058002028317374207061722E290D0A0D0A00C0
:1090680008900208109002087D790008FF000000AF
:1090780073746174757300007374617475733A0D59
:109088000A20446973706C6179206D6F64756C6532
:10909800207374617475730D0A0D0A0078900208C4
:1090A80080900208797C000800000000696E666FF5
:1090B80000000000696E666F3A0D0A2044697370FB
:1090C8006C617920617272617920696E666F726D68
:1090D8006174696F6E0D0A0D0A000000B4900208F1
:1090E800BC900208957C000800000000736361735F
:1090F8007400000073636173743A0D0A205374613D
:10910800727420612073696E676C652D6361737476
:1091180020444D412073747265616D2E20536F7524
:1091280072636520706F72742028317374207061C7
:10913800722E292C20736F75726365206D6F6475AC
:109148006C652028326E64207061722E292C206490
:10915800657374696E6174696F6E20706F727420C4
:1091680028337264207061722E292C202020202040
:1091780020202020202020202020202020202020E7
:109188002064657374696E6174696F6E206D6F64B5
:10919800756C652028347468207061722E292C2023
:1091A800646972656374696F6E202827666F7277C9
:1091B800617264272C20276261636B776172642770
:1091C8002C20276269646972656374696F6E616CCB
:1091D80027292028357468207061722E292C207464
:1091E80072616E7366657220636F756E7420286293
:1091F80079746573292028367468207061722E2965
:109208002C207472616E736665722074696D656F67
:10921800757420286D73292028377468207061724E
:109228002E290D0A0D0A0000F4900208FC9002088D
:10923800917D0008070000006164642D62757474F4
:109248006F6E00006164642D627574746F6E3A0D00
:109258000A20446566696E65206120627574746FC2
:109268006E206174206F6E65206F662074686520BB
:10927800617272617920706F7274732E20427574F6
:10928800746F6E20747970652028276D6F6D656E18
:10929800746172792D6E6F272C20276D6F6D656E46
:1092A800746172792D6E63272C20276F6E6F666646
:1092B8002D6E6F272C20276F6E6F66662D6E6327C5
:1092C8002928317374207061722E292C20427574FC
:1092D800746F6E20706F72742028326E6420706113
:1092E800722E290D0A0D0A00409202084C920208BB
:1092F8006D8000080200000072656D6F76652D6252
:109308007574746F6E00000072656D6F76652D62FE
:109318007574746F6E3A0D0A2052656D6F7665200C
:109328006120627574746F6E20746861742077614F
:10933800732070726576696F75736C7920646566E1
:10934800696E6564206174207468697320706F7237
:10935800742028317374207061722E290D0A0D0A49
:10936800000000000093020810930208BD81000865
:1093780001000000736574007365743A0D0A205388
:109388006574206120706172616D65746572202852
:10939800317374207061722E292077697468206196
:1093A80020676976656E2076616C75652028326E57
:1093B80064207061722E290D0A0D0A007C93020840
:1093C8008093020851820008FF000000676574005E
:1093D8006765743A0D0A20476574207468652063D0
:1093E800757272656E742076616C7565206F662083
:1093F8006120706172616D657465722028317374C3
:10940800207061722E290D0A0D0A0000D4930208FB
:10941800D8930208498E0008FF0000006465666161
:10942800756C740064656661756C743A0D0A205435
:10943800797065202764656661756C742070617247
:10944800616D732720746F2073657420616C6C20C4
:10945800706172616D657465727320746F206465E4
:109468006661756C742076616C7565730D0A20549D
:10947800797065202764656661756C742061727205
:1094880061792720746F2072656D6F76652063752A
:109498007272656E7420746F706F6C6F67790D0AE5
:1094A8000D0A0000249402082C940208FD9100087B
:1094B8000100000074696D650000000074696D6545
:1094C8003A0D0A20446973706C6179206375727271
:1094D800656E742074696D6520696E2048483A4D40
:1094E8004D3A53532D6D73656320666F726D6174C9
:1094F8000D0A0D0A00000000BC940208C49402087A
:10950800F19200080000000064617465000000002A
:10951800646174653A0D0A20446973706C6179203E
:1095280063757272656E74206461746520696E205B
:109538005765656B646179204D4D2F44442F595907
:10954800595920666F726D61740D0A0D0A0000008A
:109558001095020818950208C99300080000000039
:109568007365742D62617564726174650000000032
:109578007365742D62617564726174653A0D0A20B1
:109588005365742055415254206261756472617448
:10959800650D0A092831737420706172616D6574F4
:1095A8006572293A20503120746F2050360D0A090F
:1095B80028326E6420706172616D65746572293A33
:1095C8002062617564726174650D0A0D0A000000FD
:1095D8006895020878950208FD93000802000000CB
:1095E8007575696400000000757569643A0D0A2094
:1095F800446973706C6179204D435520756E6971AB
:109608007565205549440D0A0D0A0000E8950208C1
:10961800F0950208BD940008000000006964636FBB
:10962800646500006964636F64653A0D0A204469E3
:1096380073706C6179204D4355204944434F44452C
:1096480020284445565F494420616E64205245569F
:109658005F4944290D0A0D0A0000000024960208FB
:109668002C9602082D95000800000000666C6173B6
:10967800682D73697A650000666C6173682D73697B
:109688007A653A0D0A20446973706C6179204D43FC
:109698005520466C6173682073697A6520696E206D
:1096A8004B62797465730D0A0D0A000074960208FE
:1096B800809602080D96000800000000736E69701D
:1096C80000000000736E69703A0D0A2044697370D7
:1096D8006C61792061206C697374206F66207374E3
:1096E8006F72656420436F6D6D616E6420536E699F
:1096F800707065747320746F2065646974206F726C
:109708002064656C6574650D0A0D0A00C49602082C
:10971800CC96020841960008000000006163742D91
:10972800736E6970000000006163742D736E697058
:109738003A0D0A204163746976617465206120439B
:109748006F6D6D616E6420536E69707065740D0A7B
:109758000D0A00002497020830970208ED990008C6
:109768000100000070617573652D736E69700000EB
:1097780070617573652D736E69703A0D0A205061BA
:10978800757365206120436F6D6D616E6420536E43
:1097980069707065740D0A0D0A0000006C97020864
:1097A80078970208A59A00080100000064656C2DEE
:1097B800736E69700000000064656C2D736E6970CB
:1097C8003A0D0A2044656C657465206120436F6D0D
:1097D8006D616E6420536E69707065740D0A0D0AB0
:1097E80000000000B4970208C09702085D9B0008BB
:1097F8000100000062726964676500006272696452
:1098080067653A0D0A204272696467652074776F4C
:1098180020617272617920706F7274730D0A0D0A7B
:1098280000000000FC97020804980208319D000817
:1098380002000000756E62726964676500000000CE
:10984800756E6272696467653A0D0A20556E2D62FD
:1098580072696467652074776F206172726179201C
:10986800706F7274730D0A0D0A0000003C980208AC
:10987800489802084D9E0008020000007465737441
:109888002D706F7274000000746573742D706F72A0
:10989800743A0D0A207465737420706F72742066B0
:1098A800756E6374696F6E616C6974792E20796F57
:1098B800752063616E2063686F6F736520656974D6
:1098C80068657220746F2074657374206F6E6520EC
:1098D800737065636966696320706F7274206F7254
:1098E80020746F207465737420616C6C20706F72C3
:1098F80074732E20706C65617365207479706520AF
:1099080050782077686572652078207374616E647A
:109918007320666F7220746865206E756D6265725B
:10992800206F6620706F7274206F72207479706572
:10993800203C616C6C3E20746F20746573742061E8
:109948006C6C20706F72740D0A0D0A0084980208FE
:1099580090980208699F0008010000007265616420
:109968002D61646300000000726561642D616463A9
:109978003A0D0A2052656164204144432056616CC7
:1099880075652066726F6D20506F72742032206F7B
:109998007220506F7274203320616E642063686F88
:1099A8006F736520746865207369646520776865DE
:1099B8007265617320746F70206F7220626F7474A7
:1099C8006F6D0D0A0D0A000064990208709902086B
:1099D80051A2000802000000726561642D74656D73
:1099E80070000000726561642D74656D703A0D0A2F
:1099F800205265616420696E7465726E616C2074B2
:109A0800656D70657261747572650D0A0D0A0000E6
:109A1800E0990208EC99020885A3000800000000FC
:109A2800726561642D767265660000007265616416
:109A38002D767265663A0D0A205265616420696E5A
:109A48007465726E616C207265666572656E6365B9
:109A580020566F6C746167650D0A0D0A00000000DE
:109A6800289A0208349A0208D9A3000800000000C6
:109A7800726561642D6164632D70657263656E74CF
:109A880061676500726561642D6164632D7065723C
:109A980063656E746167653A0D0A204765742070C6
:109AA800657263656E746167652076616C756520A3
:109AB80066726F6D20706F72742032206F72207022
:109AC8006F727420330D0A0D0A000000789A02089C
:109AD8008C9A02082DA40008010000005461736BE1
:109AE800205374617465205072696F7269747920AB
:109AF800537461636B20230D0A2A2A2A2A2A2A2AE8
:109B08002A2A2A2A2A2A2A2A2A2A2A2A2A2A2A2AAD
:109B18002A2A2A2A2A2A2A2A2A2A2A2A2A2A2A2A9D
:109B28002A2A2A2A2A2A2A2A2A0D0A005461736B09
:109B3800204162732054696D6520252054696D6544
:109B48000D0A2A2A2A2A2A2A2A2A2A2A2A2A2A2AAA
:109B58002A2A2A2A2A2A2A2A2A2A2A2A2A2A2A2A5D
:109B68002A2A2A2A2A2A2A2A2A2A0D0A0000000032
:109B7800766961004D6F64756C6573205B00000049
:109B88002C2000000A0D4E756D626572206F6620EC
:109B98006D6F64756C65733A2025640A00000000D7
:109BA8000A0D417272617920746F706F6C6F6779FA
:109BB8003A0A0000436F756C64206E6F74207265FA
:109BC800616420706F72747320646972656374696C
:109BD8006F6E20666F7220736F6D65206D6F647590
:109BE8006C65732120506C656173652074727920EF
:109BF800616761696E0A0D0020000000666F727768
:109C0800617264006261636B7761726400000000D6
:109C18006269646972656374696F6E616C000000E3
:109C28006D6F6D656E746172792D6E6F0000000046
:109C38006D6F6D656E746172792D6E630000000042
:109C48006F6E6F66662D6E6F000000006F6E6F6638
:109C5800662D6E6300000000626F732E0000000026
:109C6800726573706F6E736500000000616C6C0044
:109C78006D65737361676500636C69006E6F6E650F
:109C8800000000007472616365000000636C696223
:109C980061756472617465006465626F756E636591
:109CA8000000000073696E676C65636C69636B74B0
:109CB800696D65006D696E696E746572636C696360
:109CC8006B74696D650000006D6178696E7465720A
:109CD800636C69636B74696D65000000616D0000F9
:109CE800706D00006D6F6E64617900007475657346
:109CF800646179007765646E65736461790000005A
:109D08007468757273646179000000006672696432
:109D180061790000736174757264617900000000F4
:109D280073756E64617900006A616E75617279009D
:109D3800312000006665627275617279000000006A
:109D4800322000006D61726368000000332000005B
:109D5800617072696C000000342000006D61790048
:109D6800352000006A756E6500000000362000008E
:109D78006A756C790000000037200000617567750E
:109D8800737400003820000073657074656D626537
:109D980072000000392000006F63746F6265720002
:109DA800313000006E6F76656D62657200000000EC
:109DB80031310000646563656D6265720000000002
:109DC800313200006D73670025640A0D0000000041
:109DD80025732325640A0D00706172616D7300009C
:109DE8006172726179000000414D0000504D000021
:109DF800257300000D0A000053544D3332463033AA
:109E08007800000053544D33324630347800000057
:109E180053544D33324630357800000053544D3397
:109E2800324630377800000053544D3332463039CB
:109E380078000000554E4B4E4F574E008295000853
:109E4800B2950008A2950008B2950008629500082E
:109E580072950008B2950008B2950008929500081E
:109E6800506175736564004163746976650000002C
:109E780048000000746F7000626F74746F6D0000AA
:109E88004144435F56616C75653D2575200D0A0098
:109E9800696E7465726E616C2074656D706572614F
:109EA8007475726520697320252E326643200D0A69
:109EB80000000000696E7465726E616C20726566E0
:109EC8006572656E636520766F6C7461676520697D
:109ED800733D252E326656200D0A0000414443206A
:109EE80076616C75652070657263656E746167650F
:109EF8002069733D252E3266252520250D0A000090
:109F080048692066726F6D206D6F64756C652025D9
:109F1800640D0A0048692066726F6D206D6F647564
:109F28006C6520256420282573290D0A000000008F
:109F3800557064617465206669726D776172652019
:109F4800666F72206D6F64756C652025640A0D005C
:109F580057726F6E672076616C7565210A0D000077
:109F68004D6F64756C65202564206973206E616D82
:109F780065642025730A0D0025732069732061200C
:109F8800726573657276656420424F53206B6579FC
:109F9800776F72642120506C6561736520757365F5
:109FA800206120646966666572656E7420616C69FB
:109FB80061730A0D00000000257320697320616C2D
:109FC800726561647920757365642120506C6561E0
:109FD80073652075736520612064696666657265BE
:109FE8006E7420616C6961730A0D00002573206925
:109FF8007320616E206578697374696E6720434CBD
:10A008004920636F6D6D616E642120506C656173CA
:10A018006520757365206120646966666572656E82
:10A028007420616C6961730A0D0000002573206952
:10A038007320612077726F6E67206D6F64756C6531
:10A04800204944206F7220616C6961730A0D000019
:10A05800506C6561736520656E74657220736F6DF1
:10A0680065206D6F64756C652049447320746F209A
:10A0780061646420746F2025730A0D005D2061649B
:10A0880064656420746F206E65772067726F7570E1
:10A098002025730A0D0000005D206164646564205A
:10A0A800746F206578697374696E672067726F755D
:10A0B800702025730A0D0000416374697661746924
:10A0C8006E6720612025732073696E676C652D6348
:10A0D80061737420444D412073747265616D20660C
:10A0E800726F6D2050256420696E206D6F64756CE9
:10A0F8006520257320746F2050256420696E206DBB
:10A108006F64756C652025732E2054686520737400
:10A118007265616D2077696C6C2064656163746930
:10A1280076617465206166746572202564206279A1
:10A13800746573206F72202564206D730A0D00000A
:10A1480041206E657720257320627574746F6E20C8
:10A158006E616D65642042256420776173206465B3
:10A1680066696E656420617420706F727420502572
:10A17800640A0D00427574746F6E2042256420775E
:10A1880061732072656D6F7665642066726F6D20ED
:10A19800706F7274205025640A0D000025732077B3
:10A1A80061732073657420746F2025730A0D000095
:10A1B8000A596F75206D75737420726573746172B6
:10A1C8007420746F20656E61626C65207468652008
:10A1D8006E65772062617564726174652E0A0D0080
:10A1E80054686973206166666563747320616C6C7A
:10A1F80020706F7274732E20496620796F75206302
:10A2080068616E676520746869732076616C75652E
:10A218002066726F6D2064656661756C742C200908
:10A228000909090909090909090909202020796F7B
:10A2380075206D75737420636F6E6E65637420741A
:10A248006F206120434C4920706F7274206F6E201C
:10A2580065616368207374617274757020746F200F
:10A26800726573746F7265206F74686572206172AD
:10A2780072617920706F72747320696E746F2064D4
:10A28800656661756C742062617564726174650AD3
:10A298000D00000057726F6E6720706172616D6506
:10A2A800746572210A0D000025730A0D0000000074
:10A2B80025732067726F757020646F6573206E6FE9
:10A2C80074206578697374210A0D000047726F75F0
:10A2D80070202573206D656D626572733A0A0D00F2
:10A2E80025732069732073657420746F206120774B
:10A2F800726F6E672076616C7565210A0D0000002B
:10A30800416C6C20706172616D6574657273207345
:10A31800657420746F2064656661756C742076615D
:10A328006C7565730A0D000043757272656E742052
:10A33800617272617920746F706F6C6F67792077C2
:10A3480061732072656D6F7665642E20506C65614F
:10A358007365207265626F6F7420616C6C206D6F1D
:10A3680064756C65730A0D0043757272656E7420AE
:10A3780074696D6520697320253032643A2530325E
:10A38800643A253032642D253033640A0D0000000C
:10A3980043757272656E742074696D6520697320E7
:10A3A800253032643A253032643A253032642D251E
:10A3B8003033642025730A0D000000004375727263
:10A3C800656E7420646174652069732025730A0DB5
:10A3D8000000000057726F6E6720706172616D65D2
:10A3E800746572210D0A00004261756472617465BA
:10A3F80020666F7220706F72742050256420776118
:10A40800732073657420746F2025640D0A000000A2
:10A418004D435520555549442069730A0D000000E5
:10A428004D4355204445565F4944206973202573A0
:10A438000A0D000025734D4355205245565F494487
:10A448002069732025642E300A0D00004D435520E5
:10A45800466C6173682073697A6520697320256486
:10A46800204B62797465730A0D00000054686520FA
:10A47800666F6C6C6F77696E6720436F6D6D616E88
:10A488006420536E697070657473206172652073FF
:10A49800746F72656420696E206D656D6F72793AAC
:10A4A8000A0A0D005B253032645D2025730A0D0011
:10A4B80025736966206225642E636C69636B656425
:10A4C8000000000025736966206225642E646F759C
:10A4D800626C6520636C69636B65640025736966EB
:10A4E800206225642E7072657373656420666F72CE
:10A4F8002025640025736966206225642E72656CC8
:10A50800656173656420666F722025640000000031
:10A518002573696620257320257320252E31660052
:10A5280025730A0D092573000A0D656E6420696696
:10A538000A0A0D00546F2064656C657465206120FB
:10A54800536E69707065742C20747970653A206454
:10A55800656C2D736E697020780A0D546F206163E5
:10A56800746976617465206120536E6970706574D2
:10A578002C20747970653A20090909090909090923
:10A588000909090909096163742D736E69702078D6
:10A598000A0D546F207061757365206120536E69D0
:10A5A800707065742C20747970653A2070617573C9
:10A5B800652D736E697020780A0A0D776865726573
:10A5C80020782069732074686520536E69707065FF
:10A5D80074206E756D6265722066726F6D20746886
:10A5E80065206C6973740A0D00000000536E697071
:10A5F800706574207761732061637469766174652E
:10A60800642E205479706520736E697020746F20F1
:10A61800766965772075706461746564206C697308
:10A62800740A0D0054686520536E69707065742053
:10A638006E756D62657220776173206E6F74206627
:10A648006F756E640A0D0000536E69707065742032
:10A65800776173207061757365642E205479706515
:10A6680020736E697020746F207669657720757025
:10A678006461746564206C6973740A0D00000000DD
:10A68800536E6970706574207761732064656C65BA
:10A698007465642E205479706520736E6970207417
:10A6A8006F20766965772075706461746564206CC5
:10A6B8006973740A0D00000050256420616E6420DF
:10A6C8005025642061726520627269646765642040
:10A6D800746F6765746865720A0D000057726F6E53
:10A6E800672073796E7461780A0D0000506F727478
:10A6F800206272696467696E67206661696C656467
:10A708000A0D000050256420616E642050256420E5
:10A7180061726520756E2D627269646765640A0DE1
:10A7280000000000506F727420756E627269646771
:10A73800696E67206661696C65640A0D0000000037
:10A7480050256420697320776F726B696E67206388
:10A758006F72726563746C790A0D0000502564206D
:10A7680074657374206661696C65640A0D00000085
:10A77800506C656173652073686F7274656E2074C0
:10A788006865206E65787420706F727420616E64DD
:10A7980020707265737320616E79206B65792074FF
:10A7A8006F20636F6E74696E756520746573746964
:10A7B8006E6720746865206E657874206F6E650A10
:10A7C8000D0A0D0074686520706F7274206E756DC7
:10A7D8006265722069732077726F6E670A0D0000D8
:10A7E80057726F6E6720506172616D657465720A89
:10A7F8000D00000057726F6E6720506F7274206EE4
:10A80800756D626572200A0D00000000081C304456
:10A81800586C800044656661756C745461736B0094
:10A828004261636B456E645461736B005573657266
:10A838005461736B00000000436C695461736B00D2
:10A8480050314D73675461736B00000050324D7383
:10A85800675461736B00000050334D736754617324
:10A868006B00000050344D73675461736B00000037
:10A8780050354D73675461736B00000050364D734B
:10A88800675461736B000000081C3044586C8000EA
:10A8980053747265616D54696D657200DAB20008AF
:10A8A8007AB200088AB200089AB20008AAB2000870
:10A8B800BAB20008CAB20008081C3044586C8000BC
:10A8C80048692066726F6D206D6F64756C65202510
:10A8D800640D0A0048692066726F6D206D6F64759B
:10A8E8006C6520256420282573290D0A00000000C6
:10A8F800746F7000626F74746F6D0000601A0108E5
:10A908003ACD000872CD0008F0CD000844CE00080A
:10A9180056CE0008BC190108BC190108BC19010869
:10A92800BC19010868CE00084ECF0008BC19010800
:10A93800BC19010854D4000898D7000816D5000897
:10A94800E4D50008BC190108BCD60008D0D6000818
:10A9580044D9000856D900086AD90008D6DA000890
:10A96800D4DB0008EADB000880DC000888E4000883
:10A97800BC19010894E6000852EE000888F50008A2
:10A98800AC06010888F50008D60601083407010856
:10A99800BC190108BC190108BC190108AA0B010857
:10A9A800480C0108480C0108540C0108C00D0108A6
:10A9B800CA0D0108D40D01082619010872190108E9
:10A9C80040EE00087CE70008A0E70008C6E700089A
:10A9D800FEE7000848E8000896E80008E4E80008F0
:10A9E8007CE7000846EE00081CEA000840EA000878
:10A9F80066EA00089EEA0008D6EA000824EB000888
:10AA080072EB00081CEA00084CEE00089CEC0008F9
:10AA1800C0EC0008E6EC00081EED000856ED000842
:10AA2800A4ED0008F2ED00089CEC0008C4EE000854
:10AA3800CCEE00080CEF000870EF0008D6EF000815
:10AA48003CF00008E0F0000884F10008CCEE0008B3
:10AA580070F500085EF2000892F20008C8F20008DB
:10AA680030F300088AF300082CF40008CEF400083C
:10AA78005EF2000866FE00083EF600083AF7000895
:10AA880020F8000830F9000850FA0008A2FB000876
:10AA9800F4FC00083EF600086C03010848000108B1
:10AAA80076000108A60001080001010878010108E4
:10AAB80018020108B80201084800010856060108F2
:10AAC800E6030108E6030108340401083404010818
:10AAD800A8040108A80401087C050108E603010888
:10AAE8000E0E01082C0F0108001001088C10010837
:10AAF800D0110108901201088413010858160108A2
:10AB08005A0E0108081C3044586C800000000000F0
:10AB1800544F465461736B00081C3044586C8000D5
:10AB28001244010852440108D6430108F4430108BD
:10AB380092440108D4440108164501085845010803
:10AB4800BC450108FA450108626F74746F6D000016
:10AB5800746F7000081C3044586C80005265737420
:10AB6800617274696E672E2E2E0D0A004861726438
:10AB78004661756C74204572726F720D0A00000090
:10AB8800537461636B204F766572666C6F770D0A3C
:10AB980000000000486561702073697A6520657857
:10ABA8006365656465640D0A00000000081C304494
:10ABB800586C8000536570202037203230323400C2
:10ABC80031353A31343A343300000000081C30443F
:10ABD800586C8000FE700108E6700108EA700108F0
:10ABE800EE700108F2700108F6700108FA700108A9
:10ABF800081C3044586C8000000000000000000071
:10AC0800000000000000000000000000000000003C
:10AC18000000000000000000010000000200000029
:10AC28000300000004000000060000000700000008
:10AC380008000000090000000000000000000000FB
:10AC480000000000000000000100000002000000F9
:10AC58000300000004000000081C3044586C800009
:10AC680068656C70000000000D0A68656C703A0D2C
:10AC78000A204C6973747320616C6C2074686520B9
:10AC88007265676973746572656420636F6D6D6161
:10AC98006E64732E2054797065202768656C702067
:10ACA800706172616D732720746F206C69737420F2
:10ACB800617661696C61626C6520706172616D6555
:10ACC8007465727320616E6420746865697220709F
:10ACD8006F737369626C652076616C7565730D0AB4
:10ACE8000D0A000068AC020870AC02089D770108E4
:10ACF800FF000000496E636F727265637420636FB2
:10AD08006D6D616E6420706172616D657465722825
:10AD180073292E2020456E746572202268656C7038
:10AD28002220746F20766965772061206C697374BE
:10AD3800206F6620617661696C61626C6520636F63
:10AD48006D6D616E64732E0D0A0D0A00436F6D6D93
:10AD5800616E64206E6F74207265636F676E6973CD
:10AD680065642E2020456E746572202268656C70BB
:10AD78002220746F20766965772061206C6973746E
:10AD8800206F6620617661696C61626C6520636F13
:10AD98006D6D616E64732E0D0A0D0A00706172612B
:10ADA8006D73000049444C45000000000925630903
:10ADB80025750925750925750D0A0000A89C010847
:10ADC800B29C0108BC9C0108C69C0108D09C0108E3
:10ADD8000925750909257525250D0A00092575090F
:10ADE800093C3125250D0A00DA9F01089C9F0108BE
:10ADF800AA9F0108B69F0108BE9F0108E2A00108AA
:10AE0800A4A00108B2A00108BEA00108C6A00108BC
:10AE1800546D7220537663005CA601085CA6010895
:10AE28005CA60108C0A60108D4A6010804A7010869
:10AE38005CA601085CA60108C0A60108D4A6010802
:10AE4800546D725100000000081C3044586C80009A
:10AE5800010002000400060008000A000C001000AF
:10AE68002000400080000001081C3044586C80001D
:10AE7800010101030701000008040204080101019F
:10AE8800301800081E180008FC17000826180008CB
:10AE9800FC170008F61A0008FC1700082618000816
:10AEA8001E1800081E180008F61A000826180008C0
:10AEB800E8170008E8170008E81700086E1B0008E4
:10AEC8002E00000035000000CEFBFFFFCB03000082
:10AED800010000000000000034000000CEFBFFFF6E
:10AEE800CB0300000100000000000000000000008B
:10AEF800BC89D897B2D29C3C33A7A8D523F6493948
:10AF08003DA7F444FD0FA5329D978CCF08BA5B2569
:10AF1800436FAC64280668110020202020202020E0
:10AF280020202828282828202020202020202020F1
:10AF38002020202020202020208810101010101001
:10AF4800101010101010101010040404040404044D
:10AF580004040410101010101010414141414141E7
:10AF680001010101010101010101010101010101C9
:10AF780001010101101010101010424242424242D9
:10AF88000202020202020202020202020202020299
:10AF98000202020210101010200000000000000041
:10AFA8000000000000000000000000000000000099
:10AFB8000000000000000000000000000000000089
:10AFC8000000000000000000000000000000000079
:10AFD8000000000000000000000000000000000069
:10AFE8000000000000000000000000000000000059
:10AFF8000000000000000000000000000000000049
:10B008000000000000000000000000000000000038
:10B018000000000000000000004300504F53495852
:10B028000042616C6C6F632073756363656564656A
:10B0380064002F6275696C642F676E752D746F6F6D
:10B048006C732D666F722D73746D33325F31312ED0
:10B05800332E72656C312E32303233303931322D25
:10B06800313630302F7372632F6E65776C69622FBB
:10B078006E65776C69622F6C6962632F7374646C98
:10B0880069622F6764746F612D6765746865782ECF
:10B0980063002F6275696C642F676E752D746F6F0E
:10B0A8006C732D666F722D73746D33325F31312E70
:10B0B800332E72656C312E32303233303931322DC5
:10B0C800313630302F7372632F6E65776C69622F5B
:10B0D8006E65776C69622F6C6962632F7374646C38
:10B0E80069622F6D707265632E63000000000000B6
:10B0F8000080E03779C34143176E05B5B5B893466C
:10B10800F5F93FE9034F384D321D30F94877825A37
:10B118003CBF737FDD4F1575000000000000F03F55
:10B12800000000000000244000000000000059401A
:10B138000000000000408F40000000000088C3406D
:10B1480000000000006AF8400000000080842E41E2
:10B1580000000000D01263410000000084D797412E
:10B168000000000065CDCD41000000205FA0024234
:10B17800000000E876483742000000A2941A6D42A9
:10B18800000040E59C30A2420000901EC4BCD6429C
:10B1980000003426F56B0C430080E03779C3414347
:10B1A80000A0D8855734764300C84E676DC1AB43BD
:10B1B800003D9160E458E143408CB5781DAF1544DB
:10B1C80050EFE2D6E41A4B4492D54D06CFF08044B6
:10B1D800F64AE1C7022DB544B49DD9794378EA44CB
:10B1E80005000000190000007D000000494E4600DF
:10B1F800696E66004E414E006E616E00303132332A
:10B208003435363738396162636465660030313207
:10B2180033343536373839414243444546003000E7
:10B228002020202020202020202020202020202016
:10B238003030303030303030303030303030303006
:10B248002C2066756E6374696F6E3A2000617373A3
:10B25800657274696F6E2022257322206661696C9D
:10B2680065643A2066696C6520222573222C206C5F
:10B27800696E65202564257325730A00496E666921
:10B288006E697479004E614E002F6275696C642F87
:10B29800676E752D746F6F6C732D666F722D737476
:10B2A8006D33325F31312E332E72656C312E323070
:10B2B8003233303931322D313630302F7372632FBB
:10B2C8006E65776C69622F6E65776C69622F6C6941
:10B2D80062632F7374646C69622F64746F612E6388
:10B2E8000020202020202020202020202020202076
:10B2F8002030303030303030303030303030303056
:04B308003000000011
:08B30C00E453FD7F0100000085
:08B3140045330208E9000008BE
:04B31C00C100000864
:10B3200017000000000013000000000000001500DE
:10B33000000000000B000000000000001E003200B2
:10B3400005FA000000100E000018000000000000C8
:10B35000000000000000000060000000000001008C
:10B3600017000000987F02089C7F0208A07F020857
:10B37000A47F0208A87F0208AC7F0208B07F020801
:10B38000B47F0208B87F0208BC7F0208C07F0208B1
:10B39000C47F0208C87F0208D07F0208D87F020855
:10B3A000E47F0208F07F0208F87F020804800208A8
:10B3B0000C800208FC800208308102086C810208BF
:10B3C0000201FF0184820208B0820208DC820208C6
:10B3D000B0830208DC830208088402083084020873
:10B3E000170000000000130000000000000015001E
:10B3F000000000000B000000000000007887020839
:10B400000C8A0208108A02081700000000001300CE
:10B410000000000000001500000000000B0000000C
:10B4200000000000089F02081C9F0208389F0208C5
:10B43000589F0208689F0208809F0208C09F020868
:10B44000F49F020834A0020858A0020884A0020851
:10B45000A0A00208809F0208C09F0208F49F020873
:10B46000C0A0020848A102087CA10208A4A1020809
:10B47000B8A10208E8A102089CA20208589F02088D
:10B48000B0A20208B8A20208D4A202089CA2020834
:10B49000E8A2020808A3020830A30208589F020885
:10B4A00070A3020898A30208C4A30208DCA3020840
:10B4B000F0A3020818A4020828A402083CA4020869
:10B4C00054A4020874A40208ACA40208B8A4020898
:10B4D000CCA40208E4A40208FCA4020818A50208EF
:10B4E00028A5020830A502083CA50208F4A5020818
:10B4F0002CA6020850A602082CA6020888A602085C
:10B500002CA60208C0A60208E4A60208F4A60208B7
:10B510000CA70208E4A602082CA7020848A7020804
:10B5200064A7020878A70208CCA70208E4A60208CC
:10B53000E8A70208FCA70208FCA702081700000001
:10B5400000001300000000000000150000000000D3
:10B550000B000000000000001700000000001300B6
:10B560000000000000001500000000000B000000BB
:10B5700000000000000000000700000014AB0208FB
:10B58000170000000000130000000000000015007C
:10B59000000000000B0000000000000064AB020887
:10B5A0000024F40017000000000013000000000059
:10B5B00000001500000000000B000000000000006B
:10B5C000ECAC020800000000A0020020AAAAAAAA6F
:10B5D0000400000001000000000000000000000066
:10B5E000B8020020B8020020C0020020C0020020E3
:10B5F000C8020020C8020020D0020020D002002093
:10B60000D8020020D8020020E0020020E002002042
:10B61000E8020020E8020020F0020020F0020020F2
:10B62000F8020020F80200200003002000030020A0
:10B63000080300200803002010030020100300204E
:10B6400018030020180300202003002020030020FE
:10B6500028030020280300203003002030030020AE
:10B66000380300203803002040030020400300205E
:10B67000480300204803002050030020500300200E
:10B6800058030020580300206003002060030020BE
:10B69000680300206803002070030020700300206E
:10B6A000780300207803002080030020800300201E
:10B6B00088030020880300209003002090030020CE
:10B6C0009803002098030020A0030020A00300207E
:10B6D000A8030020A8030020B0030020B00300202E
:10B6E000B8030020B8030020C0030020C0030020DE
:10B6F000C8030020C8030020D0030020D00300208E
:10B70000D8030020D8030020E0030020E00300203D
:10B71000E8030020E8030020F0030020F0030020ED
:10B72000F8030020F803002000040020000400209B
:10B730000804002008040020100400201004002049
:10B7400018040020180400202004002020040020F9
:10B7500028040020280400203004002030040020A9
:10B760003804002038040020400400204004002059
:10B770004804002048040020500400205004002009
:10B7800058040020580400206004002060040020B9
:10B790006804002068040020700400207004002069
:10B7A0007804002078040020800400208004002019
:10B7B00088040020880400209004002090040020C9
:10B7C0009804002098040020A0040020A004002079
:10B7D000A8040020A8040020B0040020B004002029
:10B7E000B8040020B8040020C0040020C0040020D9
:10B7F000C8040020C8040020D0040020D004002089
:10B80000D8040020D8040020E0040020E004002038
:10B81000E8040020E8040020F0040020F0040020E8
:10B82000F8040020F8040020000500200005002096
:10B830000805002008050020100500201005002044
:10B8400018050020180500202005002020050020F4
:10B8500028050020280500203005002030050020A4
:10B860003805002038050020400500204005002054
:10B870004805002048050020500500205005002004
:10B8800058050020580500206005002060050020B4
:10B890006805002068050020700500207005002064
:10B8A0007805002078050020800500208005002014
:10B8B00088050020880500209005002090050020C4
:10B8C0009805002098050020A0050020A005002074
:10B8D000A8050020A8050020B0050020B005002024
:10B8E000B8050020B8050020C0050020C0050020D4
:10B8F000C8050020C8050020D0050020D005002084
:10B90000D8050020D8050020E0050020E005002033
:10B91000E8050020E8050020F0050020F0050020E3
:10B92000F8050020F8050020000600200006002091
:10B93000080600200806002010060020100600203F
:10B9400018060020180600202006002020060020EF
:10B95000280600202806002030060020300600209F
:10B96000380600203806002040060020400600204F
:10B9700048060020480600205006002050060020FF
:10B9800058060020580600206006002060060020AF
:10B99000680600206806002070060020700600205F
:10B9A000780600207806002080060020800600200F
:10B9B00088060020880600209006002090060020BF
:10B9C0009806002098060020A0060020A00600206F
:10B9D000A8060020A8060020B0060020B00600201F
:10B9E000FFFFFFFF00000200000000000300000056
:10B9F000009701204300000000000000000000004C
:10BA00000000000000000000000000000000000036
:10BA100000000000430000000000000000000000E3
:10BA20000000000000000000000000000000000016
:10BA300000000000430000000000000000000000C3
:10BA400000000000000000000000000000000000F6
:10BA500000000000430000000000000000000000A3
:10BA600000000000000000000000000000000000D6
:10BA70000000000043000000000000000000000083
:10BA800000000000000000000000000000000000B6
:10BA90000000000043000000000000000000000063
:10BAA0000000000000000000000000000000000096
:10BAB0000000000043000000000000000000000043
:10BAC0000000000000000000000000000000000076
:10BAD000000000002B450208313C02080000000075
:10BAE00020AF0208C8AE020883B2020883B202087F
:10BAF00083B2020883B2020883B2020883B202084A
:10BB000083B2020883B2020883B20208FFFFFFFF7C
:10BB1000FFFFFFFFFFFFFFFFFFFF0000010041539A
:10BB20004349490000000000000000000000000040
:10BB30000000000000000000000000000000415371
:10BB40004349490000000000000000000000000020
:10BB500000000000000000000000000000000000E5
:10BB6000000000000097012068970120D097012075
:10BB700000000000000000000000000000000000C5
:10BB800000000000000000000000000000000000B5
:10BB900000000000000000000000000000000000A5
:10BBA0000000000000000000000000000000000095
:10BBB0000000000000000000000000000000000085
:10BBC0000000000000000000000000000000000075
:10BBD0000000000000000000000000000000000065
:10BBE0000000000000000000000000000000000055
:10BBF0000000000000000000010000000000000044
:10BC00000E33CDAB34126DE6ECDE05000B00000008
:10BC10000000000000000000000000000000000024
:10BC20000000000000000000000000000000000014
:10BC30000000000000000000000000000000000004
:10BC400000000000000000000000000000000000F4
:10BC500000000000000000000000000000000000E4
:10BC600000000000000000000000000000000000D4
:10BC700000000000000000000000000000000000C4
:10BC8000400800204098012080B588B000AF78605F
:10BC900039601F23FB1800221A707B68BB613B6868
:10BCA0007B611A4B5A69194B8021C9020A435A61B8
:10BCB000EFF31083FB60FB683B6172B6C0460FE098
:10BCC0007A69BB6912681A607B6904337B61BB695E
:10BCD0000433BB611F217B181A787B1801321A705C
:10BCE0001F23FB181B783F2BEAD9C046074B1A6964
:10BCF000C0239B021340F9D13B69BB60BB6883F34F
:10BD00001088C046C046BD4608B080BD0020024035
:06BD10000000000000002D
:040000050801731962
:00000001FF
